ts,interval,accx,accy,accz,accGx,accGy,accGz,alpha,beta,gamma
1698673399009.0,16,0.1,0.4,-0.2,1.6,9.700000000000001,0.4,27.2,10.8,11.5
1698673399026.0,16,0.0,0.7000000000000001,0.1,1.4000000000000001,10.0,0.7000000000000001,26.3,15.8,14.3
1698673399042.0,16,-0.1,1.3,0.4,1.5,10.3,0.8,25.900000000000002,20.3,15.100000000000001
1698673399059.0,16,-0.2,1.5,0.4,1.3,10.8,0.9,26.500000000000004,24.6,15.399999999999999
1698673399076.0,16,0.0,1.2000000000000002,0.6000000000000001,1.5,10.5,1.0,27.6,15.6,15.399999999999999
1698673399093.0,16,-0.1,0.8,0.7000000000000001,1.5,10.100000000000001,1.1,26.9,10.2,16.2
1698673399109.0,16,-0.6000000000000001,-0.8,0.6000000000000001,1.1,8.5,0.9,13.100000000000001,19.1,27.3
1698673399125.0,16,-0.7000000000000001,-1.2000000000000002,0.6000000000000001,1.0,8.1,0.9,6.3,19.6,31.3
1698673399142.0,16,-1.1,-1.3,0.4,0.8,8.0,0.8,-6.5,11.4,36.0
1698673399159.0,16,-1.4000000000000001,-0.8,0.5,0.6000000000000001,8.5,0.9,-16.1,0.1,39.699999999999996
1698673399176.0,16,-1.6,-0.4,0.5,0.4,8.8,0.9,-19.1,-4.1000000000000005,40.7
1698673399192.0,16,-1.7000000000000002,-0.1,0.4,0.4,9.1,0.9,-20.4,-8.799999999999999,39.2
1698673399211.0,16,-1.8,0.0,0.30000000000000004,0.4,9.1,0.8,-19.9,-9.200000000000001,36.7
1698673399226.0,16,-1.8,-0.1,0.0,0.4,9.1,0.5,-18.8,-11.8,29.400000000000002
1698673399242.0,16,-1.6,-0.2,-0.1,0.8,8.9,0.5,-18.1,-16.0,20.3
1698673399260.0,16,-0.8,-0.1,0.0,1.5,9.0,0.6000000000000001,-17.1,-14.500000000000002,13.200000000000001
1698673399276.0,16,-0.5,-0.1,-0.1,1.9000000000000001,8.9,0.6000000000000001,-16.6,-12.100000000000001,10.2
1698673399292.0,16,0.0,-0.1,-0.2,2.4000000000000004,9.0,0.5,-15.299999999999999,-10.5,5.9
1698673399309.0,16,0.1,0.0,-0.2,2.5,9.1,0.5,-14.3,-10.9,4.6000000000000005
1698673399326.0,16,0.4,0.2,-0.30000000000000004,2.9000000000000004,9.200000000000001,0.5,-11.4,-11.4,3.2
1698673399342.0,16,0.8,0.1,-0.2,3.2,9.200000000000001,0.6000000000000001,-8.4,-7.9,0.9
1698673399359.0,16,1.0,0.0,-0.2,3.5,9.0,0.5,-4.0,-3.8,-1.0999999999999999
1698673399376.0,16,1.1,-0.1,-0.30000000000000004,3.6,9.0,0.5,-2.0,-4.1000000000000005,-1.5000000000000002
1698673399392.0,16,1.2000000000000002,-0.30000000000000004,-0.4,3.7,8.8,0.4,1.2000000000000002,-10.9,-2.1999999999999997
1698673399409.0,16,1.3,-0.4,-0.30000000000000004,3.8000000000000003,8.700000000000001,0.5,2.4000000000000004,-13.3,-2.0
1698673399426.0,16,1.4000000000000001,-0.7000000000000001,-0.1,3.9000000000000004,8.4,0.6000000000000001,5.9,-11.5,-1.0999999999999999
1698673399442.0,16,1.4000000000000001,-0.9,-0.2,3.9000000000000004,8.200000000000001,0.5,7.6,-5.1,-0.1
1698673399459.0,16,1.4000000000000001,-0.9,-0.30000000000000004,3.9000000000000004,8.1,0.4,7.400000000000001,-3.9,0.5
1698673399476.0,16,1.2000000000000002,-0.8,-0.2,3.7,8.200000000000001,0.5,7.0,-4.300000000000001,3.7000000000000006
1698673399493.0,16,0.8,-0.4,-0.2,3.3000000000000003,8.6,0.4,8.1,-4.7,10.2
1698673399510.0,16,0.5,-0.4,-0.30000000000000004,3.0,8.700000000000001,0.30000000000000004,7.699999999999999,-4.9,11.6
1698673399526.0,16,0.30000000000000004,-0.30000000000000004,-0.4,3.0,8.700000000000001,0.2,7.0,-5.9,10.0
1698673399542.0,16,0.30000000000000004,-0.1,-0.2,2.9000000000000004,8.9,0.30000000000000004,5.2,-3.0000000000000004,3.1
1698673399559.0,16,0.30000000000000004,0.1,0.0,2.9000000000000004,9.1,0.5,5.7,-2.1,-2.7
1698673399576.0,16,0.2,0.2,0.1,2.9000000000000004,9.200000000000001,0.6000000000000001,7.2,-1.2000000000000002,-3.4
1698673399593.0,16,0.1,0.2,0.0,2.7,9.3,0.5,11.1,-2.6,-0.9
1698673399609.0,16,0.0,0.2,0.0,2.7,9.200000000000001,0.5,11.9,-4.300000000000001,1.4
1698673399626.0,16,0.1,0.1,0.0,2.8000000000000003,9.1,0.4,10.5,-4.6000000000000005,0.4
1698673399642.0,16,0.2,0.0,0.1,2.8000000000000003,9.0,0.5,9.0,-3.2,-1.3
1698673399659.0,16,0.2,-0.1,0.2,2.8000000000000003,9.0,0.5,7.6,-1.3,-3.4
1698673399676.0,16,0.0,0.1,0.1,2.6,9.1,0.5,5.0,3.1,-5.4
1698673399692.0,16,-0.1,0.30000000000000004,0.1,2.5,9.3,0.4,1.7,2.5,-4.1000000000000005
1698673399709.0,16,-0.30000000000000004,0.2,0.1,2.4000000000000004,9.3,0.4,-1.8,0.5,-2.0
1698673399726.0,16,-0.4,0.2,0.0,2.2,9.3,0.4,-3.0000000000000004,-1.0,-0.5
1698673399743.0,16,-0.5,0.0,0.0,2.1,9.1,0.4,-5.2,-3.3000000000000003,0.8
1698673399759.0,16,-0.4,0.0,0.1,2.1,9.1,0.5,-6.9,-2.1,-2.7
1698673399776.0,16,-0.4,0.1,0.0,2.2,9.1,0.5,-6.9,-1.0,-5.8
1698673399795.0,16,-0.30000000000000004,0.1,0.0,2.2,9.1,0.4,-7.2,2.0,-11.3
1698673399812.0,16,-0.2,0.0,0.0,2.3000000000000003,9.1,0.4,-7.1000000000000005,0.0,-12.000000000000002
1698673399828.0,16,-0.2,0.0,0.0,2.3000000000000003,9.1,0.5,-7.1000000000000005,-3.6,-10.1
1698673399842.0,16,-0.1,-0.1,0.0,2.3000000000000003,9.0,0.4,-6.5,-4.300000000000001,-7.6
1698673399860.0,16,0.0,-0.1,0.0,2.4000000000000004,9.0,0.5,-6.5,-3.4,-7.9
1698673399877.0,16,0.0,-0.1,0.0,2.4000000000000004,9.0,0.5,-6.3,-2.6,-8.600000000000001
1698673399892.0,16,0.1,0.0,0.0,2.4000000000000004,9.1,0.5,-5.4,-1.0999999999999999,-8.9
1698673399909.0,16,0.1,0.0,-0.1,2.4000000000000004,9.1,0.5,-4.5,-1.5000000000000002,-8.200000000000001
1698673399926.0,16,0.1,-0.1,-0.1,2.5,9.0,0.5,-4.300000000000001,-1.2000000000000002,-7.699999999999999
1698673399942.0,16,0.1,-0.1,-0.1,2.4000000000000004,9.0,0.4,-4.1000000000000005,-1.8,-5.7
1698673399959.0,16,0.1,0.0,-0.1,2.4000000000000004,9.1,0.4,-5.1,-0.8,-4.5
1698673399976.0,16,0.1,0.0,-0.1,2.5,9.1,0.4,-4.9,-0.8,-4.1000000000000005
1698673399992.0,16,0.1,0.0,-0.1,2.4000000000000004,9.1,0.5,-4.2,0.2,-4.1000000000000005
1698673400009.0,16,0.1,0.0,-0.1,2.4000000000000004,9.1,0.5,-3.3000000000000003,2.3000000000000003,-4.0
1698673400026.0,16,0.1,-0.1,-0.1,2.4000000000000004,9.0,0.5,-2.5,2.6,-3.8
1698673400042.0,16,0.0,-0.1,-0.2,2.3000000000000003,9.0,0.4,-2.1999999999999997,3.2,-2.8
1698673400059.0,16,0.0,0.0,-0.1,2.3000000000000003,9.1,0.4,-2.3000000000000003,2.9,-2.0
1698673400076.0,16,0.0,0.1,-0.1,2.2,9.200000000000001,0.5,-1.8,1.6,-1.5000000000000002
1698673400093.0,16,-0.1,0.2,0.0,2.2,9.3,0.6000000000000001,0.30000000000000004,0.6000000000000001,-1.0
1698673400109.0,16,-0.1,0.0,0.0,2.2,9.1,0.6000000000000001,3.0000000000000004,1.3,-0.5
1698673400126.0,16,-0.1,0.0,0.0,2.2,9.1,0.5,4.7,0.2,-1.0
1698673400142.0,16,-0.1,0.0,0.1,2.1,9.1,0.6000000000000001,5.1,0.1,-1.0
1698673400159.0,16,-0.1,0.0,0.1,2.1,9.1,0.6000000000000001,6.2,0.7,-0.6000000000000001
1698673400176.0,16,0.0,0.0,0.1,2.2,9.1,0.6000000000000001,7.2,0.8,0.4
1698673400192.0,16,0.0,-0.1,0.1,2.2,9.1,0.6000000000000001,7.300000000000001,1.4,0.6000000000000001
1698673400209.0,16,-0.1,-0.1,0.1,2.2,9.0,0.6000000000000001,6.4,2.1,0.7
1698673400225.0,16,0.0,-0.1,0.1,2.2,9.0,0.5,4.3999999999999995,2.8,0.2
1698673400242.0,16,0.0,0.0,0.0,2.3000000000000003,9.1,0.5,1.3,4.1000000000000005,-1.0
1698673400259.0,16,0.0,0.0,0.0,2.3000000000000003,9.1,0.5,-0.2,3.9,-1.3
1698673400276.0,16,0.1,0.1,0.0,2.3000000000000003,9.1,0.5,-1.8,2.8,-1.3
1698673400293.0,16,0.1,0.0,0.1,2.3000000000000003,9.1,0.6000000000000001,-4.9,1.7,-1.3
1698673400309.0,16,0.1,0.0,0.1,2.3000000000000003,9.1,0.6000000000000001,-6.3,4.0,-1.7
1698673400326.0,16,0.1,-0.1,0.0,2.3000000000000003,9.0,0.6000000000000001,-6.8,4.3999999999999995,-1.8
1698673400342.0,16,0.2,-0.1,0.0,2.4000000000000004,9.0,0.5,-7.699999999999999,5.9,-2.1
1698673400359.0,16,0.2,0.0,-0.1,2.4000000000000004,9.1,0.5,-8.0,8.3,-1.6
1698673400376.0,16,0.1,0.1,-0.1,2.3000000000000003,9.200000000000001,0.5,-7.500000000000001,8.700000000000001,-0.9
1698673400392.0,16,-0.1,0.0,-0.1,2.1,9.1,0.5,-4.3999999999999995,6.2,0.9
1698673400409.0,16,-0.2,0.0,-0.2,2.1,9.1,0.5,-3.2,4.300000000000001,0.30000000000000004
1698673400426.0,16,-0.1,-0.1,-0.1,2.1,9.0,0.5,-1.8,3.4,-2.1
1698673400442.0,16,0.0,-0.1,-0.1,2.2,9.0,0.6000000000000001,-0.8,4.6000000000000005,-3.2
1698673400459.0,16,0.30000000000000004,0.1,0.0,2.5,9.200000000000001,0.7000000000000001,1.7,8.3,-3.9
1698673400476.0,16,0.2,0.2,0.1,2.5,9.3,0.7000000000000001,3.6,9.700000000000001,-3.1
1698673400492.0,16,0.1,0.2,0.0,2.3000000000000003,9.3,0.6000000000000001,6.9,11.1,0.4
1698673400510.0,16,0.0,0.1,-0.1,2.2,9.200000000000001,0.5,8.600000000000001,9.600000000000001,3.4
1698673400526.0,16,-0.30000000000000004,0.0,-0.1,2.0,9.1,0.5,8.600000000000001,7.300000000000001,3.8
1698673400542.0,16,-0.2,0.0,-0.1,2.0,9.1,0.4,8.1,6.5,3.7000000000000006
1698673400559.0,16,-0.1,0.1,0.0,2.1,9.200000000000001,0.5,6.1000000000000005,6.8,0.0
1698673400576.0,16,0.0,0.2,0.0,2.2,9.3,0.6000000000000001,5.300000000000001,7.300000000000001,-6.5
1698673400592.0,16,0.1,0.1,-0.1,2.3000000000000003,9.200000000000001,0.5,4.1000000000000005,7.500000000000001,-8.4
1698673400610.0,16,0.1,-0.2,0.0,2.3000000000000003,8.9,0.6000000000000001,0.5,5.0,-8.799999999999999
1698673400625.0,16,0.2,-0.30000000000000004,0.1,2.3000000000000003,8.9,0.6000000000000001,-2.5,5.500000000000001,-5.1
1698673400642.0,16,0.0,-0.30000000000000004,0.0,2.1,8.9,0.6000000000000001,-4.5,2.9,-3.4
1698673400659.0,16,-0.1,-0.30000000000000004,0.1,2.0,8.8,0.7000000000000001,-5.2,2.3000000000000003,-3.9
1698673400676.0,16,-0.2,-0.30000000000000004,0.1,1.9000000000000001,8.8,0.7000000000000001,-4.3999999999999995,3.4,-5.8
1698673400692.0,16,-0.2,-0.30000000000000004,0.1,1.9000000000000001,8.8,0.7000000000000001,-3.6,3.9,-6.8
1698673400711.0,16,0.0,-0.30000000000000004,0.1,2.0,8.9,0.7000000000000001,-0.5,1.7,-9.5
1698673400726.0,16,0.0,0.0,0.2,2.1,9.1,0.8,4.1000000000000005,-1.5000000000000002,-9.200000000000001
1698673400742.0,16,0.0,0.0,0.2,2.0,9.200000000000001,0.8,6.2,-2.6,-8.200000000000001
1698673400759.0,16,-0.1,-0.2,0.30000000000000004,1.9000000000000001,9.0,0.9,10.5,-3.5,-7.1000000000000005
1698673400776.0,16,-0.2,-0.1,0.30000000000000004,1.8,9.0,0.8,14.200000000000001,-2.4000000000000004,-7.0
1698673400793.0,16,-0.2,-0.1,0.2,1.8,9.1,0.7000000000000001,15.000000000000002,-1.9,-7.8
1698673400809.0,16,-0.2,0.0,0.2,1.8,9.1,0.7000000000000001,14.900000000000002,-2.3000000000000003,-8.4
1698673400826.0,16,-0.1,0.0,0.30000000000000004,1.8,9.200000000000001,0.7000000000000001,13.3,-4.0,-8.5
1698673400842.0,16,-0.2,0.0,0.30000000000000004,1.7000000000000002,9.200000000000001,0.7000000000000001,12.700000000000001,-5.7,-8.3
1698673400860.0,16,-0.2,0.0,0.30000000000000004,1.7000000000000002,9.200000000000001,0.7000000000000001,10.2,-7.699999999999999,-7.9
1698673400875.0,16,0.1,0.0,0.1,1.9000000000000001,9.200000000000001,0.5,5.0,-3.6,-9.0
1698673400892.0,16,0.30000000000000004,0.1,0.1,2.1,9.3,0.5,-2.5,2.6,-12.9
1698673400909.0,16,0.2,0.5,0.0,2.0,9.5,0.4,-5.2,3.2,-13.700000000000001
1698673400925.0,16,0.1,0.5,0.0,1.8,9.700000000000001,0.4,-9.700000000000001,0.7,-11.5
1698673400942.0,16,0.0,0.5,0.0,1.7000000000000002,9.700000000000001,0.4,-10.5,-2.3000000000000003,-8.700000000000001
1698673400959.0,16,-0.1,0.1,-0.2,1.6,9.3,0.2,-12.6,-4.1000000000000005,-5.300000000000001
1698673400975.0,16,0.0,0.0,-0.2,1.7000000000000002,9.200000000000001,0.30000000000000004,-15.299999999999999,-1.8,-7.400000000000001
1698673400992.0,16,0.1,0.1,-0.1,1.8,9.4,0.4,-15.8,2.8,-9.600000000000001
1698673401010.0,16,0.30000000000000004,0.2,-0.2,1.9000000000000001,9.4,0.4,-14.3,11.9,-13.9
1698673401026.0,16,0.4,0.2,-0.30000000000000004,2.0,9.4,0.30000000000000004,-10.9,7.0,-13.8
1698673401042.0,16,0.30000000000000004,0.2,-0.2,1.9000000000000001,9.5,0.4,-9.0,2.6,-11.700000000000001
1698673401059.0,16,0.1,0.2,-0.2,1.7000000000000002,9.4,0.5,-4.9,0.7,-3.3000000000000003
1698673401076.0,16,-0.2,0.1,-0.4,1.3,9.3,0.30000000000000004,-1.6,0.1,1.9
1698673401093.0,16,-0.4,0.2,-0.30000000000000004,1.2000000000000002,9.5,0.4,1.4,-5.500000000000001,2.3000000000000003
1698673401109.0,16,-0.2,0.4,0.0,1.3,9.600000000000001,0.6000000000000001,3.6,-4.7,0.30000000000000004
1698673401129.0,16,-0.2,0.2,0.0,1.4000000000000001,9.5,0.6000000000000001,8.5,2.1,-5.500000000000001
1698673401142.0,16,0.1,0.1,-0.2,1.6,9.3,0.4,10.8,0.6000000000000001,-9.0
1698673401159.0,16,0.1,0.1,-0.2,1.6,9.3,0.4,10.4,-2.1999999999999997,-8.799999999999999
1698673401176.0,16,0.0,0.0,-0.2,1.4000000000000001,9.200000000000001,0.4,7.699999999999999,-4.1000000000000005,-5.0
1698673401192.0,16,-0.1,0.0,-0.2,1.3,9.3,0.30000000000000004,3.4,-3.3000000000000003,-2.1
1698673401209.0,16,-0.2,0.1,-0.2,1.3,9.4,0.30000000000000004,0.4,-3.8,-2.1999999999999997
1698673401226.0,16,-0.2,0.2,-0.1,1.3,9.5,0.5,-5.0,-4.6000000000000005,-5.1
1698673401243.0,16,-0.1,0.0,0.0,1.3,9.4,0.6000000000000001,-6.5,-4.5,-7.300000000000001
1698673401259.0,16,0.0,-0.2,0.0,1.4000000000000001,9.1,0.6000000000000001,-8.9,-1.9,-9.9
1698673401276.0,16,0.1,-0.30000000000000004,0.0,1.5,9.0,0.6000000000000001,-11.1,-0.4,-9.200000000000001
1698673401292.0,16,0.1,-0.2,0.0,1.4000000000000001,9.1,0.7000000000000001,-11.700000000000001,0.30000000000000004,-6.5
1698673401311.0,16,0.1,-0.1,0.1,1.4000000000000001,9.200000000000001,0.8,-10.700000000000001,1.3,-5.1
1698673401326.0,16,0.0,-0.1,0.2,1.4000000000000001,9.200000000000001,0.9,-5.4,3.1,-4.0
1698673401342.0,16,0.1,0.0,0.30000000000000004,1.4000000000000001,9.3,1.0,2.3000000000000003,3.4,-4.0
1698673401359.0,16,0.2,0.0,0.30000000000000004,1.5,9.3,1.0,6.4,3.2,-3.7000000000000006
1698673401376.0,16,0.2,0.2,0.2,1.5,9.5,0.9,11.9,7.300000000000001,-1.5000000000000002
1698673401392.0,16,0.1,0.4,0.1,1.4000000000000001,9.600000000000001,0.7000000000000001,12.9,8.1,3.2
1698673401410.0,16,-0.1,0.30000000000000004,0.1,1.2000000000000002,9.600000000000001,0.7000000000000001,12.100000000000001,7.500000000000001,5.300000000000001
1698673401426.0,16,-0.30000000000000004,0.2,0.0,1.1,9.5,0.6000000000000001,8.3,6.7,7.400000000000001
1698673401442.0,16,-0.4,0.0,0.0,1.0,9.4,0.6000000000000001,5.500000000000001,5.9,7.400000000000001
1698673401459.0,16,-0.4,-0.1,0.0,1.0,9.200000000000001,0.6000000000000001,-0.9,5.2,4.5
1698673401476.0,16,-0.30000000000000004,-0.2,0.0,1.1,9.1,0.5,-7.1000000000000005,6.1000000000000005,-0.5
1698673401492.0,16,-0.1,-0.30000000000000004,-0.1,1.2000000000000002,9.0,0.5,-12.4,5.9,-4.2
1698673401509.0,16,-0.1,-0.30000000000000004,-0.1,1.3,9.0,0.5,-14.100000000000001,4.800000000000001,-4.6000000000000005
1698673401525.0,16,-0.1,-0.30000000000000004,0.0,1.3,9.0,0.7000000000000001,-14.600000000000001,3.8,-3.3000000000000003
1698673401542.0,16,-0.1,-0.2,0.0,1.2000000000000002,9.1,0.7000000000000001,-11.5,4.7,-1.9
1698673401559.0,16,-0.1,-0.1,-0.1,1.2000000000000002,9.1,0.7000000000000001,-9.0,4.3999999999999995,-1.7
1698673401576.0,16,0.0,0.2,0.0,1.3,9.5,0.8,-2.7,2.0,-0.9
1698673401594.0,16,0.1,0.5,0.1,1.4000000000000001,9.700000000000001,0.8,3.8,3.4,-0.30000000000000004
1698673401609.0,16,0.2,0.4,0.0,1.5,9.700000000000001,0.7000000000000001,7.400000000000001,7.500000000000001,0.1
1698673401626.0,16,0.1,0.30000000000000004,-0.1,1.4000000000000001,9.600000000000001,0.7000000000000001,7.500000000000001,8.4,-0.1
1698673401642.0,16,0.0,0.2,-0.2,1.3,9.5,0.5,5.1,7.300000000000001,1.0999999999999999
1698673401659.0,16,0.1,0.30000000000000004,-0.1,1.4000000000000001,9.5,0.6000000000000001,0.8,6.1000000000000005,2.3000000000000003
1698673401676.0,16,0.0,0.2,0.0,1.4000000000000001,9.5,0.7000000000000001,-1.3,6.2,1.9
1698673401693.0,16,0.0,0.0,-0.1,1.3,9.3,0.6000000000000001,-4.800000000000001,5.0,1.6
1698673401710.0,16,0.1,-0.2,0.0,1.4000000000000001,9.1,0.7000000000000001,-8.200000000000001,4.0,1.0
1698673401728.0,16,0.1,-0.2,-0.1,1.4000000000000001,9.1,0.7000000000000001,-9.600000000000001,4.800000000000001,0.7
1698673401742.0,16,0.0,-0.30000000000000004,0.0,1.3,9.0,0.8,-11.5,5.6,0.8
1698673401759.0,16,0.0,-0.30000000000000004,0.0,1.3,9.0,0.8,-11.4,6.4,1.0
1698673401776.0,16,0.1,-0.30000000000000004,-0.1,1.4000000000000001,9.0,0.8,-10.1,8.4,0.4
1698673401793.0,16,0.2,-0.4,-0.1,1.5,8.9,0.8,-8.0,8.5,0.1
1698673401809.0,16,0.1,-0.2,0.0,1.5,9.0,0.9,-4.1000000000000005,6.1000000000000005,0.9
1698673401826.0,16,0.1,-0.1,0.1,1.4000000000000001,9.200000000000001,1.0,-1.3,5.4,1.4
1698673401842.0,16,-0.1,0.2,0.1,1.3,9.4,1.0,6.5,4.6000000000000005,3.2
1698673401859.0,16,-0.2,0.30000000000000004,0.2,1.2000000000000002,9.600000000000001,1.1,13.5,1.5000000000000002,4.6000000000000005
1698673401876.0,16,-0.30000000000000004,0.30000000000000004,0.30000000000000004,1.1,9.600000000000001,1.1,16.3,0.1,4.800000000000001
1698673401893.0,16,-0.4,0.2,0.4,1.0,9.4,1.2000000000000002,19.400000000000002,0.7,4.0
1698673401909.0,16,-0.4,0.0,0.4,1.0,9.3,1.1,17.8,-0.5,1.7
1698673401925.0,16,-0.30000000000000004,0.0,0.4,1.1,9.3,1.1,15.2,-0.9,0.4
1698673401942.0,16,-0.1,-0.1,0.5,1.2000000000000002,9.1,1.1,7.400000000000001,-0.7,-2.0
1698673401959.0,16,0.0,-0.30000000000000004,0.4,1.4000000000000001,9.0,1.1,-2.4000000000000004,2.3000000000000003,-2.5
1698673401976.0,16,0.0,-0.4,0.30000000000000004,1.4000000000000001,8.9,1.0,-7.2,4.300000000000001,-2.3000000000000003
1698673401992.0,16,0.0,-0.30000000000000004,0.1,1.3,8.9,0.9,-7.2,4.300000000000001,-2.3000000000000003
1698673402009.0,16,-0.1,-0.2,-0.1,1.2000000000000002,9.0,0.7000000000000001,-20.0,4.2,1.3
1698673402025.0,16,-0.2,-0.2,-0.1,1.2000000000000002,9.1,0.7000000000000001,-21.0,3.1,2.1
1698673402042.0,16,-0.2,-0.1,-0.30000000000000004,1.1,9.200000000000001,0.6000000000000001,-21.200000000000003,0.6000000000000001,2.7
1698673402059.0,16,-0.2,0.1,-0.30000000000000004,1.2000000000000002,9.3,0.7000000000000001,-18.8,-1.0,2.4000000000000004
1698673402076.0,16,-0.1,0.1,-0.30000000000000004,1.2000000000000002,9.4,0.7000000000000001,-13.4,-0.4,0.6000000000000001
1698673402092.0,16,0.0,0.1,-0.2,1.3,9.3,0.8,-9.8,0.8,-0.1
1698673402109.0,16,0.1,0.0,-0.2,1.4000000000000001,9.200000000000001,0.8,-2.1,1.8,-0.2
1698673402126.0,16,0.1,0.0,-0.2,1.4000000000000001,9.200000000000001,0.8,2.1,0.9,0.7
1698673402143.0,16,0.1,0.1,-0.1,1.4000000000000001,9.3,0.9,9.8,-2.8,4.800000000000001
1698673402159.0,16,-0.1,0.1,0.1,1.3,9.3,1.1,16.3,-5.4,9.700000000000001
1698673402176.0,16,-0.2,0.1,0.2,1.2000000000000002,9.4,1.1,18.8,-5.500000000000001,10.9
1698673402193.0,16,-0.30000000000000004,0.2,0.30000000000000004,1.1,9.5,1.2000000000000002,21.700000000000003,-4.7,9.200000000000001
1698673402209.0,16,-0.1,0.2,0.4,1.4000000000000001,9.4,1.2000000000000002,21.0,-5.300000000000001,5.300000000000001
1698673402226.0,16,0.0,0.1,0.6000000000000001,1.5,9.4,1.3,19.400000000000002,-4.6000000000000005,3.6
1698673402242.0,16,0.2,0.0,0.6000000000000001,1.7000000000000002,9.3,1.3,14.500000000000002,0.1,2.3000000000000003
1698673402259.0,16,0.30000000000000004,0.0,0.5,1.8,9.200000000000001,1.2000000000000002,6.8,3.1,2.0
1698673402276.0,16,0.30000000000000004,0.0,0.4,1.8,9.200000000000001,1.1,2.3000000000000003,3.5,2.3000000000000003
1698673402293.0,16,0.30000000000000004,0.0,0.4,1.8,9.3,1.1,-6.000000000000001,4.0,4.2
1698673402310.0,16,0.2,0.0,0.30000000000000004,1.7000000000000002,9.3,1.0,-9.5,5.1,4.9
1698673402325.0,16,0.1,0.0,0.0,1.6,9.200000000000001,0.7000000000000001,-14.800000000000002,5.8,4.2
1698673402342.0,16,0.0,0.0,-0.1,1.6,9.3,0.7000000000000001,-18.0,4.2,1.8
1698673402359.0,16,0.1,0.1,-0.1,1.7000000000000002,9.4,0.8,-16.8,3.6,-0.1
1698673402376.0,16,0.2,0.1,-0.1,1.7000000000000002,9.3,0.8,-14.800000000000002,4.300000000000001,-0.9
1698673402392.0,16,0.2,-0.1,-0.2,1.8,9.1,0.7000000000000001,-9.5,6.4,-1.6
1698673402410.0,16,0.0,-0.2,-0.4,1.6,9.0,0.6000000000000001,-4.3999999999999995,7.0,1.3
1698673402425.0,16,-0.30000000000000004,-0.1,-0.4,1.3,9.1,0.6000000000000001,1.0,1.8,6.4
1698673402442.0,16,-0.4,0.0,-0.30000000000000004,1.2000000000000002,9.200000000000001,0.6000000000000001,3.9,-1.4,7.500000000000001
1698673402459.0,16,-0.4,0.0,-0.2,1.2000000000000002,9.3,0.7000000000000001,10.700000000000001,-4.300000000000001,6.9
1698673402476.0,16,-0.30000000000000004,0.1,-0.2,1.3,9.3,0.7000000000000001,13.9,-5.1,5.300000000000001
1698673402493.0,16,-0.2,0.0,-0.1,1.4000000000000001,9.3,0.8,18.8,-7.1000000000000005,2.0
1698673402510.0,16,0.1,0.1,0.1,1.7000000000000002,9.3,0.9,20.4,-7.9,1.0999999999999999
1698673402526.0,16,0.2,0.1,0.1,1.8,9.3,0.9,20.1,-7.2,1.2000000000000002
1698673402543.0,16,0.30000000000000004,0.1,0.2,1.9000000000000001,9.3,0.9,15.9,-5.8,0.8
1698673402559.0,16,0.30000000000000004,0.1,0.2,1.9000000000000001,9.3,0.9,7.8,-4.1000000000000005,0.4
1698673402575.0,16,0.30000000000000004,0.1,0.2,1.9000000000000001,9.3,0.8,2.7,-3.5,0.4
1698673402593.0,16,0.1,0.1,0.0,1.8,9.3,0.7000000000000001,-8.200000000000001,-1.6,0.5
1698673402609.0,16,0.0,0.1,0.0,1.7000000000000002,9.3,0.7000000000000001,-17.400000000000002,-0.7,-0.7
1698673402626.0,16,0.0,0.1,0.0,1.7000000000000002,9.3,0.7000000000000001,-21.8,1.6,-2.9
1698673402642.0,16,0.0,0.0,-0.1,1.7000000000000002,9.3,0.7000000000000001,-22.3,2.0,-3.9
1698673402660.0,16,0.1,0.0,-0.1,1.7000000000000002,9.200000000000001,0.8,-20.2,1.6,-5.500000000000001
1698673402675.0,16,0.1,0.0,0.0,1.7000000000000002,9.3,0.9,-14.600000000000001,1.5000000000000002,-5.9
1698673402692.0,16,0.2,0.1,0.0,1.7000000000000002,9.3,1.0,-10.5,1.7,-5.6
1698673402713.0,16,0.1,0.0,0.1,1.7000000000000002,9.200000000000001,1.0,3.0000000000000004,2.1999999999999997,-1.7
1698673402726.0,16,0.0,0.0,0.1,1.6,9.200000000000001,1.0,6.9,2.1,-0.4
1698673402742.0,16,-0.1,0.0,0.1,1.5,9.200000000000001,1.0,9.9,2.0,0.7
1698673402759.0,16,-0.1,0.0,0.2,1.5,9.200000000000001,1.1,13.6,1.0999999999999999,1.5000000000000002
1698673402777.0,16,-0.1,0.0,0.2,1.5,9.3,1.1,14.600000000000001,0.7,1.4
1698673402792.0,16,-0.1,0.0,0.2,1.5,9.200000000000001,1.1,14.100000000000001,0.7,0.4
1698673402809.0,16,-0.1,0.0,0.2,1.4000000000000001,9.200000000000001,1.0,10.700000000000001,0.5,-0.6000000000000001
1698673402825.0,16,-0.2,-0.1,0.2,1.4000000000000001,9.1,1.0,4.7,-0.6000000000000001,-0.5
1698673402842.0,16,-0.1,-0.1,0.1,1.4000000000000001,9.1,0.9,1.0999999999999999,-0.8,-0.5
1698673402859.0,16,-0.1,-0.1,0.1,1.4000000000000001,9.200000000000001,0.9,-6.000000000000001,-1.0999999999999999,-1.8
1698673402876.0,16,-0.1,-0.1,0.0,1.4000000000000001,9.1,0.9,-8.700000000000001,-1.3,-2.4000000000000004
1698673402892.0,16,0.0,-0.1,-0.1,1.5,9.1,0.8,-12.100000000000001,-0.8,-3.2
1698673402909.0,16,0.0,0.0,-0.1,1.5,9.200000000000001,0.8,-13.700000000000001,-0.5,-3.2
1698673402926.0,16,0.1,0.0,-0.1,1.6,9.3,0.8,-12.200000000000001,-1.2000000000000002,-3.7000000000000006
1698673402943.0,16,0.1,0.1,-0.1,1.5,9.4,0.8,-8.4,-0.5,-2.9
1698673402959.0,16,0.0,0.1,-0.2,1.5,9.4,0.8,-6.2,-1.3,-2.0
1698673402976.0,16,0.0,0.1,-0.1,1.4000000000000001,9.4,0.9,-1.2000000000000002,-3.5,0.1
1698673402993.0,16,0.0,0.1,-0.1,1.4000000000000001,9.4,0.9,1.4,-3.3000000000000003,0.5
1698673403009.0,16,-0.1,0.0,-0.1,1.4000000000000001,9.3,0.8,5.7,-2.9,0.30000000000000004
1698673403026.0,16,0.0,-0.1,0.0,1.5,9.1,0.9,8.0,-4.5,-0.5
1698673403042.0,16,0.0,-0.1,0.0,1.6,9.200000000000001,1.0,8.9,-4.300000000000001,-0.7
1698673403059.0,16,0.1,0.0,0.1,1.6,9.200000000000001,1.0,10.3,-2.1999999999999997,-1.0
1698673403075.0,16,0.1,0.0,0.0,1.6,9.3,0.9,9.8,-1.3,-0.30000000000000004
1698673403092.0,16,0.1,0.0,0.0,1.6,9.200000000000001,0.8,6.9,-3.3000000000000003,0.1
1698673403109.0,16,0.1,-0.1,0.0,1.6,9.1,0.9,6.9,-3.3000000000000003,0.1
1698673403126.0,16,0.0,0.0,0.0,1.5,9.200000000000001,0.8,-0.2,-1.8,-0.4
1698673403142.0,16,0.0,0.0,-0.1,1.5,9.200000000000001,0.7000000000000001,-4.1000000000000005,-3.5,-0.7
1698673403159.0,16,0.0,0.0,0.1,1.5,9.3,0.9,-5.2,-5.0,-1.2000000000000002
1698673403175.0,16,0.0,0.0,0.1,1.5,9.200000000000001,0.9,-4.7,-1.2000000000000002,-2.7
1698673403193.0,16,0.1,-0.1,0.0,1.6,9.200000000000001,0.8,-3.5,-0.7,-3.0000000000000004
1698673403209.0,16,0.1,-0.1,0.0,1.6,9.1,0.9,-2.7,-1.9,-2.8
1698673403226.0,16,0.0,-0.1,0.0,1.5,9.1,0.8,-0.7,-1.7,-1.8
1698673403242.0,16,0.0,0.0,0.1,1.4000000000000001,9.200000000000001,0.9,1.6,-3.1,-0.4
1698673403259.0,16,0.0,0.0,0.0,1.4000000000000001,9.3,0.9,3.1,-1.5000000000000002,-0.4
1698673403275.0,16,-0.1,0.1,0.0,1.4000000000000001,9.3,0.8,5.4,-0.2,0.0
1698673403292.0,16,-0.1,0.1,0.0,1.4000000000000001,9.3,0.8,7.0,-1.0,0.1
1698673403309.0,16,0.0,0.1,0.0,1.4000000000000001,9.3,0.8,7.2,-0.7,0.0
1698673403325.0,16,0.0,0.1,0.0,1.5,9.4,0.8,6.9,-1.2000000000000002,0.2
1698673403342.0,16,0.0,0.1,0.0,1.5,9.3,0.8,6.4,-1.5000000000000002,1.2000000000000002
1698673403358.0,16,0.0,0.1,0.0,1.5,9.4,0.8,5.8,-0.7,1.3
1698673403375.0,16,0.1,0.2,0.0,1.5,9.4,0.7000000000000001,3.6,0.8,1.0999999999999999
1698673403392.0,16,0.1,0.2,-0.1,1.5,9.5,0.7000000000000001,0.7,1.5000000000000002,1.5000000000000002
1698673403409.0,16,0.0,0.2,-0.1,1.5,9.5,0.6000000000000001,-2.4000000000000004,2.1,2.1
1698673403425.0,16,0.0,0.1,-0.1,1.5,9.4,0.6000000000000001,-3.6,1.8,2.3000000000000003
1698673403442.0,16,-0.1,0.0,-0.2,1.5,9.3,0.6000000000000001,-5.7,1.8,3.1
1698673403459.0,16,-0.1,0.0,-0.2,1.4000000000000001,9.3,0.6000000000000001,-6.5,1.4,3.2
1698673403476.0,16,-0.1,0.0,-0.2,1.4000000000000001,9.3,0.5,-7.6,1.0999999999999999,2.7
1698673403492.0,16,0.0,0.0,-0.2,1.5,9.200000000000001,0.5,-7.699999999999999,0.2,1.2000000000000002
1698673403509.0,16,0.0,-0.1,-0.2,1.5,9.200000000000001,0.6000000000000001,-7.1000000000000005,-0.6000000000000001,0.7
1698673403525.0,16,0.0,-0.1,-0.1,1.6,9.200000000000001,0.7000000000000001,-4.3999999999999995,-0.5,1.2000000000000002
1698673403542.0,16,0.0,-0.1,-0.1,1.5,9.200000000000001,0.7000000000000001,-0.8,0.1,2.0
1698673403559.0,16,0.0,-0.1,0.0,1.6,9.200000000000001,0.8,1.0999999999999999,0.4,2.1999999999999997
1698673403575.0,16,0.1,0.0,0.0,1.7000000000000002,9.200000000000001,0.8,5.300000000000001,1.0,2.1
1698673403593.0,16,0.1,0.0,0.1,1.7000000000000002,9.200000000000001,0.8,8.799999999999999,1.8,2.4000000000000004
1698673403609.0,16,0.1,0.0,0.1,1.6,9.3,0.8,10.2,1.4,2.9
1698673403626.0,16,0.0,0.1,0.1,1.5,9.3,0.8,11.9,0.8,3.7000000000000006
1698673403642.0,16,0.0,0.1,0.2,1.5,9.3,0.9,11.700000000000001,0.7,2.9
1698673403659.0,16,0.0,0.1,0.2,1.6,9.3,0.9,10.8,0.6000000000000001,2.3000000000000003
1698673403676.0,16,0.0,0.0,0.2,1.6,9.3,0.9,7.500000000000001,1.2000000000000002,1.7
1698673403692.0,16,0.1,0.0,0.2,1.7000000000000002,9.3,0.8,2.7,2.3000000000000003,1.2000000000000002
1698673403709.0,16,0.1,0.0,0.1,1.7000000000000002,9.3,0.8,-0.1,2.8,1.0
1698673403726.0,16,0.1,0.1,0.1,1.7000000000000002,9.4,0.7000000000000001,-5.500000000000001,4.0,0.7
1698673403742.0,16,0.1,0.0,0.0,1.7000000000000002,9.3,0.7000000000000001,-9.4,4.300000000000001,0.0
1698673403759.0,16,0.0,0.0,-0.1,1.6,9.3,0.6000000000000001,-11.5,4.300000000000001,0.0
1698673403775.0,16,0.0,0.0,-0.2,1.6,9.3,0.6000000000000001,-12.000000000000002,3.9,0.2
1698673403792.0,16,-0.1,0.1,-0.2,1.5,9.4,0.5,-11.6,2.1,-0.5
1698673403809.0,16,-0.1,-0.1,-0.2,1.5,9.200000000000001,0.6000000000000001,-9.1,0.2,-0.7
1698673403826.0,16,-0.1,-0.1,-0.2,1.5,9.200000000000001,0.6000000000000001,-7.1000000000000005,0.0,-1.0
1698673403842.0,16,0.0,-0.1,-0.2,1.6,9.1,0.7000000000000001,-2.6,-1.5000000000000002,-1.5000000000000002
1698673403859.0,16,0.0,-0.2,-0.1,1.6,9.1,0.8,0.0,-2.4000000000000004,-1.2000000000000002
1698673403875.0,16,0.0,-0.2,0.0,1.6,9.0,0.8,5.300000000000001,-2.4000000000000004,-0.1
1698673403892.0,16,0.0,-0.1,0.0,1.6,9.1,0.8,8.9,-3.0000000000000004,0.30000000000000004
1698673403909.0,16,0.0,0.0,0.1,1.6,9.200000000000001,0.9,10.8,-3.9,-0.1
1698673403926.0,16,0.0,0.1,0.2,1.6,9.3,0.9,10.8,-3.9,-0.1
1698673403942.0,16,0.1,0.1,0.2,1.7000000000000002,9.4,0.9,10.4,-1.6,-1.3
1698673403959.0,16,0.2,0.1,0.2,1.7000000000000002,9.3,0.9,9.1,0.1,-1.5000000000000002
1698673403976.0,16,0.2,0.0,0.2,1.8,9.3,0.9,4.9,1.8,-0.9
1698673403993.0,16,0.0,0.1,0.2,1.6,9.3,0.9,-0.4,2.7,-0.1
1698673404009.0,16,-0.1,0.0,0.2,1.5,9.3,0.9,-2.5,3.4,-0.1
1698673404026.0,16,-0.1,-0.1,0.0,1.5,9.200000000000001,0.7000000000000001,-6.5,2.1999999999999997,-1.2000000000000002
1698673404043.0,16,0.0,0.0,0.0,1.6,9.200000000000001,0.7000000000000001,-9.4,0.30000000000000004,-2.4000000000000004
1698673404059.0,16,0.0,0.1,-0.1,1.6,9.3,0.7000000000000001,-10.3,1.0,-2.3000000000000003
1698673404076.0,16,0.1,0.1,-0.1,1.6,9.4,0.7000000000000001,-10.2,1.4,-2.0
1698673404093.0,16,0.0,0.1,-0.1,1.6,9.4,0.7000000000000001,-7.9,1.5000000000000002,-0.5
1698673404109.0,16,-0.1,0.0,-0.1,1.5,9.3,0.7000000000000001,-4.6000000000000005,1.0,0.1
1698673404126.0,16,-0.1,0.0,-0.1,1.5,9.200000000000001,0.7000000000000001,-2.5,0.6000000000000001,0.1
1698673404143.0,16,-0.1,-0.1,-0.1,1.4000000000000001,9.1,0.7000000000000001,1.2000000000000002,1.2000000000000002,0.0
1698673404159.0,16,-0.1,-0.1,-0.1,1.4000000000000001,9.1,0.7000000000000001,2.8,1.2000000000000002,0.2
1698673404175.0,16,-0.1,-0.1,-0.1,1.4000000000000001,9.200000000000001,0.7000000000000001,4.7,0.30000000000000004,1.0
1698673404192.0,16,-0.1,0.1,0.0,1.5,9.3,0.8,5.6,-0.7,1.2000000000000002
1698673404210.0,16,0.0,0.1,0.0,1.5,9.3,0.8,5.7,-0.9,0.9
1698673404226.0,16,0.1,0.1,0.1,1.6,9.3,0.8,5.2,-1.0,0.4
1698673404242.0,16,0.1,0.1,0.1,1.6,9.3,0.9,3.4,-1.0,0.4
1698673404260.0,16,0.0,0.0,0.1,1.6,9.200000000000001,0.9,1.2000000000000002,-0.6000000000000001,0.6000000000000001
1698673404276.0,16,0.0,0.0,0.1,1.6,9.200000000000001,0.8,0.0,-1.0999999999999999,0.8
1698673404293.0,16,0.1,0.0,0.1,1.6,9.200000000000001,0.8,-2.9,-2.1,0.2
1698673404309.0,16,0.1,0.0,0.1,1.7000000000000002,9.3,0.9,-4.7,-2.0,-0.5
1698673404326.0,16,0.0,0.0,0.1,1.6,9.3,0.8,-4.9,-1.6,-0.5
1698673404342.0,16,-0.1,0.0,0.0,1.5,9.200000000000001,0.8,-5.2,-1.6,0.5
1698673404360.0,16,-0.1,0.0,0.0,1.5,9.200000000000001,0.8,-5.4,-1.9,0.6000000000000001
1698673404376.0,16,0.0,-0.1,0.0,1.6,9.1,0.8,-4.5,-1.7,-0.5
1698673404394.0,16,0.0,-0.1,-0.1,1.6,9.200000000000001,0.8,-2.6,-0.8,-0.4
1698673404409.0,16,0.0,-0.1,0.0,1.6,9.200000000000001,0.8,0.0,-2.1999999999999997,1.0
1698673404426.0,16,0.0,0.0,-0.1,1.5,9.200000000000001,0.7000000000000001,1.2000000000000002,-2.4000000000000004,1.2000000000000002
1698673404443.0,16,0.0,0.0,-0.1,1.5,9.3,0.8,3.2,-2.9,0.1
1698673404459.0,16,0.1,0.1,0.0,1.6,9.3,0.8,4.0,-3.2,-0.4
1698673404475.0,16,0.2,0.0,0.0,1.7000000000000002,9.3,0.8,5.6,-2.1,-1.0
1698673404493.0,16,0.1,-0.1,0.0,1.7000000000000002,9.200000000000001,0.8,5.9,-0.7,0.4
1698673404509.0,16,0.1,0.0,0.0,1.7000000000000002,9.200000000000001,0.8,5.300000000000001,-0.2,1.0
1698673404525.0,16,0.0,0.0,0.0,1.6,9.200000000000001,0.7000000000000001,3.6,0.6000000000000001,1.2000000000000002
1698673404543.0,16,0.0,0.0,0.0,1.6,9.3,0.7000000000000001,2.4000000000000004,0.6000000000000001,0.9
1698673404559.0,16,-0.1,0.1,0.0,1.5,9.3,0.7000000000000001,0.30000000000000004,0.8,0.4
1698673404577.0,16,-0.1,0.1,0.0,1.5,9.3,0.7000000000000001,-1.0999999999999999,0.5,-0.2
1698673404593.0,16,-0.1,0.1,0.0,1.5,9.3,0.7000000000000001,-1.5000000000000002,0.4,-0.4
1698673404609.0,16,0.0,0.0,0.0,1.5,9.3,0.7000000000000001,-1.7,0.2,-0.8
1698673404626.0,16,0.0,0.0,0.0,1.6,9.200000000000001,0.7000000000000001,-1.4,0.2,-0.5
1698673404642.0,16,0.0,0.0,0.0,1.5,9.200000000000001,0.8,-0.7,0.30000000000000004,-0.4
1698673404659.0,16,-0.1,0.0,0.0,1.5,9.200000000000001,0.7000000000000001,0.4,0.0,0.0
1698673404675.0,16,0.0,0.0,0.0,1.5,9.3,0.7000000000000001,0.8,-0.7,0.2
1698673404693.0,16,0.0,0.0,0.0,1.6,9.200000000000001,0.7000000000000001,1.2000000000000002,-1.5000000000000002,0.0
1698673404709.0,16,0.0,0.0,0.0,1.6,9.200000000000001,0.8,1.4,-1.8,-0.4
1698673404726.0,16,0.1,0.0,0.0,1.6,9.3,0.8,1.4,-0.8,-0.5
1698673404742.0,16,0.1,0.0,0.0,1.6,9.3,0.7000000000000001,1.4,-0.2,-0.4
1698673404759.0,16,0.0,0.0,0.0,1.6,9.200000000000001,0.7000000000000001,1.0999999999999999,0.0,0.4
1698673404776.0,16,0.0,0.0,0.0,1.6,9.200000000000001,0.7000000000000001,0.9,0.0,0.7
1698673404794.0,16,0.0,0.0,0.0,1.6,9.200000000000001,0.7000000000000001,0.4,0.6000000000000001,0.2
1698673404809.0,16,0.0,0.0,0.0,1.6,9.200000000000001,0.7000000000000001,0.1,0.8,-0.1
1698673404825.0,16,0.0,0.0,0.0,1.6,9.200000000000001,0.7000000000000001,0.0,0.7,0.1
1698673404842.0,16,0.0,0.0,0.0,1.6,9.200000000000001,0.7000000000000001,0.2,0.6000000000000001,0.30000000000000004
1698673404859.0,16,0.0,0.0,0.0,1.5,9.200000000000001,0.7000000000000001,0.8,0.30000000000000004,0.7
1698673404875.0,16,0.0,0.0,0.0,1.5,9.3,0.7000000000000001,1.0,0.1,0.7
1698673404892.0,16,0.0,0.0,0.0,1.6,9.3,0.7000000000000001,1.7,0.0,0.6000000000000001
1698673404909.0,16,0.0,0.0,0.0,1.6,9.3,0.7000000000000001,2.1,0.0,0.4
1698673404926.0,16,0.0,0.0,0.0,1.6,9.3,0.7000000000000001,2.1999999999999997,0.2,0.4
1698673404943.0,16,0.0,0.0,0.1,1.6,9.3,0.7000000000000001,2.3000000000000003,-0.1,0.6000000000000001
1698673404959.0,16,0.0,0.0,0.0,1.6,9.200000000000001,0.7000000000000001,1.9,0.1,0.6000000000000001
1698673404975.0,16,0.0,0.0,0.0,1.6,9.3,0.7000000000000001,1.0999999999999999,0.2,0.2
1698673404992.0,16,0.0,0.0,0.0,1.6,9.3,0.7000000000000001,0.6000000000000001,0.30000000000000004,0.2
1698673405009.0,16,0.0,0.0,0.0,1.6,9.3,0.7000000000000001,-0.1,0.0,0.6000000000000001
1698673405025.0,16,0.0,0.0,0.0,1.6,9.200000000000001,0.7000000000000001,-0.5,-0.4,0.6000000000000001
1698673405042.0,16,0.0,0.0,0.0,1.6,9.3,0.7000000000000001,-0.5,0.2,0.6000000000000001
1698673405059.0,16,0.0,0.0,0.0,1.6,9.200000000000001,0.7000000000000001,-0.30000000000000004,0.0,0.5
1698673405075.0,16,0.0,0.0,0.0,1.6,9.200000000000001,0.6000000000000001,-0.30000000000000004,0.4,0.30000000000000004
1698673405092.0,16,0.0,0.0,0.0,1.6,9.200000000000001,0.7000000000000001,-0.30000000000000004,0.7,0.30000000000000004
1698673405109.0,16,0.0,0.0,0.0,1.6,9.200000000000001,0.7000000000000001,-0.5,0.6000000000000001,0.4
1698673405126.0,16,0.0,0.0,-0.1,1.6,9.3,0.6000000000000001,-0.1,0.0,0.5
1698673405142.0,16,0.0,0.0,-0.1,1.6,9.3,0.6000000000000001,0.30000000000000004,-0.2,0.5
1698673405159.0,16,0.0,0.0,0.0,1.6,9.3,0.7000000000000001,1.0,-0.30000000000000004,0.5
1698673405175.0,16,0.0,0.0,0.0,1.6,9.200000000000001,0.7000000000000001,1.8,-0.1,0.4
1698673405192.0,16,0.0,0.0,0.0,1.6,9.200000000000001,0.7000000000000001,1.8,-0.1,0.4
1698673405209.0,16,0.0,0.0,0.1,1.6,9.200000000000001,0.7000000000000001,2.5,0.9,0.6000000000000001
1698673405225.0,16,0.0,0.0,0.0,1.7000000000000002,9.3,0.7000000000000001,2.6,0.9,0.7
1698673405242.0,16,0.0,0.0,0.0,1.6,9.3,0.7000000000000001,2.4000000000000004,0.7,0.9
1698673405259.0,16,0.0,0.0,0.0,1.6,9.3,0.7000000000000001,1.8,0.30000000000000004,1.0
1698673405275.0,16,0.0,0.1,0.0,1.6,9.3,0.7000000000000001,1.0999999999999999,0.30000000000000004,0.7
1698673405293.0,16,0.0,0.0,0.0,1.6,9.3,0.6000000000000001,0.4,0.2,0.4
1698673405311.0,16,0.0,0.0,0.0,1.6,9.3,0.7000000000000001,0.1,0.4,0.30000000000000004
1698673405326.0,16,0.0,0.0,0.0,1.6,9.200000000000001,0.7000000000000001,-0.4,0.30000000000000004,0.2
1698673405342.0,16,0.0,0.0,0.0,1.7000000000000002,9.200000000000001,0.6000000000000001,-0.4,0.30000000000000004,-0.1
1698673405359.0,16,0.0,0.0,0.0,1.6,9.200000000000001,0.7000000000000001,-0.2,0.6000000000000001,0.1
1698673405375.0,16,0.0,0.0,0.0,1.6,9.200000000000001,0.6000000000000001,-0.2,0.6000000000000001,0.5
1698673405392.0,16,0.0,0.0,0.0,1.6,9.3,0.6000000000000001,-0.5,0.4,0.4
1698673405410.0,16,0.0,0.0,-0.1,1.6,9.3,0.6000000000000001,-0.5,0.30000000000000004,0.1
1698673405426.0,16,0.0,0.0,0.0,1.6,9.3,0.6000000000000001,-0.5,0.1,-0.1
1698673405442.0,16,0.0,0.0,0.0,1.6,9.200000000000001,0.6000000000000001,-0.2,0.30000000000000004,-0.1
1698673405459.0,16,0.0,0.0,0.0,1.6,9.3,0.6000000000000001,-0.1,0.6000000000000001,-0.1
1698673405476.0,16,0.0,0.0,0.0,1.6,9.200000000000001,0.6000000000000001,0.30000000000000004,0.4,0.1
1698673405492.0,16,0.0,0.0,-0.1,1.6,9.200000000000001,0.6000000000000001,0.30000000000000004,0.30000000000000004,0.30000000000000004
1698673405511.0,16,0.0,0.0,0.0,1.6,9.200000000000001,0.6000000000000001,0.30000000000000004,-0.7,0.1
1698673405526.0,16,0.0,0.0,0.0,1.6,9.200000000000001,0.7000000000000001,0.1,-0.6000000000000001,-0.1
1698673405542.0,16,0.0,0.0,0.0,1.6,9.200000000000001,0.7000000000000001,0.0,-0.30000000000000004,-0.1
1698673405560.0,16,0.0,0.0,0.0,1.7000000000000002,9.3,0.7000000000000001,-0.4,0.1,-0.2
1698673405576.0,16,0.1,0.0,0.0,1.7000000000000002,9.200000000000001,0.7000000000000001,-0.5,0.4,-0.30000000000000004
1698673405594.0,16,0.0,0.0,0.0,1.7000000000000002,9.200000000000001,0.7000000000000001,-0.7,0.9,0.0
1698673405609.0,16,0.0,0.0,0.0,1.6,9.200000000000001,0.7000000000000001,-0.8,0.8,0.0
1698673405626.0,16,0.0,0.0,0.0,1.6,9.200000000000001,0.6000000000000001,-0.8,1.0999999999999999,0.0
1698673405643.0,16,0.0,0.0,-0.1,1.6,9.200000000000001,0.6000000000000001,-0.8,0.6000000000000001,-0.2
1698673405659.0,16,0.0,0.0,-0.1,1.6,9.200000000000001,0.6000000000000001,-0.7,0.1,-0.4
1698673405676.0,16,0.0,0.0,0.0,1.6,9.200000000000001,0.7000000000000001,-0.30000000000000004,0.0,-0.7
1698673405693.0,16,0.0,0.0,0.0,1.6,9.200000000000001,0.7000000000000001,0.1,0.30000000000000004,-0.4
1698673405710.0,16,0.0,0.0,0.1,1.6,9.200000000000001,0.7000000000000001,0.8,0.8,0.4
1698673405726.0,16,0.0,-0.1,0.0,1.6,9.200000000000001,0.7000000000000001,1.0999999999999999,0.9,0.4
1698673405743.0,16,0.0,0.0,0.0,1.6,9.200000000000001,0.7000000000000001,1.2000000000000002,1.0,0.30000000000000004
1698673405759.0,16,0.0,0.0,0.0,1.6,9.3,0.7000000000000001,1.5000000000000002,0.9,0.1
1698673405775.0,16,-0.1,0.0,0.0,1.6,9.3,0.7000000000000001,1.2000000000000002,0.30000000000000004,0.2
1698673405792.0,16,0.0,0.0,0.0,1.6,9.3,0.7000000000000001,0.9,0.1,0.1
1698673405809.0,16,0.0,0.0,0.0,1.6,9.3,0.7000000000000001,0.8,0.0,-0.1
1698673405826.0,16,0.0,0.0,0.0,1.6,9.3,0.7000000000000001,0.30000000000000004,0.0,-0.1
1698673405844.0,16,0.0,-0.1,0.1,1.6,9.200000000000001,0.7000000000000001,0.1,0.1,-0.4
1698673405859.0,16,0.0,-0.1,0.0,1.6,9.200000000000001,0.7000000000000001,-0.1,0.6000000000000001,-0.30000000000000004
1698673405876.0,16,-0.1,0.0,0.0,1.6,9.200000000000001,0.6000000000000001,-0.7,-0.4,0.2
1698673405894.0,16,0.0,0.0,0.0,1.6,9.200000000000001,0.6000000000000001,-1.0,-1.2000000000000002,0.1
1698673405910.0,16,0.0,0.0,0.0,1.6,9.200000000000001,0.6000000000000001,-0.9,-1.3,-0.2
1698673405926.0,16,0.0,0.0,-0.1,1.6,9.200000000000001,0.6000000000000001,-0.7,-1.6,-0.8
1698673405943.0,16,0.0,0.0,0.0,1.6,9.3,0.6000000000000001,0.30000000000000004,-2.1999999999999997,-0.4
1698673405959.0,16,0.0,0.0,0.0,1.6,9.3,0.6000000000000001,0.8,-2.1999999999999997,-0.4
1698673405976.0,16,0.1,0.0,0.0,1.7000000000000002,9.200000000000001,0.6000000000000001,1.6,-1.7,-1.0
1698673405995.0,16,0.1,0.0,0.0,1.7000000000000002,9.200000000000001,0.6000000000000001,2.1,-0.9,-1.6
1698673406009.0,16,0.1,0.0,0.0,1.7000000000000002,9.200000000000001,0.6000000000000001,2.1999999999999997,-0.9,-1.5000000000000002
1698673406027.0,16,0.1,0.0,0.0,1.7000000000000002,9.200000000000001,0.6000000000000001,2.0,-0.7,-0.8
1698673406042.0,16,0.0,0.0,0.0,1.6,9.200000000000001,0.6000000000000001,1.7,0.2,-0.1
1698673406059.0,16,0.0,0.0,0.0,1.6,9.3,0.6000000000000001,1.0999999999999999,0.6000000000000001,0.0
1698673406076.0,16,0.0,0.0,0.0,1.6,9.3,0.6000000000000001,0.8,0.30000000000000004,-0.1
1698673406092.0,16,0.0,0.0,0.0,1.6,9.3,0.6000000000000001,0.6000000000000001,0.0,-0.4
1698673406109.0,16,0.0,0.0,0.0,1.6,9.3,0.6000000000000001,0.4,0.6000000000000001,-1.2000000000000002
1698673406126.0,16,0.0,0.0,0.0,1.6,9.200000000000001,0.6000000000000001,0.6000000000000001,1.3,-1.3
1698673406142.0,16,0.0,0.0,0.0,1.6,9.3,0.6000000000000001,0.6000000000000001,1.7,-0.7
1698673406159.0,16,0.0,0.1,0.0,1.6,9.3,0.6000000000000001,0.6000000000000001,1.3,-0.4
1698673406176.0,16,0.0,0.0,0.0,1.6,9.200000000000001,0.6000000000000001,0.5,0.5,-0.4
1698673406192.0,16,-0.1,-0.1,0.1,1.5,9.200000000000001,0.7000000000000001,0.9,0.7,-0.8
1698673406209.0,16,-0.1,-0.1,0.1,1.5,9.200000000000001,0.6000000000000001,0.7,1.2000000000000002,-0.8
1698673406226.0,16,-0.1,0.1,0.0,1.5,9.3,0.6000000000000001,0.30000000000000004,1.0999999999999999,-0.8
1698673406242.0,16,0.0,0.1,-0.1,1.5,9.4,0.5,-1.0,-1.0,-1.0
1698673406259.0,16,0.0,0.1,0.0,1.5,9.4,0.6000000000000001,-2.5,-3.3000000000000003,-1.8
1698673406276.0,16,0.0,0.1,0.0,1.5,9.3,0.6000000000000001,-2.5,-3.3000000000000003,-1.8
1698673406293.0,16,0.0,0.0,0.0,1.6,9.200000000000001,0.6000000000000001,-3.5,-3.5,-3.8
1698673406311.0,16,0.1,-0.1,0.0,1.6,9.200000000000001,0.7000000000000001,-3.9,-2.0,-5.2
1698673406325.0,16,0.2,-0.1,0.0,1.7000000000000002,9.1,0.6000000000000001,-3.6,-0.5,-5.4
1698673406343.0,16,0.2,-0.1,0.0,1.8,9.1,0.7000000000000001,-3.5,-0.5,-4.9
1698673406359.0,16,0.2,-0.1,0.0,1.7000000000000002,9.1,0.7000000000000001,-2.7,-0.30000000000000004,-2.8
1698673406376.0,16,0.1,-0.1,0.0,1.7000000000000002,9.200000000000001,0.7000000000000001,-2.1999999999999997,0.1,-1.8
1698673406395.0,16,0.0,0.1,-0.1,1.6,9.4,0.6000000000000001,-1.2000000000000002,1.0999999999999999,-1.6
1698673406409.0,16,0.0,0.1,-0.1,1.5,9.4,0.6000000000000001,-0.5,1.0999999999999999,-2.5
1698673406425.0,16,0.0,0.1,-0.1,1.6,9.4,0.6000000000000001,0.0,1.2000000000000002,-3.0000000000000004
1698673406442.0,16,0.1,0.1,0.0,1.6,9.4,0.6000000000000001,0.1,1.7,-3.0000000000000004
1698673406459.0,16,0.1,0.0,0.0,1.6,9.3,0.6000000000000001,0.8,3.7000000000000006,-2.1999999999999997
1698673406476.0,16,0.1,0.0,-0.1,1.6,9.3,0.6000000000000001,0.9,4.5,-1.5000000000000002
1698673406492.0,16,0.0,0.0,0.0,1.5,9.200000000000001,0.6000000000000001,0.7,4.6000000000000005,0.1
1698673406509.0,16,-0.1,0.0,-0.1,1.4000000000000001,9.200000000000001,0.6000000000000001,0.4,4.6000000000000005,0.9
1698673406526.0,16,-0.2,0.0,0.0,1.3,9.3,0.6000000000000001,0.6000000000000001,3.6,2.9
1698673406542.0,16,-0.30000000000000004,0.1,0.0,1.2000000000000002,9.4,0.6000000000000001,1.0999999999999999,1.5000000000000002,4.5
1698673406559.0,16,-0.30000000000000004,0.1,0.0,1.2000000000000002,9.4,0.6000000000000001,1.4,-0.5,3.2
1698673406575.0,16,-0.30000000000000004,0.1,0.1,1.2000000000000002,9.4,0.7000000000000001,1.8,-0.8,1.8
1698673406593.0,16,-0.2,0.0,0.1,1.3,9.200000000000001,0.7000000000000001,2.8,0.30000000000000004,-0.8
1698673406609.0,16,-0.1,-0.1,0.1,1.4000000000000001,9.200000000000001,0.8,2.5,-0.4,0.1
1698673406626.0,16,-0.1,0.0,0.1,1.3,9.200000000000001,0.7000000000000001,1.4,-1.0,2.5
1698673406642.0,16,-0.1,0.0,0.1,1.4000000000000001,9.3,0.7000000000000001,0.4,-2.1999999999999997,3.1
1698673406659.0,16,0.0,0.1,0.1,1.4000000000000001,9.4,0.7000000000000001,-1.3,-4.1000000000000005,2.1
1698673406676.0,16,0.1,0.1,0.2,1.6,9.3,0.8,-1.7,-4.5,1.2000000000000002
1698673406693.0,16,0.2,-0.1,0.1,1.7000000000000002,9.200000000000001,0.8,-2.1999999999999997,-2.9,-1.2000000000000002
1698673406709.0,16,0.30000000000000004,-0.1,0.0,1.8,9.200000000000001,0.7000000000000001,-2.8,-1.2000000000000002,-1.6
1698673406726.0,16,0.2,0.0,0.0,1.7000000000000002,9.3,0.6000000000000001,-4.3999999999999995,0.0,-0.6000000000000001
1698673406742.0,16,0.1,0.0,-0.1,1.7000000000000002,9.200000000000001,0.6000000000000001,-5.4,-1.2000000000000002,1.7
1698673406759.0,16,0.0,-0.1,-0.1,1.6,9.200000000000001,0.6000000000000001,-5.4,-1.5000000000000002,1.3
1698673406775.0,16,0.1,-0.1,-0.1,1.6,9.200000000000001,0.6000000000000001,-5.0,-1.5000000000000002,0.4
1698673406793.0,16,0.1,0.0,-0.1,1.6,9.200000000000001,0.7000000000000001,-4.0,-2.0,-1.2000000000000002
1698673406809.0,16,0.1,0.0,-0.1,1.6,9.200000000000001,0.6000000000000001,-2.1999999999999997,-0.7,-1.3
1698673406825.0,16,0.0,0.1,-0.2,1.5,9.4,0.5,-1.4,-2.8,-0.2
1698673406843.0,16,0.0,0.1,-0.1,1.5,9.4,0.6000000000000001,-0.4,-5.500000000000001,-1.0
1698673406859.0,16,0.0,0.0,0.0,1.6,9.200000000000001,0.7000000000000001,0.7,-5.2,-2.1
1698673406876.0,16,0.1,-0.1,0.0,1.5,9.200000000000001,0.8,2.0,-3.2,-2.4000000000000004
1698673406892.0,16,0.1,-0.1,0.0,1.6,9.200000000000001,0.7000000000000001,4.3999999999999995,-0.7,-1.3
1698673406910.0,16,0.1,-0.1,0.1,1.6,9.1,0.8,6.8,-0.2,-0.2
1698673406925.0,16,0.1,-0.2,0.2,1.6,9.0,0.9,8.0,0.4,0.4
1698673406942.0,16,0.0,-0.30000000000000004,0.1,1.5,9.0,0.8,9.600000000000001,2.0,2.8
1698673406959.0,16,0.0,0.0,0.1,1.5,9.200000000000001,0.7000000000000001,9.200000000000001,2.1,4.5
1698673406976.0,16,-0.1,0.2,0.1,1.4000000000000001,9.3,0.7000000000000001,8.600000000000001,2.4000000000000004,4.9
1698673406992.0,16,-0.2,0.2,0.1,1.4000000000000001,9.5,0.7000000000000001,7.1000000000000005,2.0,5.7
1698673407011.0,16,-0.2,0.1,0.1,1.3,9.4,0.7000000000000001,4.9,1.2000000000000002,6.1000000000000005
1698673407026.0,16,-0.2,0.0,0.1,1.4000000000000001,9.200000000000001,0.7000000000000001,2.0,0.30000000000000004,5.300000000000001
1698673407043.0,16,-0.1,-0.1,0.1,1.5,9.1,0.7000000000000001,0.30000000000000004,1.5000000000000002,4.5
1698673407059.0,16,-0.1,0.0,-0.1,1.6,9.3,0.5,-2.8,1.8,4.2
1698673407075.0,16,-0.1,0.0,0.0,1.5,9.3,0.6000000000000001,-4.9,-0.30000000000000004,6.2
1698673407092.0,16,-0.2,0.0,-0.1,1.5,9.200000000000001,0.5,-5.4,-0.6000000000000001,7.400000000000001
1698673407110.0,16,-0.2,-0.1,-0.1,1.5,9.1,0.5,-5.500000000000001,-2.1999999999999997,9.0
1698673407126.0,16,-0.1,-0.1,0.0,1.6,9.1,0.6000000000000001,-4.0,-3.0000000000000004,7.6
1698673407142.0,16,0.0,-0.1,0.0,1.8,9.1,0.5,-2.8,-1.5000000000000002,6.8
1698673407159.0,16,0.1,-0.1,0.0,1.8,9.1,0.6000000000000001,-1.3,0.7,5.9
1698673407176.0,16,0.1,-0.1,0.1,1.8,9.1,0.7000000000000001,0.1,1.0,6.5
1698673407192.0,16,0.1,0.2,0.1,1.9000000000000001,9.4,0.7000000000000001,5.300000000000001,-2.3000000000000003,9.700000000000001
1698673407209.0,16,0.1,0.2,0.0,1.9000000000000001,9.4,0.6000000000000001,8.200000000000001,1.5000000000000002,12.000000000000002
1698673407226.0,16,0.0,0.2,0.0,1.9000000000000001,9.4,0.6000000000000001,9.200000000000001,5.0,13.9
1698673407243.0,16,0.1,0.2,-0.2,1.9000000000000001,9.4,0.30000000000000004,8.3,4.7,14.4
1698673407260.0,16,0.0,0.1,-0.1,1.9000000000000001,9.3,0.4,5.8,2.8,14.700000000000001
1698673407276.0,16,-0.30000000000000004,0.4,0.0,1.6,9.600000000000001,0.6000000000000001,2.5,-6.2,16.2
1698673407292.0,16,-0.30000000000000004,0.4,0.0,1.7000000000000002,9.5,0.5,1.4,-6.8,16.2
1698673407309.0,16,-0.1,-0.1,0.1,1.9000000000000001,9.1,0.6000000000000001,-1.8,-4.3999999999999995,12.3
1698673407325.0,16,0.0,-0.5,0.0,2.1,8.700000000000001,0.5,-4.3999999999999995,1.0999999999999999,7.400000000000001
1698673407343.0,16,0.1,-0.4,-0.1,2.2,8.700000000000001,0.5,-5.500000000000001,1.6,7.1000000000000005
1698673407360.0,16,0.0,0.4,-0.1,2.2,9.3,0.5,-6.3,-0.9,10.4
1698673407376.0,16,-0.2,0.5,-0.1,2.0,9.600000000000001,0.4,-4.9,-2.6,13.9
1698673407392.0,16,-0.30000000000000004,0.2,-0.2,1.9000000000000001,9.3,0.4,-3.9,-7.2,14.0
1698673407410.0,16,-0.30000000000000004,0.1,-0.1,1.9000000000000001,9.200000000000001,0.5,-3.6,-9.0,12.6
1698673407425.0,16,-0.1,0.0,-0.30000000000000004,2.0,9.1,0.4,-3.2,-8.9,10.600000000000001
1698673407442.0,16,0.1,-0.1,-0.4,2.4000000000000004,9.0,0.2,-6.6000000000000005,-9.600000000000001,6.6000000000000005
1698673407459.0,16,0.30000000000000004,-0.1,-0.2,2.5,8.9,0.4,-7.500000000000001,-7.9,6.6000000000000005
1698673407475.0,16,0.2,-0.1,-0.30000000000000004,2.5,9.200000000000001,0.2,-8.0,-7.0,7.9
1698673407492.0,16,0.1,0.30000000000000004,-0.4,2.4000000000000004,9.4,0.2,-10.700000000000001,-12.200000000000001,12.100000000000001
1698673407509.0,16,0.0,0.30000000000000004,-0.1,2.3000000000000003,9.4,0.5,-10.5,-17.0,12.8
1698673407525.0,16,0.1,0.2,-0.1,2.5,9.200000000000001,0.6000000000000001,-8.200000000000001,-10.2,10.2
1698673407542.0,16,0.4,0.0,-0.2,2.8000000000000003,9.0,0.4,-8.799999999999999,-4.6000000000000005,8.700000000000001
1698673407558.0,16,0.4,0.0,-0.4,2.9000000000000004,9.0,0.30000000000000004,-9.700000000000001,-4.3999999999999995,7.9
1698673407575.0,16,0.5,0.1,-0.30000000000000004,2.9000000000000004,9.200000000000001,0.5,-12.100000000000001,-1.3,7.699999999999999
1698673407592.0,16,0.4,0.7000000000000001,-0.4,2.9000000000000004,9.700000000000001,0.4,-14.800000000000002,-0.7,11.4
1698673407609.0,16,0.30000000000000004,0.9,-0.4,2.8000000000000003,9.9,0.4,-15.9,-1.9,13.700000000000001
1698673407625.0,16,0.2,1.0,-0.4,2.8000000000000003,10.0,0.5,-18.8,-2.7,16.5
1698673407642.0,16,0.4,1.0,-0.2,3.0,10.0,0.7000000000000001,-19.9,-1.9,16.6
1698673407659.0,16,0.4,1.1,-0.2,3.1,10.0,0.7000000000000001,-20.8,4.0,16.0
1698673407676.0,16,0.6000000000000001,1.2000000000000002,-0.30000000000000004,3.3000000000000003,10.100000000000001,0.4,-21.6,9.9,16.400000000000002
1698673407692.0,16,0.7000000000000001,2.0,-0.30000000000000004,3.3000000000000003,10.600000000000001,1.0,-22.5,13.5,17.5
1698673407709.0,16,0.7000000000000001,2.1,-0.6000000000000001,3.5,11.0,0.6000000000000001,-23.3,32.1,19.500000000000004
1698673407725.0,16,0.9,1.7000000000000002,-0.7000000000000001,3.7,10.600000000000001,0.5,-28.400000000000002,44.3,17.0
1698673407742.0,16,0.9,1.5,-0.5,3.7,10.5,0.8,-30.5,48.800000000000004,14.3
1698673407759.0,16,1.8,2.0,-0.8,4.6000000000000005,10.9,0.7000000000000001,-29.300000000000004,55.800000000000004,7.400000000000001
1698673407776.0,16,1.5,2.3000000000000003,-0.1,4.4,11.200000000000001,1.5,-27.6,47.6,0.2
1698673407792.0,16,1.2000000000000002,2.2,0.30000000000000004,4.0,11.200000000000001,2.0,-20.1,40.1,3.5
1698673407809.0,16,0.9,2.0,0.1,3.8000000000000003,10.9,1.9000000000000001,-3.4,50.300000000000004,18.3
1698673407825.0,16,0.0,1.0,-0.9,3.0,9.9,0.9,1.4,51.900000000000006,27.3
1698673407842.0,16,-1.1,-1.0,-1.0,1.9000000000000001,7.9,0.8,-5.0,32.2,33.400000000000006
1698673407859.0,16,-1.9000000000000001,-2.2,-0.9,1.1,6.7,1.0,-8.799999999999999,21.3,34.900000000000006
1698673407875.0,16,-3.2,-3.9000000000000004,-0.2,-0.1,4.800000000000001,1.6,-14.800000000000002,-5.500000000000001,39.6
1698673407892.0,16,-3.2,-4.2,0.9,0.0,4.5,2.9000000000000004,-13.100000000000001,-0.4,40.0
1698673407909.0,16,-3.2,-4.0,1.1,0.1,4.6000000000000005,3.1,-8.3,14.4,34.50000000000001
1698673407925.0,16,-2.5,-3.2,0.7000000000000001,0.8,5.4,2.7,2.3000000000000003,33.2,15.6
1698673407942.0,16,-1.6,-2.3000000000000003,1.1,1.6,6.300000000000001,3.1,11.3,27.5,-1.3
1698673407959.0,16,-1.4000000000000001,-2.0,1.4000000000000001,1.8,6.6000000000000005,3.4000000000000004,17.0,28.500000000000004,-6.2
1698673407975.0,16,-1.5,-1.7000000000000002,1.2000000000000002,1.7000000000000002,6.9,3.1,27.7,22.4,-10.3
1698673407992.0,16,-1.5,-1.7000000000000002,1.3,1.6,6.9,3.2,30.000000000000004,10.1,-5.9
1698673408009.0,16,-1.4000000000000001,-1.8,1.4000000000000001,1.7000000000000002,6.800000000000001,3.3000000000000003,28.700000000000003,7.500000000000001,-2.6
1698673408025.0,16,-1.1,-1.9000000000000001,1.2000000000000002,2.1,6.7,3.0,24.1,4.1000000000000005,1.3
1698673408042.0,16,-0.8,-1.0,1.3,2.3000000000000003,7.6000000000000005,3.0,17.7,2.7,1.4
1698673408059.0,16,-0.6000000000000001,-0.30000000000000004,1.3,2.5,8.3,3.1,16.400000000000002,3.9,0.6000000000000001
1698673408076.0,16,0.1,0.5,1.3,3.2,9.1,3.0,18.900000000000002,0.0,-5.6
1698673408092.0,16,0.1,0.4,0.7000000000000001,3.2,9.0,2.3000000000000003,18.400000000000002,-7.6,-14.800000000000002
1698673408109.0,16,0.30000000000000004,0.5,0.2,3.3000000000000003,9.1,1.8,11.6,-10.1,-17.0
1698673408125.0,16,0.6000000000000001,0.7000000000000001,0.1,3.6,9.4,1.7000000000000002,8.3,-9.8,-17.9
1698673408142.0,16,1.2000000000000002,1.0,0.7000000000000001,4.1000000000000005,9.700000000000001,2.3000000000000003,7.8,-14.500000000000002,-22.6
1698673408159.0,16,1.3,1.0,0.6000000000000001,4.2,9.700000000000001,2.1,11.1,-16.6,-23.0
1698673408175.0,16,0.9,0.0,0.1,3.8000000000000003,8.8,1.6,14.700000000000001,-19.500000000000004,-16.1
1698673408192.0,16,0.5,-1.3,-0.4,3.4000000000000004,7.5,1.0,8.700000000000001,-24.6,-0.9
1698673408208.0,16,0.6000000000000001,-1.4000000000000001,-0.5,3.8000000000000003,7.5,0.9,2.6,-32.9,9.8
1698673408225.0,16,0.7000000000000001,-1.0,-0.30000000000000004,3.7,7.7,1.1,0.8,-32.6,11.000000000000002
1698673408242.0,16,0.6000000000000001,-0.7000000000000001,0.0,3.6,8.0,1.3,3.6,-31.2,10.8
1698673408260.0,16,0.4,-0.6000000000000001,0.0,3.5,8.200000000000001,1.3,14.0,-34.7,7.6
1698673408276.0,16,0.4,-0.7000000000000001,-0.30000000000000004,3.5,8.0,0.9,17.400000000000002,-34.300000000000004,6.6000000000000005
1698673408292.0,16,0.0,-1.1,-0.4,3.1,7.6000000000000005,0.7000000000000001,18.0,-32.2,5.7
1698673408309.0,16,0.2,-0.7000000000000001,-0.30000000000000004,3.4000000000000004,8.0,0.7000000000000001,18.900000000000002,-34.2,2.0
1698673408325.0,16,0.4,-0.7000000000000001,-0.30000000000000004,3.5,8.0,0.7000000000000001,19.9,-37.1,0.0
1698673408342.0,16,0.4,-0.9,-0.2,3.5,7.800000000000001,0.7000000000000001,19.8,-40.3,-2.8
1698673408359.0,16,0.4,-1.2000000000000002,0.2,3.6,7.5,1.0,20.6,-46.6,-2.7
1698673408375.0,16,0.5,-1.2000000000000002,0.5,3.7,7.5,1.2000000000000002,22.4,-44.9,-4.9
1698673408392.0,16,0.8,-1.3,0.30000000000000004,3.9000000000000004,7.5,0.8,27.3,-25.900000000000002,-13.700000000000001
1698673408409.0,16,0.9,-1.2000000000000002,-0.4,4.0,7.6000000000000005,0.1,21.1,-15.000000000000002,-22.900000000000002
1698673408426.0,16,1.0,-0.9,-0.4,4.0,7.800000000000001,0.1,18.900000000000002,-25.900000000000002,-23.700000000000003
1698673408442.0,16,1.3,-0.1,-0.1,4.3,8.700000000000001,0.30000000000000004,13.8,-41.7,-18.3
1698673408459.0,16,1.2000000000000002,0.1,0.30000000000000004,4.2,8.8,0.5,11.8,-42.5,-6.2
1698673408475.0,16,1.1,0.0,0.5,4.1000000000000005,8.700000000000001,0.8,11.9,-36.5,0.4
1698673408492.0,16,0.8,0.0,-0.2,3.9000000000000004,8.8,0.0,10.600000000000001,-11.5,11.5
1698673408509.0,16,0.9,0.1,-0.7000000000000001,4.0,9.0,-0.7000000000000001,-1.8,-10.3,10.9
1698673408525.0,16,0.7000000000000001,0.7000000000000001,-0.9,3.8000000000000003,9.5,-0.8,-8.3,-20.2,7.8
1698673408542.0,16,0.2,1.3,-0.8,3.3000000000000003,10.100000000000001,-0.6000000000000001,-19.6,-34.300000000000004,6.3
1698673408559.0,16,-0.1,1.3,-0.8,3.0,10.100000000000001,-0.6000000000000001,-24.3,-38.0,7.300000000000001
1698673408577.0,16,-0.5,1.1,-0.1,2.7,9.8,0.1,-29.400000000000002,-36.1,7.400000000000001
1698673408595.0,16,-0.5,0.9,0.2,2.7,9.600000000000001,0.5,-27.1,-14.700000000000001,-0.30000000000000004
1698673408609.0,16,-0.4,0.6000000000000001,-0.1,2.7,9.3,0.30000000000000004,-20.900000000000002,7.1000000000000005,-12.000000000000002
1698673408625.0,16,-0.2,0.4,-0.4,2.9000000000000004,9.200000000000001,0.0,-18.5,13.4,-17.7
1698673408642.0,16,0.30000000000000004,0.4,-1.1,3.3000000000000003,9.200000000000001,-0.6000000000000001,-20.5,19.200000000000003,-28.900000000000002
1698673408659.0,16,0.1,0.6000000000000001,-1.0,3.1,9.5,-0.4,-27.6,12.8,-30.799999999999997
1698673408675.0,16,-0.2,0.6000000000000001,-0.6000000000000001,2.7,9.5,0.0,-27.400000000000002,6.1000000000000005,-26.700000000000003
1698673408692.0,16,-0.8,0.4,-0.7000000000000001,2.0,9.3,0.0,-22.7,-1.0,-11.1
1698673408709.0,16,-0.7000000000000001,0.6000000000000001,-0.4,2.1,9.5,0.30000000000000004,-17.400000000000002,-1.9,0.4
1698673408725.0,16,-0.5,0.7000000000000001,-0.4,2.3000000000000003,9.600000000000001,0.30000000000000004,-12.6,-1.0999999999999999,1.7
1698673408742.0,16,0.0,0.9,-0.1,2.8000000000000003,9.700000000000001,0.6000000000000001,-3.3000000000000003,13.200000000000001,-6.3
1698673408760.0,16,0.0,1.1,-0.4,2.8000000000000003,10.0,0.4,4.0,15.399999999999999,-11.5
1698673408776.0,16,-0.1,1.1,-0.4,2.6,10.0,0.30000000000000004,13.9,14.4,-13.3
1698673408792.0,16,-0.5,0.9,-0.2,2.2,9.8,0.5,24.7,4.5,-7.9
1698673408809.0,16,-0.7000000000000001,0.7000000000000001,-0.1,1.9000000000000001,9.600000000000001,0.5,33.400000000000006,7.300000000000001,-4.800000000000001
1698673408827.0,16,-0.7000000000000001,0.4,-0.1,2.0,9.4,0.4,36.2,9.8,-4.9
1698673408842.0,16,-0.5,0.1,-0.1,2.2,9.1,0.30000000000000004,38.800000000000004,9.200000000000001,-6.2
1698673408859.0,16,-0.4,0.30000000000000004,0.0,2.2,9.3,0.30000000000000004,38.900000000000006,7.500000000000001,-6.2
1698673408876.0,16,-0.4,0.30000000000000004,0.2,2.2,9.3,0.4,37.1,5.8,-4.300000000000001
1698673408893.0,16,-0.5,0.1,0.30000000000000004,2.1,9.1,0.4,35.199999999999996,7.9,-3.5
1698673408911.0,16,-0.2,-0.2,0.1,2.4000000000000004,8.9,0.1,27.400000000000002,9.700000000000001,-3.7000000000000006
1698673408926.0,16,0.0,-0.2,0.1,2.5,8.8,0.1,14.100000000000001,12.8,-6.7
1698673408943.0,16,0.1,-0.1,0.1,2.6,8.9,0.1,7.0,13.4,-7.500000000000001
1698673408959.0,16,0.2,0.2,0.1,2.7,9.200000000000001,0.1,-5.7,11.2,-7.300000000000001
1698673408976.0,16,0.2,0.30000000000000004,0.0,2.8000000000000003,9.3,0.0,-11.4,7.8,-7.400000000000001
1698673408992.0,16,0.0,0.1,0.30000000000000004,2.5,9.200000000000001,0.4,-18.8,-1.9,-8.799999999999999
1698673409009.0,16,0.0,-0.2,0.1,2.5,8.8,0.2,-22.5,5.6,-10.600000000000001
1698673409025.0,16,0.1,-0.30000000000000004,-0.2,2.8000000000000003,8.8,0.0,-28.3,7.9,-15.000000000000002
1698673409042.0,16,0.5,-0.1,-0.1,2.9000000000000004,8.9,0.2,-30.7,5.9,-17.7
1698673409059.0,16,0.7000000000000001,0.30000000000000004,0.1,3.0,9.4,0.5,-30.299999999999997,8.5,-18.8
1698673409075.0,16,0.7000000000000001,0.30000000000000004,0.1,3.0,9.4,0.5,-27.8,10.1,-17.0
1698673409093.0,16,0.7000000000000001,0.1,-0.2,2.9000000000000004,9.1,0.30000000000000004,-22.1,9.0,-10.3
1698673409112.0,16,0.30000000000000004,-0.1,-0.2,2.6,9.0,0.4,-17.8,2.1999999999999997,-4.800000000000001
1698673409126.0,16,0.0,0.0,-0.2,2.3000000000000003,9.1,0.5,-10.8,3.3000000000000003,-3.0000000000000004
1698673409143.0,16,0.0,0.1,-0.2,2.2,9.1,0.4,-6.7,3.8,-3.1
1698673409159.0,16,-0.1,0.0,-0.2,2.1,9.1,0.5,1.6,0.5,-5.300000000000001
1698673409175.0,16,-0.1,-0.1,-0.2,2.1,9.0,0.5,9.0,1.2000000000000002,-6.5
1698673409192.0,16,-0.1,-0.2,-0.1,2.1,8.9,0.5,11.5,1.3,-6.3
1698673409209.0,16,-0.1,-0.30000000000000004,-0.1,2.1,8.8,0.5,14.900000000000002,-0.7,-4.1000000000000005
1698673409225.0,16,-0.1,-0.2,-0.1,2.0,8.9,0.5,15.2,0.0,-2.1
1698673409242.0,16,-0.1,-0.2,0.0,2.0,8.9,0.5,14.700000000000001,0.30000000000000004,-2.1999999999999997
1698673409259.0,16,-0.2,0.0,0.0,2.0,9.1,0.5,13.100000000000001,0.1,-2.6
1698673409276.0,16,-0.1,0.1,0.1,2.0,9.200000000000001,0.5,11.8,0.1,-3.0000000000000004
1698673409292.0,16,-0.1,0.1,0.1,2.0,9.200000000000001,0.6000000000000001,9.3,0.7,-3.4
1698673409309.0,16,-0.1,0.2,0.1,2.0,9.3,0.5,5.300000000000001,0.9,-4.0
1698673409325.0,16,-0.1,0.2,0.2,2.0,9.3,0.6000000000000001,1.8,-1.5000000000000002,-5.1
1698673409342.0,16,-0.1,0.1,0.30000000000000004,2.0,9.3,0.7000000000000001,0.0,-0.7,-5.300000000000001
1698673409359.0,16,0.0,-0.1,0.2,2.0,9.1,0.7000000000000001,-2.7,2.0,-5.300000000000001
1698673409375.0,16,0.0,-0.2,0.1,2.0,9.0,0.6000000000000001,-5.500000000000001,2.0,-4.800000000000001
1698673409392.0,16,0.0,-0.1,0.1,2.1,9.0,0.5,-7.9,0.6000000000000001,-3.8
1698673409409.0,16,-0.1,-0.1,0.1,2.0,9.0,0.6000000000000001,-8.700000000000001,0.4,-3.5
1698673409425.0,16,-0.1,0.0,0.0,1.9000000000000001,9.1,0.5,-8.600000000000001,2.5,-3.4
1698673409442.0,16,-0.1,0.0,-0.1,1.9000000000000001,9.1,0.4,-8.700000000000001,5.2,-3.8
1698673409459.0,16,0.1,0.0,-0.1,2.1,9.1,0.5,-8.3,7.9,-5.0
1698673409476.0,16,0.2,0.1,0.0,2.2,9.3,0.5,-5.500000000000001,9.5,-4.0
1698673409495.0,16,0.1,0.2,0.0,2.1,9.3,0.6000000000000001,-3.6,9.200000000000001,-2.6
1698673409509.0,16,-0.1,0.0,-0.2,1.9000000000000001,9.200000000000001,0.4,1.5000000000000002,4.300000000000001,-0.5
1698673409525.0,16,-0.1,-0.1,-0.2,1.9000000000000001,9.1,0.4,2.6,0.9,-2.6
1698673409543.0,16,-0.1,-0.1,-0.1,1.9000000000000001,9.1,0.5,3.6,-1.0999999999999999,-3.5
1698673409559.0,16,0.1,0.0,0.0,2.0,9.200000000000001,0.5,4.7,1.7,-2.9
1698673409575.0,16,0.2,0.1,0.0,2.2,9.200000000000001,0.6000000000000001,4.6000000000000005,3.1,-2.7
1698673409592.0,16,0.1,0.0,0.1,2.1,9.200000000000001,0.5,4.800000000000001,4.7,-2.1999999999999997
1698673409609.0,16,0.1,0.1,0.0,2.0,9.3,0.5,4.300000000000001,4.1000000000000005,-1.0999999999999999
1698673409626.0,16,-0.2,0.0,-0.1,1.8,9.200000000000001,0.4,2.5,1.7,0.9
1698673409642.0,16,-0.2,0.0,-0.1,1.7000000000000002,9.1,0.4,0.8,0.8,0.9
1698673409659.0,16,-0.2,0.0,-0.1,1.7000000000000002,9.1,0.4,-2.8,0.4,-1.3
1698673409675.0,16,0.0,0.2,0.0,1.9000000000000001,9.4,0.5,-4.7,0.8,-4.0
1698673409692.0,16,0.2,0.30000000000000004,0.0,2.0,9.4,0.5,-5.500000000000001,1.2000000000000002,-4.300000000000001
1698673409709.0,16,0.1,0.2,0.0,2.0,9.3,0.5,-5.2,0.30000000000000004,-3.5
1698673409726.0,16,0.0,0.1,0.0,1.9000000000000001,9.3,0.6000000000000001,-4.0,-0.7,-1.6
1698673409742.0,16,-0.1,0.1,0.0,1.8,9.3,0.5,-3.5,-0.8,-1.3
1698673409759.0,16,0.0,-0.1,-0.1,1.8,9.1,0.5,-3.5,-1.8,-2.1
1698673409776.0,16,0.1,-0.2,-0.1,2.0,8.9,0.5,-5.0,0.7,-4.1000000000000005
1698673409793.0,16,0.1,-0.1,-0.1,2.0,9.1,0.5,-5.8,1.5000000000000002,-4.7
1698673409809.0,16,0.1,0.30000000000000004,-0.1,1.9000000000000001,9.5,0.5,-6.6000000000000005,0.4,-2.4000000000000004
1698673409825.0,16,0.0,0.4,-0.1,1.8,9.600000000000001,0.5,-6.3,-0.8,-1.9
1698673409842.0,16,-0.1,0.4,0.0,1.7000000000000002,9.5,0.6000000000000001,-4.1000000000000005,-2.1999999999999997,-2.4000000000000004
1698673409859.0,16,0.0,0.2,0.0,1.8,9.4,0.6000000000000001,-3.0000000000000004,-2.1,-3.4
1698673409876.0,16,0.1,0.0,0.1,1.9000000000000001,9.200000000000001,0.8,-0.30000000000000004,-0.30000000000000004,-6.2
1698673409892.0,16,0.1,-0.1,0.1,2.0,9.0,0.7000000000000001,1.8,2.5,-7.300000000000001
1698673409909.0,16,0.2,-0.30000000000000004,0.0,2.0,8.9,0.6000000000000001,1.9,2.9,-7.0
1698673409925.0,16,0.2,-0.30000000000000004,-0.1,2.0,8.9,0.6000000000000001,0.8,2.8,-5.1
1698673409942.0,16,0.2,-0.30000000000000004,-0.1,1.9000000000000001,9.0,0.5,-0.8,2.9,-1.8
1698673409959.0,16,0.0,-0.1,-0.1,1.8,9.1,0.5,-1.9,3.0000000000000004,-0.8
1698673409975.0,16,0.0,0.0,-0.1,1.7000000000000002,9.200000000000001,0.5,-3.3000000000000003,2.1,-0.5
1698673409992.0,16,-0.1,0.1,-0.1,1.7000000000000002,9.3,0.6000000000000001,-3.7000000000000006,1.8,-1.3
1698673410009.0,16,-0.2,0.1,-0.1,1.6,9.3,0.6000000000000001,-4.300000000000001,3.4,-2.8
1698673410025.0,16,-0.1,0.0,-0.1,1.6,9.200000000000001,0.6000000000000001,-4.7,3.6,-3.5
1698673410042.0,16,0.0,0.1,0.0,1.7000000000000002,9.3,0.7000000000000001,-4.3999999999999995,0.9,-2.4000000000000004
1698673410059.0,16,-0.1,0.1,0.0,1.6,9.3,0.7000000000000001,-4.1000000000000005,-0.1,-0.9
1698673410076.0,16,-0.1,0.2,0.0,1.6,9.3,0.7000000000000001,-2.9,-1.5000000000000002,1.8
1698673410092.0,16,-0.2,0.1,0.0,1.5,9.3,0.7000000000000001,-2.4000000000000004,-1.6,2.7
1698673410109.0,16,-0.30000000000000004,0.2,0.0,1.4000000000000001,9.4,0.7000000000000001,-1.8,-1.0,2.3000000000000003
1698673410125.0,16,-0.30000000000000004,0.1,0.0,1.4000000000000001,9.3,0.7000000000000001,-1.0999999999999999,-3.5,0.9
1698673410142.0,16,-0.2,0.0,0.1,1.5,9.200000000000001,0.8,-0.2,-3.3000000000000003,-1.4
1698673410159.0,16,-0.1,-0.1,0.1,1.6,9.1,0.8,0.2,-3.1,-2.3000000000000003
1698673410175.0,16,0.0,-0.1,0.1,1.6,9.1,0.8,0.4,-3.7000000000000006,-2.6
1698673410192.0,16,0.0,-0.1,0.1,1.7000000000000002,9.1,0.8,0.30000000000000004,-4.7,-1.0999999999999999
1698673410209.0,16,0.0,-0.1,0.1,1.7000000000000002,9.200000000000001,0.9,-0.7,-6.5,0.30000000000000004
1698673410226.0,16,0.0,0.0,0.2,1.7000000000000002,9.200000000000001,0.9,-0.8,-6.9,0.6000000000000001
1698673410242.0,16,0.1,0.0,0.2,1.8,9.200000000000001,0.9,-1.3,-5.500000000000001,-0.8
1698673410258.0,16,0.2,-0.1,0.2,1.9000000000000001,9.1,0.9,-1.8,-2.1,-2.6
1698673410275.0,16,0.2,-0.1,0.1,1.9000000000000001,9.1,0.9,-2.1,-1.0,-3.0000000000000004
1698673410292.0,16,0.30000000000000004,-0.2,0.1,2.0,9.0,0.9,-2.7,-0.30000000000000004,-2.6
1698673410309.0,16,0.30000000000000004,-0.2,0.1,2.0,9.0,0.9,-3.2,-0.4,-2.0
1698673410325.0,16,0.30000000000000004,-0.2,0.1,2.0,9.0,0.9,-4.0,-1.5000000000000002,0.0
1698673410342.0,16,0.1,-0.1,0.1,1.8,9.0,0.9,-3.9,-1.6,1.7
1698673410359.0,16,0.0,-0.1,0.1,1.8,9.1,0.9,-3.7000000000000006,-1.3,1.5000000000000002
1698673410375.0,16,0.1,0.0,0.0,1.8,9.1,0.8,-3.0000000000000004,-0.30000000000000004,-0.4
1698673410392.0,16,0.1,-0.1,0.0,1.8,9.1,0.9,-2.1999999999999997,0.2,-1.9
1698673410409.0,16,0.1,-0.1,0.0,1.9000000000000001,9.0,0.9,-1.4,1.0,-1.8
1698673410425.0,16,0.1,-0.1,0.0,1.8,9.1,0.8,-0.30000000000000004,2.4000000000000004,-0.8
1698673410442.0,16,-0.1,0.0,-0.1,1.6,9.1,0.8,0.6000000000000001,1.8,0.30000000000000004
1698673410459.0,16,-0.2,0.0,-0.1,1.5,9.1,0.8,0.9,0.6000000000000001,0.8
1698673410476.0,16,-0.2,0.0,-0.1,1.5,9.1,0.8,1.2000000000000002,-0.2,0.9
1698673410492.0,16,-0.30000000000000004,0.0,0.0,1.4000000000000001,9.1,0.8,2.3000000000000003,-2.0,-0.1
1698673410509.0,16,-0.2,-0.1,0.0,1.5,9.1,0.8,3.1,-2.4000000000000004,-0.8
1698673410526.0,16,-0.1,-0.1,0.0,1.6,9.0,0.8,3.9,-2.4000000000000004,-2.3000000000000003
1698673410542.0,16,0.0,-0.1,0.0,1.6,9.0,0.8,4.6000000000000005,-3.0000000000000004,-2.8
1698673410560.0,16,0.0,-0.1,0.1,1.6,9.0,0.9,5.8,-3.6,-2.9
1698673410576.0,16,0.0,-0.1,0.1,1.7000000000000002,9.0,0.9,6.7,-3.8,-2.9
1698673410595.0,16,0.0,-0.1,0.1,1.7000000000000002,9.1,0.9,8.4,-3.5,-3.0000000000000004
1698673410609.0,16,0.1,0.0,0.1,1.7000000000000002,9.1,0.8,8.700000000000001,-3.1,-3.0000000000000004
1698673410626.0,16,0.2,0.30000000000000004,0.1,1.8,9.4,0.8,8.200000000000001,-2.0,-2.7
1698673410642.0,16,0.1,0.30000000000000004,0.0,1.8,9.4,0.7000000000000001,6.7,-2.7,-3.1
1698673410659.0,16,0.2,0.0,0.0,1.8,9.200000000000001,0.7000000000000001,5.1,-4.300000000000001,-3.8
1698673410675.0,16,0.2,0.0,0.1,1.8,9.1,0.8,4.300000000000001,-4.0,-3.9
1698673410693.0,16,0.1,0.0,0.0,1.7000000000000002,9.1,0.6000000000000001,2.1999999999999997,-0.1,-3.1
1698673410709.0,16,0.1,0.0,-0.2,1.7000000000000002,9.200000000000001,0.5,-0.7,0.7,-1.4
1698673410726.0,16,-0.1,0.2,-0.2,1.5,9.3,0.5,-3.2,-1.3,-0.4
1698673410742.0,16,-0.2,0.2,-0.2,1.4000000000000001,9.3,0.5,-3.7000000000000006,-2.1999999999999997,-0.1
1698673410759.0,16,-0.30000000000000004,0.1,-0.2,1.3,9.3,0.5,-3.8,-3.0000000000000004,0.0
1698673410775.0,16,-0.2,0.2,-0.2,1.4000000000000001,9.3,0.5,-3.0000000000000004,-4.7,-1.2000000000000002
1698673410792.0,16,-0.1,0.0,-0.1,1.5,9.200000000000001,0.6000000000000001,-1.0,-6.000000000000001,-4.3999999999999995
1698673410809.0,16,0.0,0.0,-0.1,1.6,9.200000000000001,0.6000000000000001,2.1,-2.1999999999999997,-5.9
1698673410826.0,16,0.0,0.0,-0.1,1.6,9.200000000000001,0.6000000000000001,3.4,-1.6,-5.8
1698673410842.0,16,0.2,0.1,-0.2,1.8,9.3,0.5,6.4,-1.3,-4.7
1698673410859.0,16,0.2,0.1,0.0,1.7000000000000002,9.200000000000001,0.6000000000000001,8.700000000000001,-3.0000000000000004,-2.3000000000000003
1698673410875.0,16,0.1,0.1,0.0,1.6,9.3,0.5,9.8,-3.2,-0.5
1698673410892.0,16,-0.1,0.0,0.0,1.5,9.200000000000001,0.5,11.3,-3.8,1.7
1698673410909.0,16,-0.2,0.1,0.0,1.3,9.3,0.5,11.5,-5.2,1.0
1698673410925.0,16,-0.2,0.1,0.1,1.4000000000000001,9.3,0.5,11.3,-5.300000000000001,0.5
1698673410942.0,16,-0.1,0.2,0.0,1.5,9.4,0.5,10.2,-5.4,-2.3000000000000003
1698673410959.0,16,0.0,0.1,0.0,1.6,9.3,0.4,7.9,-5.2,-4.2
1698673410975.0,16,0.1,0.1,0.0,1.6,9.4,0.4,4.6000000000000005,-4.6000000000000005,-4.7
1698673410992.0,16,0.1,0.1,0.0,1.6,9.4,0.4,2.9,-4.7,-4.7
1698673411009.0,16,0.1,0.0,0.0,1.6,9.3,0.4,1.0999999999999999,-3.8,-4.5
1698673411025.0,16,0.2,0.1,-0.1,1.7000000000000002,9.4,0.30000000000000004,-1.9,-1.3,-4.2
1698673411042.0,16,0.2,0.1,-0.1,1.7000000000000002,9.3,0.30000000000000004,-4.6000000000000005,-1.0,-4.0
1698673411059.0,16,0.2,0.0,-0.1,1.7000000000000002,9.3,0.30000000000000004,-5.500000000000001,0.30000000000000004,-3.8
1698673411075.0,16,0.2,0.0,-0.1,1.7000000000000002,9.3,0.30000000000000004,-6.3,3.1,-2.9
1698673411093.0,16,0.0,0.1,-0.2,1.6,9.4,0.30000000000000004,-5.8,4.0,-0.9
1698673411109.0,16,0.0,0.0,-0.2,1.5,9.3,0.30000000000000004,-4.6000000000000005,4.0,0.7
1698673411125.0,16,-0.1,0.1,-0.2,1.4000000000000001,9.4,0.30000000000000004,-2.8,4.1000000000000005,1.5000000000000002
1698673411142.0,16,-0.1,0.1,-0.1,1.4000000000000001,9.4,0.30000000000000004,-1.7,3.9,1.6
1698673411159.0,16,-0.2,0.1,-0.1,1.3,9.3,0.30000000000000004,1.0,3.4,1.4
1698673411175.0,16,-0.2,0.1,-0.1,1.3,9.4,0.30000000000000004,2.6,2.6,1.0
1698673411192.0,16,-0.1,0.1,0.0,1.4000000000000001,9.4,0.4,5.300000000000001,2.1,-0.5
1698673411209.0,16,0.0,0.0,0.0,1.5,9.3,0.4,7.6,2.8,-1.0
1698673411226.0,16,0.0,0.0,0.0,1.6,9.3,0.4,8.3,3.0000000000000004,-0.8
1698673411242.0,16,0.0,0.0,0.0,1.5,9.3,0.4,8.600000000000001,3.1,1.3
1698673411259.0,16,0.0,0.0,0.0,1.5,9.3,0.30000000000000004,8.0,2.6,1.7
1698673411275.0,16,-0.1,0.0,0.0,1.4000000000000001,9.3,0.30000000000000004,7.2,2.0,1.7
1698673411293.0,16,-0.1,0.0,0.0,1.4000000000000001,9.3,0.30000000000000004,5.300000000000001,1.5000000000000002,1.3
1698673411309.0,16,0.0,0.1,0.1,1.5,9.4,0.30000000000000004,4.2,1.5000000000000002,1.0999999999999999
1698673411325.0,16,0.0,0.0,0.0,1.5,9.3,0.30000000000000004,1.8,1.9,0.5
1698673411342.0,16,0.0,0.0,0.0,1.5,9.3,0.30000000000000004,-0.5,1.0999999999999999,0.1
1698673411359.0,16,0.0,0.0,0.0,1.5,9.3,0.30000000000000004,-2.5,0.8,0.1
1698673411375.0,16,0.0,0.0,0.0,1.5,9.3,0.4,-3.2,1.7,0.2
1698673411392.0,16,0.0,-0.1,0.0,1.5,9.3,0.30000000000000004,-3.6,2.5,0.4
1698673411409.0,16,0.0,0.1,-0.1,1.5,9.4,0.30000000000000004,-4.5,2.1,0.8
1698673411425.0,16,-0.1,0.0,0.0,1.5,9.3,0.30000000000000004,-4.3999999999999995,1.9,1.0
1698673411442.0,16,-0.1,0.0,-0.1,1.4000000000000001,9.3,0.30000000000000004,-3.5,1.2000000000000002,1.6
1698673411459.0,16,0.0,0.0,-0.1,1.5,9.3,0.30000000000000004,-2.8,0.0,2.1999999999999997
1698673411475.0,16,0.0,0.1,0.0,1.5,9.4,0.30000000000000004,-1.2000000000000002,-0.2,1.7
1698673411492.0,16,-0.1,0.0,0.0,1.4000000000000001,9.3,0.30000000000000004,0.8,0.5,1.0
1698673411509.0,16,0.0,0.0,0.0,1.5,9.3,0.30000000000000004,1.4,0.4,0.7
1698673411525.0,16,0.0,0.0,0.0,1.5,9.3,0.30000000000000004,2.7,0.6000000000000001,0.9
1698673411542.0,16,0.0,0.0,0.0,1.6,9.3,0.4,3.2,1.0,1.3
1698673411559.0,16,0.0,0.0,0.0,1.5,9.3,0.4,3.3000000000000003,1.0999999999999999,1.3
1698673411575.0,16,0.0,0.0,-0.1,1.5,9.3,0.30000000000000004,2.5,1.0,1.2000000000000002
1698673411592.0,16,0.0,0.0,0.0,1.5,9.3,0.30000000000000004,1.9,0.30000000000000004,1.2000000000000002
1698673411609.0,16,0.0,0.0,0.0,1.5,9.3,0.30000000000000004,0.9,-0.4,0.6000000000000001
1698673411625.0,16,0.0,0.0,0.0,1.5,9.3,0.30000000000000004,0.4,-0.4,0.1
1698673411642.0,16,0.0,0.0,0.1,1.6,9.3,0.4,-0.5,-0.4,-0.30000000000000004
1698673411658.0,16,0.1,0.0,0.1,1.6,9.200000000000001,0.4,-0.5,0.5,0.1
1698673411676.0,16,0.0,0.0,0.0,1.6,9.200000000000001,0.4,-0.5,1.0999999999999999,0.2
1698673411692.0,16,0.0,0.0,0.0,1.6,9.3,0.30000000000000004,-0.30000000000000004,1.7,0.2
1698673411709.0,16,0.0,0.0,0.0,1.6,9.3,0.30000000000000004,-0.5,1.5000000000000002,0.1
1698673411725.0,16,0.0,0.0,0.0,1.5,9.3,0.30000000000000004,-0.7,1.2000000000000002,0.2
1698673411742.0,16,0.0,0.0,0.0,1.5,9.3,0.30000000000000004,-0.7,0.6000000000000001,0.2
1698673411758.0,16,-0.1,0.0,0.0,1.5,9.3,0.30000000000000004,-0.7,0.4,0.2
1698673411775.0,16,0.0,0.0,0.0,1.5,9.3,0.4,-0.5,0.6000000000000001,-0.2
1698673411792.0,16,-0.1,0.0,0.0,1.5,9.3,0.30000000000000004,-0.1,0.4,-0.1
1698673411809.0,16,0.0,0.0,0.0,1.5,9.3,0.30000000000000004,0.30000000000000004,0.30000000000000004,0.2
1698673411826.0,16,0.0,0.0,0.0,1.5,9.3,0.4,0.6000000000000001,-0.4,0.2
1698673411843.0,16,0.0,0.0,0.0,1.5,9.3,0.4,0.8,-0.5,-0.2
1698673411859.0,16,0.0,0.0,0.0,1.5,9.3,0.4,1.2000000000000002,-0.30000000000000004,-0.2
1698673411877.0,16,0.0,0.0,0.0,1.6,9.3,0.4,1.0999999999999999,0.0,-0.1
1698673411892.0,16,0.1,0.0,0.0,1.6,9.3,0.30000000000000004,0.6000000000000001,0.2,-0.2
1698673411909.0,16,0.0,0.0,0.0,1.6,9.3,0.30000000000000004,-0.2,0.4,-0.4
1698673411925.0,16,0.0,0.0,0.0,1.6,9.3,0.30000000000000004,-1.3,0.6000000000000001,-0.30000000000000004
1698673411942.0,16,0.0,0.0,0.0,1.6,9.200000000000001,0.30000000000000004,-1.7,0.6000000000000001,-0.30000000000000004
1698673411959.0,16,0.0,0.0,0.0,1.5,9.3,0.30000000000000004,-1.8,0.5,-0.1
1698673411976.0,16,-0.1,0.0,0.0,1.5,9.3,0.30000000000000004,-1.8,-0.5,-0.2
1698673411992.0,16,-0.1,0.0,0.0,1.5,9.3,0.30000000000000004,-1.5000000000000002,-0.4,-0.2
1698673412009.0,16,0.0,0.0,0.0,1.5,9.3,0.30000000000000004,-0.7,-0.5,-0.6000000000000001
1698673412025.0,16,0.0,0.0,0.0,1.5,9.3,0.4,0.4,-1.0,-0.9
1698673412042.0,16,0.0,0.0,0.0,1.6,9.3,0.4,1.3,-1.3,-0.7
1698673412059.0,16,0.0,0.0,0.0,1.6,9.3,0.4,1.6,-1.0999999999999999,-0.5
1698673412075.0,16,0.1,0.0,0.1,1.6,9.3,0.4,2.1,-0.7,-0.1
1698673412092.0,16,0.0,0.0,0.1,1.6,9.3,0.4,2.1,-0.4,0.1
1698673412109.0,16,0.0,0.0,0.0,1.5,9.3,0.4,1.7,0.7,-0.2
1698673412125.0,16,0.0,0.0,0.0,1.5,9.3,0.4,0.4,0.7,-0.6000000000000001
1698673412142.0,16,0.0,0.0,0.0,1.5,9.3,0.4,-0.5,0.4,-0.6000000000000001
1698673412159.0,16,0.0,0.0,0.0,1.5,9.3,0.30000000000000004,-2.1999999999999997,-0.1,-0.7
1698673412177.0,16,0.0,0.0,0.0,1.5,9.3,0.4,-3.0000000000000004,0.0,-0.9
1698673412192.0,16,0.0,0.0,0.0,1.5,9.3,0.30000000000000004,-4.1000000000000005,0.2,-1.0
1698673412212.0,16,0.0,0.0,0.0,1.5,9.3,0.30000000000000004,-4.6000000000000005,0.0,-1.3
1698673412225.0,16,0.0,0.0,0.0,1.5,9.3,0.4,-4.3999999999999995,0.0,-1.5000000000000002
1698673412242.0,16,0.0,0.0,0.0,1.5,9.200000000000001,0.4,-3.6,0.0,-1.4
1698673412258.0,16,0.0,0.0,-0.1,1.5,9.3,0.30000000000000004,-2.7,0.1,-0.5
1698673412275.0,16,-0.1,0.0,-0.1,1.5,9.3,0.30000000000000004,-2.4000000000000004,-0.1,0.0
1698673412292.0,16,-0.1,0.1,0.0,1.4000000000000001,9.3,0.4,-1.9,-0.5,0.2
1698673412310.0,16,0.0,0.0,0.0,1.5,9.3,0.4,-0.6000000000000001,-1.0999999999999999,-0.30000000000000004
1698673412326.0,16,0.1,0.0,0.0,1.6,9.3,0.4,0.4,-0.7,-1.3
1698673412342.0,16,0.1,0.0,0.0,1.6,9.3,0.4,0.8,-0.5,-1.4
1698673412359.0,16,0.1,0.0,0.0,1.6,9.3,0.4,0.7,0.7,-1.0999999999999999
1698673412378.0,16,0.0,0.0,0.0,1.5,9.3,0.4,-0.30000000000000004,0.30000000000000004,-0.1
1698673412393.0,16,0.0,0.1,0.0,1.5,9.3,0.4,-1.6,-0.1,0.0
1698673412409.0,16,0.0,0.0,0.0,1.5,9.3,0.4,-2.4000000000000004,0.1,-0.7
1698673412425.0,16,0.0,0.0,0.0,1.5,9.3,0.4,-2.5,0.2,-1.2000000000000002
1698673412442.0,16,0.0,0.0,0.0,1.5,9.200000000000001,0.4,-2.5,0.6000000000000001,-1.5000000000000002
1698673412459.0,16,0.0,0.0,0.0,1.5,9.200000000000001,0.4,-2.4000000000000004,0.7,-1.5000000000000002
1698673412475.0,16,0.0,0.0,0.0,1.5,9.3,0.5,-1.9,1.0,-1.0999999999999999
1698673412492.0,16,0.0,0.0,0.0,1.5,9.3,0.4,-1.5000000000000002,1.3,-1.0
1698673412509.0,16,0.0,0.1,0.0,1.5,9.3,0.5,-0.6000000000000001,1.3,-0.5
1698673412525.0,16,0.0,0.1,0.0,1.4000000000000001,9.4,0.4,-0.4,1.2000000000000002,-0.4
1698673412542.0,16,0.0,0.0,0.0,1.4000000000000001,9.3,0.5,-0.30000000000000004,0.9,-0.6000000000000001
1698673412558.0,16,0.0,0.0,0.0,1.5,9.3,0.5,-0.30000000000000004,0.6000000000000001,-1.0999999999999999
1698673412575.0,16,0.0,0.0,0.0,1.4000000000000001,9.3,0.5,-0.6000000000000001,0.4,-1.4
1698673412592.0,16,0.0,-0.1,0.0,1.4000000000000001,9.200000000000001,0.5,-1.0999999999999999,-0.2,-1.3
1698673412609.0,16,0.0,-0.1,0.0,1.4000000000000001,9.200000000000001,0.5,-1.0999999999999999,-0.4,-1.2000000000000002
1698673412625.0,16,0.0,0.0,0.0,1.5,9.3,0.5,-1.6,-0.30000000000000004,-1.0
1698673412642.0,16,0.0,0.0,0.0,1.5,9.3,0.5,-1.8,-0.4,-1.0999999999999999
1698673412659.0,16,0.0,0.0,0.0,1.4000000000000001,9.3,0.5,-2.1999999999999997,-0.2,-0.8
1698673412675.0,16,0.0,0.0,0.0,1.4000000000000001,9.3,0.5,-2.4000000000000004,-0.30000000000000004,-0.5
1698673412693.0,16,0.0,0.0,0.0,1.4000000000000001,9.3,0.5,-2.4000000000000004,-0.8,-0.4
1698673412709.0,16,0.0,0.0,0.0,1.5,9.200000000000001,0.5,-2.1,-1.0,-0.8
1698673412725.0,16,0.1,-0.1,0.0,1.5,9.200000000000001,0.5,-1.9,-0.9,-0.9
1698673412742.0,16,0.1,0.0,0.0,1.5,9.200000000000001,0.5,-1.7,-0.7,-1.0
1698673412758.0,16,0.1,0.0,0.0,1.5,9.3,0.5,-1.0999999999999999,0.7,-0.2
1698673412775.0,16,0.0,0.0,0.0,1.5,9.3,0.5,-0.7,1.2000000000000002,-0.1
1698673412792.0,16,0.0,0.0,0.0,1.4000000000000001,9.3,0.5,-0.2,1.2000000000000002,0.4
1698673412811.0,16,0.0,0.0,0.0,1.4000000000000001,9.3,0.5,0.1,0.9,0.5
1698673412825.0,16,0.0,0.1,0.0,1.4000000000000001,9.4,0.5,0.2,0.9,0.5
1698673412842.0,16,0.0,0.1,-0.1,1.4000000000000001,9.3,0.5,0.30000000000000004,0.6000000000000001,0.4
1698673412859.0,16,0.0,0.0,0.0,1.4000000000000001,9.3,0.5,0.30000000000000004,0.1,-0.1
1698673412877.0,16,0.0,0.0,0.0,1.4000000000000001,9.3,0.5,0.2,0.0,-0.4
1698673412892.0,16,0.0,0.0,0.0,1.4000000000000001,9.3,0.5,-0.2,0.1,-0.4
1698673412908.0,16,0.0,0.1,0.0,1.4000000000000001,9.3,0.5,-0.30000000000000004,0.2,-0.30000000000000004
1698673412925.0,16,0.0,0.1,0.0,1.5,9.4,0.5,-0.30000000000000004,0.30000000000000004,-0.5
1698673412942.0,16,0.0,0.0,0.0,1.5,9.3,0.5,-0.4,0.5,-0.6000000000000001
1698673412958.0,16,0.0,0.0,0.0,1.4000000000000001,9.3,0.5,-0.7,0.9,0.0
1698673412976.0,16,-0.1,0.0,0.0,1.4000000000000001,9.3,0.5,-0.7,0.5,0.6000000000000001
1698673412992.0,16,-0.1,0.0,0.0,1.4000000000000001,9.3,0.5,-1.0,-0.4,1.0999999999999999
1698673413009.0,16,0.0,0.0,0.0,1.4000000000000001,9.3,0.5,-1.2000000000000002,0.0,0.4
1698673413026.0,16,0.0,0.0,0.0,1.4000000000000001,9.3,0.5,-1.3,0.1,-0.1
1698673413042.0,16,0.0,0.0,0.0,1.4000000000000001,9.3,0.5,-1.3,0.1,-0.6000000000000001
1698673413059.0,16,0.0,0.0,0.0,1.4000000000000001,9.3,0.5,-1.0999999999999999,0.1,-0.5
1698673413075.0,16,0.0,-0.1,0.0,1.4000000000000001,9.200000000000001,0.5,-1.0,0.0,-0.2
1698673413092.0,16,0.0,0.0,0.0,1.4000000000000001,9.3,0.5,-0.9,-0.30000000000000004,0.4
1698673413108.0,16,0.1,0.0,0.0,1.5,9.3,0.5,-0.5,-0.1,0.0
1698673413125.0,16,0.0,0.0,0.0,1.5,9.3,0.5,-0.2,0.7,-0.2
1698673413142.0,16,0.0,0.1,-0.1,1.4000000000000001,9.4,0.5,-0.2,0.7,0.30000000000000004
1698673413158.0,16,0.0,0.0,0.0,1.4000000000000001,9.3,0.5,-0.1,-0.7,0.7
1698673413176.0,16,0.0,0.0,0.0,1.5,9.3,0.5,0.4,-0.1,0.4
1698673413192.0,16,0.0,0.0,0.0,1.5,9.200000000000001,0.5,0.8,0.0,0.1
1698673413208.0,16,0.1,0.0,0.1,1.5,9.200000000000001,0.6000000000000001,1.4,-0.2,0.4
1698673413225.0,16,0.0,-0.1,0.1,1.5,9.200000000000001,0.6000000000000001,1.9,0.30000000000000004,0.6000000000000001
1698673413242.0,16,0.0,-0.1,0.0,1.4000000000000001,9.200000000000001,0.5,2.3000000000000003,0.9,0.7
1698673413259.0,16,0.0,0.0,0.0,1.4000000000000001,9.3,0.5,2.3000000000000003,0.7,0.7
1698673413275.0,16,0.0,0.0,0.0,1.4000000000000001,9.3,0.5,2.1999999999999997,0.6000000000000001,0.7
1698673413295.0,16,0.0,0.0,0.0,1.4000000000000001,9.3,0.5,1.9,0.30000000000000004,1.0
1698673413309.0,16,0.0,0.0,0.0,1.4000000000000001,9.3,0.5,1.6,0.30000000000000004,1.0999999999999999
1698673413325.0,16,0.0,0.0,0.0,1.4000000000000001,9.3,0.5,1.5000000000000002,0.30000000000000004,0.8
1698673413342.0,16,0.0,0.0,0.0,1.4000000000000001,9.3,0.5,1.0,0.0,0.4
1698673413358.0,16,0.0,0.0,0.0,1.5,9.3,0.5,0.7,-0.4,0.4
1698673413375.0,16,0.0,0.0,0.0,1.5,9.3,0.5,0.6000000000000001,-0.4,0.2
1698673413392.0,16,0.1,0.0,0.0,1.5,9.3,0.5,0.5,1.0,0.30000000000000004
1698673413411.0,16,0.0,0.0,0.0,1.5,9.3,0.5,0.0,0.9,0.8
1698673413425.0,16,0.0,0.0,0.0,1.4000000000000001,9.3,0.4,-0.30000000000000004,0.5,1.0999999999999999
1698673413442.0,16,0.0,0.0,0.0,1.4000000000000001,9.3,0.5,-0.5,0.1,0.6000000000000001
1698673413458.0,16,0.0,0.0,0.0,1.4000000000000001,9.3,0.5,-0.4,-0.1,0.30000000000000004
1698673413475.0,16,0.0,0.0,0.0,1.5,9.3,0.5,-0.30000000000000004,0.1,0.1
1698673413493.0,16,0.0,0.0,0.0,1.5,9.3,0.5,-0.1,0.30000000000000004,0.4
1698673413510.0,16,0.0,0.0,0.0,1.4000000000000001,9.3,0.5,-0.1,-0.1,0.8
1698673413525.0,16,0.0,0.0,0.0,1.5,9.3,0.5,0.0,-0.5,0.8
1698673413542.0,16,0.0,0.0,0.0,1.5,9.3,0.5,0.1,-0.7,0.5
1698673413559.0,16,0.0,0.0,0.0,1.5,9.3,0.5,0.6000000000000001,-0.5,0.4
1698673413576.0,16,0.0,0.0,0.0,1.5,9.3,0.5,0.9,0.1,0.4
1698673413592.0,16,0.0,0.0,0.0,1.5,9.3,0.5,0.9,0.1,0.4
1698673413609.0,16,0.1,0.0,0.0,1.5,9.3,0.5,0.8,0.0,0.30000000000000004
1698673413625.0,16,0.1,0.0,0.0,1.5,9.3,0.5,0.6000000000000001,0.30000000000000004,0.2
1698673413643.0,16,0.0,0.0,0.0,1.5,9.3,0.5,0.30000000000000004,0.6000000000000001,0.2
1698673413659.0,16,0.0,0.0,0.0,1.5,9.3,0.5,-0.30000000000000004,1.0999999999999999,0.4
1698673413676.0,16,0.0,0.0,0.0,1.5,9.3,0.5,-0.5,1.3,0.2
1698673413696.0,16,0.0,0.0,0.0,1.5,9.3,0.5,-0.9,1.0,0.2
1698673413709.0,16,0.0,0.0,0.0,1.4000000000000001,9.200000000000001,0.5,-1.0,0.6000000000000001,0.2
1698673413725.0,16,0.0,0.0,0.0,1.5,9.3,0.5,-0.8,0.9,0.2
1698673413742.0,16,0.0,0.0,0.0,1.5,9.3,0.5,-0.5,0.6000000000000001,0.1
1698673413759.0,16,0.0,0.0,0.0,1.5,9.3,0.5,-0.2,0.4,-0.1
1698673413776.0,16,0.0,0.0,0.0,1.4000000000000001,9.3,0.5,0.6000000000000001,0.30000000000000004,0.1
1698673413792.0,16,0.0,0.0,0.0,1.4000000000000001,9.200000000000001,0.5,2.0,-0.1,0.4
1698673413809.0,16,-0.1,0.0,0.0,1.4000000000000001,9.200000000000001,0.5,3.2,0.1,0.2
1698673413825.0,16,0.0,0.1,0.0,1.5,9.3,0.5,4.0,1.2000000000000002,-0.1
1698673413842.0,16,0.0,0.0,0.0,1.5,9.3,0.5,4.2,1.4,-0.4
1698673413858.0,16,0.0,0.0,0.0,1.5,9.3,0.4,4.0,0.1,-0.30000000000000004
1698673413875.0,16,0.0,0.0,0.0,1.5,9.3,0.4,3.7000000000000006,-0.5,-0.1
1698673413894.0,16,-0.1,0.0,0.0,1.4000000000000001,9.3,0.4,2.8,-1.3,0.1
1698673413909.0,16,-0.1,0.0,0.0,1.4000000000000001,9.3,0.4,1.7,-2.9,-0.6000000000000001
1698673413925.0,16,-0.1,0.0,0.0,1.4000000000000001,9.3,0.4,1.5000000000000002,-3.7000000000000006,-1.2000000000000002
1698673413942.0,16,0.0,0.0,0.0,1.4000000000000001,9.3,0.5,1.7,-3.6,-1.8
1698673413959.0,16,0.0,0.0,0.0,1.5,9.3,0.4,1.8,-3.5,-1.7
1698673413975.0,16,0.0,0.0,0.0,1.5,9.3,0.4,2.1999999999999997,-3.6,-1.7
1698673413994.0,16,0.0,0.0,0.0,1.5,9.3,0.4,2.3000000000000003,-3.7000000000000006,-1.6
1698673414012.0,16,0.0,0.1,0.0,1.5,9.4,0.30000000000000004,1.9,-4.9,-1.3
1698673414026.0,16,0.0,0.1,0.0,1.4000000000000001,9.4,0.30000000000000004,1.2000000000000002,-6.000000000000001,-1.8
1698673414042.0,16,0.0,0.1,-0.1,1.4000000000000001,9.4,0.30000000000000004,0.1,-7.9,-2.6
1698673414059.0,16,0.0,0.1,-0.1,1.4000000000000001,9.4,0.30000000000000004,-0.7,-9.1,-2.9
1698673414075.0,16,0.1,0.0,0.1,1.5,9.3,0.4,-1.6,-9.0,-4.6000000000000005
1698673414092.0,16,0.1,0.0,0.1,1.5,9.3,0.4,-1.6,-4.6000000000000005,-5.7
1698673414109.0,16,0.2,0.0,0.0,1.6,9.3,0.4,-1.4,-2.7,-6.2
1698673414125.0,16,0.2,-0.1,0.0,1.6,9.200000000000001,0.30000000000000004,-1.7,-1.3,-6.2
1698673414142.0,16,0.2,-0.1,0.0,1.6,9.200000000000001,0.30000000000000004,-2.4000000000000004,-2.1999999999999997,-4.800000000000001
1698673414159.0,16,0.2,-0.1,0.0,1.6,9.200000000000001,0.4,-2.7,-3.0000000000000004,-3.9
1698673414175.0,16,0.1,0.0,0.0,1.5,9.3,0.4,-2.1999999999999997,-2.9,-2.6
1698673414193.0,16,0.0,0.0,0.1,1.4000000000000001,9.3,0.4,-0.8,-0.8,-2.4000000000000004
1698673414209.0,16,-0.1,0.0,0.0,1.3,9.3,0.4,0.1,1.0999999999999999,-2.5
1698673414226.0,16,0.0,0.0,0.0,1.3,9.3,0.4,1.7,2.9,-2.5
1698673414242.0,16,0.0,-0.1,0.0,1.4000000000000001,9.200000000000001,0.4,2.6,2.4000000000000004,-2.4000000000000004
1698673414259.0,16,0.0,-0.1,0.0,1.4000000000000001,9.200000000000001,0.4,3.0000000000000004,2.7,-2.3000000000000003
1698673414276.0,16,0.0,-0.1,0.0,1.3,9.200000000000001,0.4,3.2,3.1,-2.1
1698673414292.0,16,-0.1,0.0,0.0,1.3,9.4,0.4,3.3000000000000003,5.1,-1.3
1698673414308.0,16,-0.1,0.2,0.0,1.3,9.5,0.4,3.5,6.2,-0.8
1698673414325.0,16,0.0,0.2,0.0,1.3,9.5,0.30000000000000004,2.9,7.1000000000000005,-1.7
1698673414342.0,16,-0.2,0.2,0.0,1.2000000000000002,9.5,0.30000000000000004,1.7,5.7,-2.0
1698673414359.0,16,-0.1,0.1,0.0,1.2000000000000002,9.4,0.30000000000000004,1.2000000000000002,4.800000000000001,-1.6
1698673414376.0,16,-0.1,-0.1,0.0,1.2000000000000002,9.200000000000001,0.4,0.1,1.5000000000000002,-0.9
1698673414392.0,16,-0.2,-0.30000000000000004,0.1,1.1,9.0,0.4,-0.6000000000000001,0.4,0.4
1698673414409.0,16,-0.2,-0.30000000000000004,0.0,1.1,9.1,0.4,-0.8,0.6000000000000001,1.2000000000000002
1698673414425.0,16,-0.1,-0.1,0.0,1.2000000000000002,9.200000000000001,0.4,-1.0999999999999999,2.1999999999999997,1.0
1698673414442.0,16,0.0,0.1,-0.1,1.3,9.4,0.30000000000000004,-0.30000000000000004,3.1,-1.2000000000000002
1698673414458.0,16,0.1,0.1,-0.1,1.3,9.4,0.30000000000000004,-0.2,3.4,-2.3000000000000003
1698673414475.0,16,0.1,0.30000000000000004,-0.1,1.4000000000000001,9.600000000000001,0.30000000000000004,-0.2,3.2,-1.8
1698673414492.0,16,0.0,0.30000000000000004,-0.1,1.3,9.600000000000001,0.30000000000000004,0.1,0.4,0.6000000000000001
1698673414509.0,16,-0.1,0.1,-0.1,1.2000000000000002,9.5,0.30000000000000004,0.4,-0.2,1.5000000000000002
1698673414525.0,16,-0.1,0.1,0.0,1.2000000000000002,9.4,0.30000000000000004,0.5,-2.1,1.5000000000000002
1698673414542.0,16,-0.1,0.1,0.0,1.2000000000000002,9.4,0.4,0.9,-1.9,0.6000000000000001
1698673414558.0,16,-0.1,0.0,-0.1,1.2000000000000002,9.3,0.30000000000000004,0.9,-1.0999999999999999,0.2
1698673414576.0,16,0.0,-0.1,0.0,1.3,9.3,0.30000000000000004,1.0,-1.3,0.0
1698673414593.0,16,0.1,-0.1,0.0,1.4000000000000001,9.3,0.30000000000000004,0.1,-0.8,-0.6000000000000001
1698673414608.0,16,0.1,0.0,0.0,1.4000000000000001,9.3,0.4,-0.30000000000000004,-0.1,-0.1
1698673414625.0,16,0.1,0.0,0.0,1.4000000000000001,9.3,0.30000000000000004,-0.5,0.2,0.30000000000000004
1698673414642.0,16,0.0,0.1,0.0,1.4000000000000001,9.4,0.30000000000000004,-0.5,0.7,0.4
1698673414659.0,16,0.0,0.1,-0.1,1.3,9.4,0.30000000000000004,-0.7,0.7,0.6000000000000001
1698673414676.0,16,0.0,0.1,0.0,1.3,9.4,0.30000000000000004,-0.7,0.0,0.1
1698673414692.0,16,0.0,0.0,0.0,1.3,9.3,0.4,-0.7,0.0,-1.0
1698673414709.0,16,0.0,-0.1,0.0,1.3,9.3,0.30000000000000004,-0.1,0.7,-0.9
1698673414725.0,16,0.0,-0.1,0.0,1.3,9.3,0.30000000000000004,0.1,0.7,-0.9
1698673414742.0,16,0.0,-0.1,0.0,1.3,9.200000000000001,0.4,0.5,0.2,-0.7
1698673414759.0,16,0.0,-0.1,0.0,1.3,9.200000000000001,0.4,0.8,0.7,-0.5
1698673414775.0,16,0.0,0.0,0.0,1.3,9.3,0.4,1.5000000000000002,1.8,0.2
1698673414792.0,16,-0.1,0.0,0.0,1.3,9.3,0.4,1.9,1.4,0.8
1698673414808.0,16,0.0,0.0,0.0,1.3,9.3,0.4,2.0,1.2000000000000002,0.2
1698673414826.0,16,-0.1,-0.1,0.0,1.2000000000000002,9.3,0.30000000000000004,1.7,1.0,0.1
1698673414842.0,16,0.0,0.1,0.1,1.3,9.4,0.4,0.9,-0.2,1.2000000000000002
1698673414859.0,16,-0.1,0.1,0.1,1.2000000000000002,9.4,0.4,0.5,0.4,1.5000000000000002
1698673414875.0,16,-0.1,0.0,0.0,1.2000000000000002,9.3,0.4,0.2,0.6000000000000001,1.0999999999999999
1698673414893.0,16,-0.1,0.0,0.0,1.2000000000000002,9.3,0.4,0.0,0.7,0.2
1698673414909.0,16,0.0,0.0,0.0,1.3,9.3,0.30000000000000004,-0.6000000000000001,1.3,-0.5
1698673414925.0,16,0.0,0.0,0.0,1.3,9.3,0.30000000000000004,-0.9,1.0,-0.6000000000000001
1698673414942.0,16,0.1,0.0,0.0,1.3,9.3,0.30000000000000004,-1.0999999999999999,0.7,-0.4
1698673414958.0,16,0.0,0.0,0.0,1.3,9.3,0.4,-1.0,0.7,-0.1
1698673414975.0,16,0.0,0.0,-0.1,1.3,9.3,0.30000000000000004,-0.9,0.7,0.4
1698673414993.0,16,0.0,0.0,-0.1,1.3,9.3,0.30000000000000004,-0.6000000000000001,-0.2,0.2
1698673415009.0,16,0.0,0.0,0.0,1.3,9.3,0.4,0.1,-0.8,-0.30000000000000004
1698673415025.0,16,0.0,0.0,0.0,1.3,9.3,0.4,0.8,-0.8,-0.30000000000000004
1698673415042.0,16,0.0,0.0,0.0,1.3,9.3,0.4,2.1999999999999997,0.7,0.1
1698673415058.0,16,0.0,0.0,0.0,1.3,9.4,0.30000000000000004,2.3000000000000003,1.5000000000000002,0.30000000000000004
1698673415075.0,16,0.0,0.0,0.0,1.3,9.3,0.30000000000000004,2.4000000000000004,0.7,0.5
1698673415092.0,16,0.0,0.0,0.0,1.3,9.3,0.30000000000000004,1.6,0.30000000000000004,0.4
1698673415108.0,16,0.0,0.0,0.0,1.3,9.3,0.30000000000000004,0.9,-0.7,0.30000000000000004
1698673415125.0,16,0.0,0.0,0.0,1.3,9.3,0.30000000000000004,0.7,-0.9,0.1
1698673415142.0,16,0.0,0.0,0.0,1.3,9.3,0.30000000000000004,0.9,0.0,0.1
1698673415158.0,16,0.0,0.0,0.0,1.3,9.3,0.30000000000000004,1.0999999999999999,0.4,0.5
1698673415176.0,16,0.0,0.0,0.0,1.3,9.3,0.30000000000000004,1.0,0.1,0.6000000000000001
1698673415192.0,16,0.0,0.0,0.0,1.3,9.3,0.30000000000000004,0.9,0.30000000000000004,0.5
1698673415209.0,16,0.0,0.0,0.0,1.3,9.3,0.30000000000000004,0.9,0.5,0.7
1698673415225.0,16,0.0,-0.2,-0.1,1.3,9.1,0.2,0.8,0.1,1.2000000000000002
1698673415242.0,16,0.1,0.0,0.1,1.4000000000000001,9.3,0.4,-0.6000000000000001,-1.6,2.4000000000000004
1698673415259.0,16,0.0,0.1,0.1,1.3,9.4,0.4,-0.30000000000000004,-0.5,2.5
1698673415277.0,16,0.0,0.0,0.0,1.3,9.4,0.30000000000000004,0.1,0.6000000000000001,2.3000000000000003
1698673415292.0,16,0.0,0.1,-0.1,1.3,9.4,0.2,-0.2,0.8,1.7
1698673415309.0,16,0.0,0.0,0.0,1.3,9.3,0.30000000000000004,-0.5,0.30000000000000004,0.7
1698673415326.0,16,0.0,0.0,0.0,1.3,9.3,0.30000000000000004,-0.6000000000000001,0.30000000000000004,0.30000000000000004
1698673415342.0,16,0.0,0.0,0.0,1.3,9.3,0.30000000000000004,-0.7,0.1,0.4
1698673415359.0,16,0.0,0.0,0.0,1.4000000000000001,9.3,0.30000000000000004,-0.30000000000000004,-0.8,0.6000000000000001
1698673415375.0,16,0.0,0.0,0.0,1.4000000000000001,9.4,0.4,0.30000000000000004,-0.2,0.5
1698673415392.0,16,0.0,0.1,0.0,1.4000000000000001,9.4,0.30000000000000004,1.0,-0.30000000000000004,0.30000000000000004
1698673415408.0,16,0.0,-0.1,0.0,1.4000000000000001,9.3,0.30000000000000004,1.9,0.0,-0.2
1698673415425.0,16,0.0,0.0,0.0,1.3,9.3,0.30000000000000004,2.3000000000000003,1.0,0.7
1698673415442.0,16,0.0,0.0,0.0,1.3,9.3,0.30000000000000004,2.1999999999999997,0.9,1.2000000000000002
1698673415458.0,16,0.0,0.0,0.0,1.3,9.4,0.30000000000000004,1.9,-0.6000000000000001,1.0
1698673415475.0,16,0.0,0.0,0.0,1.3,9.4,0.30000000000000004,1.7,-0.9,0.7
1698673415492.0,16,0.0,0.0,0.0,1.3,9.4,0.30000000000000004,1.4,0.2,0.6000000000000001
1698673415508.0,16,0.0,0.0,0.0,1.4000000000000001,9.3,0.30000000000000004,1.0,0.4,0.7
1698673415525.0,16,0.0,0.0,0.0,1.4000000000000001,9.3,0.30000000000000004,0.8,0.4,0.6000000000000001
1698673415542.0,16,0.0,0.0,0.0,1.4000000000000001,9.3,0.30000000000000004,0.4,0.30000000000000004,0.4
1698673415559.0,16,0.0,-0.1,0.0,1.4000000000000001,9.3,0.30000000000000004,0.2,0.30000000000000004,0.2
1698673415575.0,16,0.0,0.0,0.0,1.4000000000000001,9.3,0.30000000000000004,-0.30000000000000004,-0.2,-0.1
1698673415592.0,16,0.0,0.0,0.0,1.4000000000000001,9.4,0.30000000000000004,-1.0,0.6000000000000001,0.1
1698673415609.0,16,0.0,0.0,0.0,1.4000000000000001,9.4,0.30000000000000004,-1.9,0.7,-0.1
1698673415625.0,16,0.0,0.0,0.0,1.3,9.4,0.30000000000000004,-2.8,1.2000000000000002,0.0
1698673415642.0,16,0.0,0.1,0.0,1.3,9.4,0.30000000000000004,-3.2,0.7,-0.1
1698673415658.0,16,0.0,0.0,-0.1,1.3,9.3,0.2,-4.300000000000001,-1.3,-0.6000000000000001
1698673415675.0,16,0.0,0.0,0.0,1.4000000000000001,9.3,0.4,-5.0,-2.6,-1.8
1698673415692.0,16,0.0,0.0,0.0,1.4000000000000001,9.3,0.4,-5.1,-2.1,-2.0
1698673415709.0,16,0.0,0.0,0.0,1.4000000000000001,9.3,0.4,-4.9,-1.2000000000000002,-2.3000000000000003
1698673415725.0,16,0.0,0.0,0.0,1.4000000000000001,9.3,0.30000000000000004,-4.6000000000000005,-0.7,-1.5000000000000002
1698673415742.0,16,0.1,0.0,0.0,1.4000000000000001,9.3,0.30000000000000004,-4.5,-1.2000000000000002,-1.2000000000000002
1698673415759.0,16,0.0,0.0,0.0,1.3,9.4,0.30000000000000004,-4.300000000000001,-1.9,-0.4
1698673415775.0,16,0.0,0.1,0.0,1.3,9.4,0.4,-4.0,-2.1,-0.5
1698673415794.0,16,0.0,0.0,0.0,1.3,9.4,0.4,-3.2,-2.6,-1.2000000000000002
1698673415809.0,16,0.0,0.0,0.0,1.3,9.3,0.4,-2.1,-2.5,-1.7
1698673415825.0,16,-0.1,0.0,0.0,1.3,9.3,0.4,-1.3,-2.9,-1.0999999999999999
1698673415842.0,16,0.0,0.0,0.0,1.3,9.3,0.4,-1.0,-3.4,-0.7
1698673415859.0,16,0.0,0.0,0.0,1.3,9.3,0.4,0.1,-3.0000000000000004,-0.30000000000000004
1698673415877.0,16,0.0,0.0,0.0,1.3,9.3,0.4,0.6000000000000001,-1.6,-0.2
1698673415893.0,16,0.0,0.0,-0.1,1.3,9.4,0.4,0.4,-1.5000000000000002,-0.1
1698673415908.0,16,0.1,0.0,0.0,1.4000000000000001,9.4,0.4,-0.5,-3.2,-0.1
1698673415925.0,16,0.1,0.0,0.1,1.5,9.4,0.5,-1.0999999999999999,-2.7,-1.0
1698673415942.0,16,0.2,0.0,0.1,1.5,9.3,0.5,-1.2000000000000002,-1.6,-1.8
1698673415959.0,16,0.2,-0.1,0.0,1.5,9.200000000000001,0.5,-1.2000000000000002,2.3000000000000003,-2.5
1698673415975.0,16,0.1,-0.2,0.0,1.5,9.200000000000001,0.4,-1.6,4.2,-1.7
1698673415992.0,16,0.0,-0.1,-0.1,1.4000000000000001,9.200000000000001,0.4,-2.8,4.1000000000000005,1.3
