timestamp,accRawx,accRawy,accRawz,rotRawx,rotRawy,rotRawz,magnRawx,magnRawy,magnRawz,pressure1,pressure2,pressure3,pressure4,pressure5
1698747723.02,2,-68,-1011,30,26,7,433,81,816,1240,1556,1813,0,1432
1698747723.021,2,-69,-1010,29,27,9,433,81,815,1241,1555,1816,0,1434
1698747723.043,2,-69,-1010,30,27,6,433,81,814,1239,1557,1818,0,1435
1698747723.08,2,-69,-1011,29,29,9,434,81,815,1255,1555,1820,0,1431
1698747723.081,2,-68,-1011,30,26,7,434,81,814,1252,1557,1820,0,1430
1698747723.11,2,-68,-1011,28,27,9,434,81,814,1251,1556,1821,0,1428
1698747723.125,1,-68,-1010,27,26,11,434,81,814,1247,1553,1821,0,1429
1698747723.141,2,-69,-1011,27,27,11,434,81,815,1264,1547,1819,0,1431
1698747723.163,2,-68,-1010,28,26,10,433,82,814,1258,1548,1822,0,1431
1698747723.193,2,-69,-1010,28,28,9,432,82,814,1263,1546,1822,0,1424
1698747723.23,2,-69,-1010,29,28,10,431,82,814,1260,1547,1819,0,1423
1698747723.238,2,-68,-1010,29,28,11,433,82,814,1266,1548,1837,0,1434
1698747723.268,2,-68,-1011,27,29,11,433,83,813,1265,1550,1840,0,1443
1698747723.27,2,-68,-1011,26,28,13,433,82,813,1265,1560,1835,0,1442
1698747723.298,1,-68,-1011,27,27,14,433,82,813,1255,1563,1841,0,1440
1698747723.305,2,-68,-1012,26,27,10,433,82,813,1249,1567,1843,0,1442
1698747723.32,1,-68,-1011,27,27,10,433,81,813,1253,1564,1842,0,1439
1698747723.344,2,-68,-1010,29,30,11,434,81,812,1257,1567,1842,0,1446
1698747723.373,2,-68,-1010,28,26,11,434,81,813,1254,1565,1835,0,1449
1698747723.388,1,-67,-1010,27,27,11,434,81,813,1266,1564,1835,0,1451
1698747723.403,1,-67,-1011,27,24,9,434,81,813,1269,1562,1840,0,1449
1698747723.426,1,-67,-1012,26,28,10,435,81,814,1260,1561,1838,0,1445
1698747723.44,1,-68,-1011,25,29,10,435,81,813,1279,1557,1835,0,1441
1698747723.499,2,-68,-1011,28,29,9,435,81,813,1287,1559,1831,0,1440
1698747723.501,2,-68,-1011,28,28,9,435,81,813,1269,1560,1834,0,1443
1698747723.503,2,-69,-1012,26,27,8,434,80,813,1274,1558,1835,0,1440
1698747723.545,2,-69,-1011,24,30,8,433,80,812,1277,1560,1834,0,1440
1698747723.547,2,-69,-1012,28,29,8,434,80,812,1292,1552,1830,0,1441
1698747723.575,2,-68,-1011,30,27,8,433,80,813,1309,1554,1836,0,1442
1698747723.583,2,-68,-1011,30,29,7,434,80,813,1309,1551,1833,0,1439
1698747723.62,2,-69,-1011,30,29,10,434,80,814,1314,1552,1835,0,1435
1698747723.635,2,-69,-1011,31,30,10,434,79,814,1307,1557,1833,0,1432
1698747723.658,2,-69,-1011,32,29,8,434,80,814,1300,1547,1833,0,1434
1698747723.665,2,-69,-1011,30,31,8,434,79,815,1297,1549,1833,0,1433
1698747723.696,1,-70,-1011,30,30,11,433,80,816,1295,1550,1832,0,1430
1698747723.703,1,-69,-1010,31,28,10,433,80,816,1292,1547,1829,0,1435
1698747723.733,1,-69,-1011,32,29,8,433,80,815,1305,1543,1831,0,1447
1698747723.755,2,-69,-1011,32,28,7,433,79,815,1299,1546,1833,0,1442
1698747723.77,2,-70,-1011,27,27,8,433,78,815,1297,1546,1829,0,1436
1698747723.8,2,-69,-1011,24,24,10,432,78,816,1320,1545,1831,0,1433
1698747723.822,2,-69,-1010,28,24,9,432,78,816,1325,1544,1834,0,1428
1698747723.823,2,-69,-1010,29,25,8,431,79,815,1322,1542,1835,0,1433
1698747723.853,2,-68,-1010,29,27,10,432,79,815,1327,1542,1835,0,1435
1698747723.861,2,-68,-1010,25,27,10,431,79,814,1322,1546,1836,0,1427
1698747723.898,2,-68,-1010,25,26,11,431,79,814,1328,1542,1832,0,1428
1698747723.913,2,-69,-1011,27,26,13,430,79,814,1323,1545,1831,0,1419
1698747723.935,2,-69,-1012,25,27,14,429,79,814,1330,1546,1829,0,1427
1698747723.943,2,-69,-1011,28,31,14,428,79,813,1324,1540,1829,0,1429
1698747723.973,1,-69,-1011,27,31,10,428,79,814,1320,1545,1834,0,1432
1698747723.995,2,-69,-1011,25,29,12,428,79,812,1329,1542,1834,0,1428
1698747724.011,2,-69,-1011,29,30,10,428,79,812,1328,1542,1828,0,1434
1698747724.033,3,-69,-1010,28,29,10,429,80,812,1317,1540,1831,0,1424
1698747724.062,3,-69,-1011,29,29,9,429,80,812,1322,1544,1829,0,1434
1698747724.064,3,-68,-1012,27,29,12,429,81,813,1321,1543,1817,0,1429
1698747724.093,3,-68,-1011,28,31,9,429,81,813,1310,1545,1822,0,1436
1698747724.13,2,-68,-1011,28,29,9,430,82,813,1307,1545,1824,0,1437
1698747724.131,2,-69,-1011,29,33,11,430,82,814,1300,1542,1815,0,1428
1698747724.153,2,-69,-1010,30,34,9,430,81,814,1341,1532,1818,0,1421
1698747724.182,2,-68,-1010,27,32,8,430,82,813,1327,1533,1812,0,1457
1698747724.183,2,-68,-1010,28,28,11,431,83,812,1269,1539,1827,0,1459
1698747724.213,1,-68,-1009,30,24,11,432,82,811,1245,1534,1818,0,1464
1698747724.236,1,-68,-1010,30,19,10,432,82,811,1172,1531,1814,0,1448
1698747724.257,2,-68,-1009,29,20,11,432,82,812,1161,1534,1810,0,1440
1698747724.273,2,-67,-1009,30,19,11,431,82,813,1149,1523,1805,0,1440
1698747724.288,1,-68,-1009,29,20,10,432,82,814,1164,1536,1805,0,1433
1698747724.31,2,-67,-1010,30,21,8,433,81,813,1150,1510,1804,0,1426
1698747724.334,2,-67,-1010,30,22,12,433,80,813,1144,1517,1804,0,1423
1698747724.348,2,-67,-1010,29,23,7,432,81,814,1138,1513,1806,0,1428
1698747724.378,2,-68,-1011,28,24,12,433,81,815,1138,1511,1808,0,1435
1698747724.393,2,-68,-1010,29,24,12,432,81,814,1138,1510,1811,0,1448
1698747724.408,2,-68,-1010,28,25,12,432,82,813,1143,1515,1826,0,1463
1698747724.43,2,-68,-1009,28,26,10,432,82,813,1145,1505,1822,0,1454
1698747724.453,2,-68,-1010,27,27,11,433,81,812,1144,1514,1828,0,1457
1698747724.468,2,-69,-1010,26,23,11,433,82,812,1147,1518,1824,0,1453
1698747724.498,2,-69,-1010,25,21,11,434,82,811,1142,1533,1817,0,1443
1698747724.513,3,-69,-1009,26,20,11,434,82,810,1141,1520,1813,0,1428
1698747724.528,3,-69,-1010,28,20,11,434,81,809,1148,1508,1798,0,1416
1698747724.55,3,-69,-1010,28,21,10,434,81,808,1143,1508,1798,0,1416
1698747724.573,3,-69,-1010,28,24,13,434,81,809,1146,1493,1800,0,1411
1698747724.588,3,-69,-1011,29,26,12,433,80,809,1155,1504,1806,0,1404
1698747724.61,3,-69,-1010,26,27,10,434,80,809,1175,1476,1810,0,1410
1698747724.656,3,-69,-1010,25,27,12,433,80,808,1189,1473,1813,0,1412
1698747724.657,3,-69,-1010,27,29,11,433,80,808,1189,1465,1809,0,1412
1698747724.685,3,-69,-1010,28,30,12,433,80,809,1175,1522,1808,0,1410
1698747724.687,3,-69,-1011,26,32,13,433,80,809,1179,1462,1808,0,1406
1698747724.731,3,-69,-1011,26,29,13,433,80,809,1167,1467,1816,0,1414
1698747724.732,3,-69,-1010,29,31,12,433,80,809,1151,1468,1822,0,1418
1698747724.745,3,-68,-1010,30,31,12,434,80,808,1140,1462,1809,0,1413
1698747724.805,3,-68,-1011,27,32,11,434,80,808,1136,1463,1811,0,1419
1698747724.807,3,-68,-1011,26,28,11,434,81,809,1133,1464,1801,0,1404
1698747724.809,3,-68,-1010,27,26,11,433,81,810,1129,1459,1794,0,1402
1698747724.828,4,-68,-1010,28,27,13,434,81,811,1132,1486,1794,0,1402
1698747724.85,3,-68,-1009,30,27,11,435,81,811,1130,1486,1794,0,1400
1698747724.865,3,-68,-1010,29,27,10,436,81,810,1128,1484,1792,0,1401
1698747724.903,4,-68,-1011,30,28,11,436,80,810,1136,1485,1792,0,1400
1698747724.904,4,-68,-1009,29,29,9,436,81,810,1135,1481,1792,0,1399
1698747724.926,5,-69,-1010,27,26,12,436,80,810,1135,1481,1797,0,1405
1698747724.949,4,-70,-1010,29,31,11,436,80,811,1137,1476,1797,0,1407
1698747724.963,3,-70,-1011,33,33,11,436,80,812,1131,1470,1781,0,1388
1698747724.986,3,-70,-1010,41,32,11,436,81,813,1126,1467,1757,0,1293
1698747725.023,3,-70,-1012,60,32,12,436,82,813,1135,1460,1594,0,1090
1698747725.045,4,-71,-1013,83,34,11,435,82,814,1120,1444,1452,0,892
1698747725.047,4,-70,-1018,171,0,79,435,82,814,1295,1466,1361,0,1002
1698747725.083,0,-71,-1026,285,12,70,434,82,813,1276,1484,1346,0,893
1698747725.084,-3,-71,-1037,431,-1,30,435,80,813,1275,1495,1358,0,917
1698747725.127,-2,-69,-1051,605,-17,-4,435,79,811,1212,1562,1368,0,875
1698747725.128,-2,-67,-1067,811,-39,-19,437,76,810,1146,1505,1321,0,899
1698747725.143,-5,-60,-1083,1055,-89,-32,438,71,808,1123,1492,1290,0,899
1698747725.173,-9,-52,-1094,1284,-147,-63,440,67,805,1037,1166,1264,0,863
1698747725.202,-12,-50,-1090,1477,-232,-112,443,62,801,717,1066,1290,0,621
1698747725.203,-22,-94,-1075,1513,-328,-146,445,55,796,456,991,1158,0,572
1698747725.225,-84,-218,-1076,1055,-157,-63,448,48,792,379,437,1139,0,573
1698747725.248,-99,-288,-1052,65,282,166,451,43,786,370,562,1146,0,646
1698747725.263,-91,-332,-1024,-776,554,350,452,39,784,473,564,1113,0,658
1698747725.286,-55,-349,-995,-1179,562,414,451,37,785,600,534,1133,0,590
1698747725.315,-25,-348,-974,-1125,351,375,451,38,787,596,508,1101,0,590
1698747725.323,-19,-359,-969,-940,171,304,450,38,788,619,566,1180,0,610
1698747725.36,-19,-369,-972,-875,128,284,449,39,792,711,647,1206,0,714
1698747725.362,-13,-357,-974,-790,152,322,448,41,794,735,669,1248,0,807
1698747725.383,2,-341,-984,-650,137,381,446,42,797,737,654,1246,0,766
1698747725.405,17,-323,-1000,-593,84,427,445,42,799,753,634,1270,0,720
1698747725.443,22,-301,-1019,-664,69,448,444,44,801,751,650,1273,0,733
1698747725.444,25,-265,-1036,-799,130,429,442,45,805,770,674,1290,0,797
1698747725.488,34,-212,-1051,-909,140,342,440,47,810,772,728,1295,0,837
1698747725.489,40,-149,-1063,-974,61,203,438,51,815,769,732,1305,0,798
1698747725.503,28,-79,-1067,-977,16,79,436,56,821,765,753,1319,0,760
1698747725.525,16,-7,-1066,-966,38,18,436,62,826,784,757,1304,0,786
1698747725.548,11,66,-1052,-942,44,8,435,69,829,784,768,1304,0,780
1698747725.564,36,269,-1016,-851,-8,16,433,75,831,752,761,1327,0,762
1698747725.593,6,365,-968,-421,-167,-51,432,80,832,730,795,1373,0,801
1698747725.608,-20,490,-947,31,-196,-59,432,84,834,691,784,1297,0,858
1698747725.637,-39,461,-969,527,-210,-51,432,86,835,624,764,1330,0,954
1698747725.653,-31,299,-1023,644,-203,19,432,88,834,540,860,1250,399,1149
1698747725.669,-40,203,-1035,640,-234,72,431,88,833,460,909,1300,478,1168
1698747725.69,-14,136,-1047,574,-148,143,432,88,830,454,898,1272,603,1216
1698747725.72,0,84,-1052,478,-117,112,432,88,827,470,912,1313,669,1174
1698747725.728,11,29,-1053,384,-84,71,433,86,827,478,931,1323,686,1169
1698747725.758,18,0,-1053,296,-62,24,433,85,825,474,970,1347,695,1236
1698747725.773,20,-24,-1052,216,-50,-10,433,84,824,479,977,1423,666,1399
1698747725.788,14,-44,-1050,144,-47,-25,433,84,823,480,982,1363,733,1427
1698747725.81,12,-73,-1046,85,-45,-5,434,82,822,483,985,1417,779,1435
1698747725.84,15,-82,-1039,43,-40,13,436,82,822,503,992,1390,724,1444
1698747725.848,19,-90,-1030,23,-30,15,437,82,821,502,992,1376,735,1484
1698747725.87,23,-97,-1022,20,-5,11,438,82,820,517,1004,1415,780,1507
1698747725.893,24,-102,-1015,28,19,4,438,82,818,520,1017,1432,788,1493
1698747725.908,24,-106,-1011,46,35,0,439,81,817,513,1030,1435,823,1504
1698747725.937,24,-109,-1009,61,44,-2,440,81,816,511,1007,1381,862,1455
1698747725.945,24,-111,-1010,65,50,1,439,81,815,513,1012,1382,846,1472
1698747725.968,23,-113,-1012,61,53,3,438,81,815,506,1017,1404,859,1468
1698747726.005,23,-114,-1013,50,51,10,438,81,815,507,1018,1378,826,1468
1698747726.007,22,-115,-1013,41,47,14,438,81,815,511,1010,1378,919,1450
1698747726.036,22,-115,-1012,31,46,16,437,81,815,521,1017,1401,904,1475
1698747726.05,23,-116,-1011,25,46,15,437,82,815,520,1015,1398,931,1465
1698747726.073,23,-117,-1010,23,46,12,438,81,815,517,1010,1398,927,1467
1698747726.088,24,-117,-1008,21,42,11,438,82,815,518,1015,1423,962,1487
1698747726.125,24,-118,-1007,22,36,13,438,83,816,516,1008,1412,971,1481
1698747726.127,24,-119,-1006,26,32,12,438,83,816,522,1012,1427,979,1504
1698747726.162,23,-119,-1005,30,25,10,437,82,815,534,1020,1449,999,1520
1698747726.177,23,-119,-1005,29,22,12,437,82,815,529,1010,1428,990,1503
1698747726.192,23,-119,-1006,30,19,12,437,82,816,533,1003,1431,975,1496
1698747726.208,23,-118,-1007,30,21,10,438,83,817,535,1005,1431,1007,1500
1698747726.253,23,-118,-1007,27,19,9,438,83,816,533,1006,1430,1011,1497
1698747726.254,22,-119,-1008,24,20,12,437,83,815,536,996,1427,995,1496
1698747726.275,22,-119,-1007,24,20,13,436,83,814,535,1002,1448,1024,1508
1698747726.283,23,-120,-1005,25,22,17,436,84,814,537,1001,1429,1054,1510
1698747726.313,23,-120,-1004,29,20,18,436,83,813,544,1003,1439,1006,1506
1698747726.329,24,-120,-1004,32,28,16,435,84,813,537,998,1436,1075,1510
1698747726.351,24,-120,-1003,42,30,17,436,84,813,545,1004,1435,1028,1523
1698747726.373,24,-120,-1005,41,31,18,435,84,813,551,1008,1435,992,1523
1698747726.396,23,-120,-1006,40,32,17,435,84,813,545,1001,1443,971,1506
1698747726.403,24,-119,-1008,34,34,16,435,84,814,551,1009,1469,1042,1536
1698747726.456,24,-118,-1008,29,31,16,435,84,814,562,1021,1489,1136,1549
1698747726.47,23,-118,-1007,25,28,14,435,84,814,550,1005,1447,1097,1512
1698747726.471,22,-119,-1006,26,28,11,436,84,815,551,1001,1446,1114,1511
1698747726.485,22,-119,-1004,29,27,13,435,84,816,560,1010,1468,1109,1516
1698747726.522,23,-119,-1004,34,26,14,435,84,816,564,1016,1474,1094,1507
1698747726.523,22,-119,-1005,40,27,14,434,84,817,571,1023,1489,1110,1514
1698747726.553,23,-119,-1006,38,27,17,434,84,817,569,1009,1464,1089,1507
1698747726.568,23,-118,-1007,35,27,17,434,83,816,576,1010,1464,1078,1498
1698747726.583,23,-118,-1008,30,30,15,435,84,816,588,1011,1465,1094,1504
1698747726.606,23,-119,-1008,26,32,15,435,83,817,579,1004,1455,1064,1496
1698747726.629,22,-119,-1007,27,33,17,435,82,816,584,1008,1478,1054,1508
1698747726.643,22,-119,-1005,25,35,14,435,81,816,579,1008,1455,1030,1512
1698747726.673,22,-118,-1005,27,38,16,435,81,815,588,1012,1448,1031,1519
1698747726.688,23,-119,-1005,31,38,18,435,80,815,575,1007,1444,1024,1508
1698747726.747,23,-119,-1006,33,39,18,434,80,815,579,1005,1459,1026,1515
1698747726.748,23,-118,-1006,31,41,16,434,81,814,575,1003,1487,1072,1513
1698747726.749,22,-118,-1006,34,39,17,434,81,814,587,1007,1464,1039,1529
1698747726.77,22,-118,-1006,35,34,16,434,81,814,603,1006,1465,1005,1528
1698747726.793,21,-117,-1006,34,33,16,433,82,813,588,1013,1480,966,1544
1698747726.808,21,-117,-1006,38,32,16,434,82,813,585,1012,1479,976,1537
1698747726.83,21,-118,-1006,35,25,16,433,82,813,586,1010,1479,991,1538
1698747726.845,21,-118,-1006,33,23,15,432,83,813,584,1011,1474,1014,1532
1698747726.868,21,-117,-1008,31,22,14,433,82,813,582,1010,1468,1011,1526
1698747726.883,20,-117,-1008,31,23,15,434,82,813,585,1015,1476,998,1529
1698747726.906,21,-117,-1007,31,17,18,433,82,813,592,1007,1484,991,1529
1698747726.928,21,-117,-1007,32,21,17,433,82,814,593,1006,1475,989,1539
1698747726.943,22,-117,-1006,32,22,14,434,82,815,601,1010,1481,980,1541
1698747726.966,22,-117,-1006,31,25,14,433,82,815,602,1013,1480,994,1544
1698747726.996,22,-117,-1006,30,26,13,433,82,815,602,1012,1482,995,1544
1698747727.01,22,-117,-1007,32,25,14,434,82,815,598,1014,1491,993,1563
1698747727.025,22,-117,-1006,29,29,12,434,81,815,600,1016,1506,1001,1551
1698747727.049,22,-117,-1005,26,31,15,434,81,816,600,1015,1502,1034,1550
1698747727.071,22,-117,-1006,29,28,15,434,80,814,603,1015,1495,1036,1542
1698747727.085,22,-117,-1006,29,28,15,433,80,814,600,1015,1503,1001,1541
1698747727.108,21,-118,-1006,25,28,12,432,80,814,606,1017,1501,1010,1538
1698747727.138,20,-117,-1006,26,28,16,432,81,813,618,1017,1503,994,1534
1698747727.146,20,-118,-1006,27,27,17,432,81,813,622,1017,1503,980,1534
1698747727.169,21,-118,-1007,30,28,19,431,81,814,624,1021,1500,985,1531
1698747727.19,21,-118,-1008,32,30,18,431,81,814,635,1026,1513,1017,1544
1698747727.205,21,-117,-1008,30,29,15,430,81,812,629,1025,1506,1020,1533
1698747727.228,21,-117,-1007,27,29,14,430,81,812,632,1021,1505,1019,1533
1698747727.266,20,-117,-1007,29,29,15,431,80,813,632,1024,1504,1014,1534
1698747727.267,20,-118,-1007,26,28,14,430,81,813,623,1029,1510,1038,1538
1698747727.303,20,-118,-1006,28,26,14,430,81,813,620,1031,1515,1021,1547
1698747727.304,21,-117,-1006,33,26,13,431,82,813,622,1027,1515,1011,1552
1698747727.325,21,-117,-1006,33,25,12,431,82,813,623,1026,1515,1015,1563
1698747727.355,22,-117,-1006,33,24,13,432,82,812,626,1030,1522,1016,1555
1698747727.377,22,-117,-1007,31,25,12,432,82,812,627,1029,1522,1016,1551
1698747727.386,21,-116,-1007,30,27,14,432,81,812,644,1029,1519,1010,1552
1698747727.408,22,-117,-1006,32,26,16,431,81,812,645,1027,1515,1009,1550
1698747727.437,22,-117,-1006,30,27,15,432,81,813,643,1025,1522,1011,1553
1698747727.459,23,-117,-1006,33,29,14,432,80,813,646,1028,1523,1013,1559
1698747727.483,22,-117,-1006,32,33,14,432,80,813,646,1027,1522,1017,1573
1698747727.505,23,-117,-1006,32,34,16,432,81,814,641,1027,1520,1026,1554
1698747727.506,23,-117,-1006,31,38,16,433,81,816,641,1027,1520,1015,1556
1698747727.528,22,-116,-1007,29,40,19,433,80,814,652,1026,1514,1056,1548
1698747727.558,22,-115,-1005,29,45,19,433,81,815,651,1024,1522,1083,1564
1698747727.595,22,-115,-1006,28,47,18,433,81,813,644,1022,1521,1068,1567
1698747727.596,22,-115,-1008,25,47,18,433,81,813,649,1026,1519,1037,1556
1698747727.618,21,-115,-1008,20,41,14,433,80,814,656,1008,1535,996,1556
1698747727.633,21,-115,-1012,12,34,17,432,80,813,659,1029,1541,984,1561
1698747727.671,19,-114,-1020,-13,28,19,432,80,814,659,1009,1545,977,1564
1698747727.672,16,-115,-1036,-57,37,30,432,79,815,667,929,1504,944,1544
1698747727.693,13,-118,-1051,-131,75,61,432,80,817,672,921,1446,716,1498
1698747727.715,-3,-116,-1043,-172,147,113,432,79,819,715,878,1249,120,1245
1698747727.723,-25,-30,-1003,-24,370,223,431,79,820,728,948,1220,0,808
1698747727.746,3,30,-1003,649,40,147,430,79,820,736,982,1306,0,875
1698747727.783,-58,11,-979,818,22,126,430,77,819,730,987,1308,0,975
1698747727.784,-54,18,-965,749,205,198,430,76,818,745,996,1325,0,1006
1698747727.813,-57,11,-946,738,145,128,430,73,818,739,995,1342,0,962
1698747727.828,-72,-12,-916,635,210,27,430,70,818,739,1006,1366,0,1021
1698747727.866,-70,-40,-882,434,297,-105,429,68,818,738,1014,1361,0,821
1698747727.867,260,-393,-1173,-249,-275,-373,429,66,817,734,1019,1349,0,783
1698747727.895,141,-369,-1213,-171,-554,-167,430,67,817,605,1093,1422,116,1212
1698747727.91,116,-298,-1203,-38,-288,-98,432,67,818,559,1087,1421,110,1354
1698747727.949,99,-255,-1162,-11,-70,-53,434,67,817,547,1041,1441,212,1357
1698747727.95,74,-221,-1125,0,-43,-23,435,68,816,602,1029,1441,278,1401
1698747727.978,63,-191,-1102,13,-79,1,437,67,818,713,1028,1439,303,1394
1698747727.986,58,-167,-1084,21,-33,10,439,68,818,769,1037,1438,379,1254
1698747728.008,49,-148,-1070,23,12,12,441,68,818,793,1032,1431,424,1389
1698747728.03,43,-132,-1058,26,17,14,442,68,818,796,1041,1432,504,1429
1698747728.067,37,-119,-1048,24,32,13,445,69,817,783,1040,1446,573,1475
1698747728.069,33,-109,-1039,21,48,13,446,70,817,794,1041,1449,523,1422
1698747728.09,29,-102,-1033,17,53,13,448,71,815,798,1043,1449,530,1391
1698747728.105,26,-96,-1028,14,52,15,450,72,814,795,1049,1431,602,1444
1698747728.136,24,-92,-1025,9,49,18,452,72,814,805,1051,1419,576,1485
1698747728.15,22,-89,-1022,9,45,18,454,71,813,800,1048,1427,633,1514
1698747728.173,21,-86,-1020,10,41,16,455,71,813,804,1045,1438,626,1543
1698747728.195,19,-84,-1018,13,37,18,456,70,815,810,1044,1459,654,1548
1698747728.218,18,-81,-1017,16,33,17,457,70,815,808,1046,1459,657,1542
1698747728.226,17,-80,-1015,19,26,18,457,71,815,822,1044,1460,694,1541
1698747728.248,17,-78,-1014,20,23,17,457,71,817,840,1043,1483,747,1535
1698747728.27,18,-78,-1013,22,20,17,458,72,817,835,1040,1468,782,1515
1698747728.293,18,-78,-1012,20,25,15,458,72,817,859,1053,1526,889,1540
1698747728.308,18,-77,-1013,18,26,15,459,71,817,858,1056,1538,897,1553
1698747728.33,17,-77,-1013,19,28,15,459,71,818,870,1064,1567,883,1568
1698747728.352,16,-77,-1013,24,27,14,460,71,819,877,1055,1554,913,1582
1698747728.375,16,-77,-1012,26,29,14,460,71,819,881,1075,1558,944,1603
1698747728.398,16,-77,-1012,27,30,16,460,72,820,872,1078,1569,920,1571
1698747728.405,15,-76,-1012,28,30,16,460,71,818,768,1079,1559,937,1576
1698747728.428,15,-76,-1012,26,27,15,460,71,817,722,1094,1564,950,1593
1698747728.451,14,-77,-1011,30,25,14,461,72,817,745,1106,1582,916,1591
1698747728.466,15,-77,-1011,31,23,15,460,72,817,771,1092,1583,955,1596
1698747728.495,15,-77,-1011,31,23,17,461,72,817,759,1118,1578,906,1611
1698747728.51,15,-77,-1010,27,26,16,461,72,816,738,1121,1583,945,1591
1698747728.533,16,-77,-1009,31,29,15,460,72,815,872,1113,1589,936,1625
1698747728.549,16,-78,-1008,32,31,16,461,71,816,838,1119,1587,854,1654
1698747728.57,16,-77,-1009,33,32,17,461,71,816,848,1103,1576,815,1571
1698747728.585,16,-78,-1010,37,30,16,461,71,816,767,1121,1486,827,1540
1698747728.608,16,-78,-1009,42,29,17,460,70,815,705,1146,1435,841,1540
1698747728.63,16,-77,-1010,40,31,17,461,69,816,822,1174,1435,761,1576
1698747728.646,16,-77,-1009,39,23,21,463,67,817,876,1135,1428,413,1560
1698747728.668,16,-76,-1008,29,21,25,464,67,817,834,1129,1411,347,1469
1698747728.69,16,-75,-1008,14,30,27,464,67,818,899,1246,1409,306,1401
1698747728.706,17,-75,-1007,1,33,32,464,67,819,902,1188,1419,317,1381
1698747728.728,17,-74,-1007,-9,31,33,462,70,821,1080,1240,1489,437,1439
1698747728.75,17,-76,-1007,2,36,31,460,72,822,1029,1277,1486,613,1470
1698747728.773,18,-77,-1007,12,39,35,458,75,825,1280,1506,1535,673,1529
1698747728.788,18,-78,-1008,22,42,34,454,78,824,1284,1559,1483,629,1384
1698747728.81,19,-78,-1009,29,43,32,450,83,826,1317,1610,1509,597,1247
1698747728.825,21,-79,-1008,31,50,26,446,87,826,1528,1722,1509,743,1269
1698747728.856,22,-80,-1007,34,53,19,442,89,827,1468,1665,1530,740,1195
1698747728.87,22,-80,-1005,35,57,16,439,92,828,1372,1762,1509,867,1310
1698747728.885,21,-81,-1006,33,64,11,437,94,827,1424,1745,1558,528,1319
1698747728.93,21,-81,-1005,32,68,10,433,97,829,1441,1799,1566,692,1240
1698747728.931,21,-80,-1006,35,69,6,430,100,830,1497,1758,1577,664,1213
1698747728.945,21,-81,-1006,39,57,6,428,101,831,1532,1766,1583,721,1262
1698747728.968,21,-82,-1007,44,49,4,427,102,832,1562,1811,1522,675,1290
1698747728.99,22,-82,-1007,51,43,5,426,102,833,1661,1819,1566,487,1249
1698747729.005,21,-81,-1006,50,35,0,427,102,834,1681,1853,1567,453,1243
1698747729.028,22,-80,-1007,60,34,0,426,102,835,1707,1896,1627,131,1141
1698747729.051,23,-79,-1007,68,40,5,427,101,835,1687,1909,1547,13,1047
1698747729.065,23,-78,-1008,78,48,11,427,100,835,1686,1939,1516,2,940
1698747729.095,23,-77,-1008,83,51,32,427,100,835,1677,1915,1487,0,930
1698747729.11,21,-77,-1009,80,61,43,427,98,834,1712,1943,1466,0,881
1698747729.126,23,-77,-1013,79,68,49,427,96,835,1668,1907,1446,0,1015
1698747729.148,24,-78,-1014,121,77,78,428,95,835,1638,1892,1422,0,1015
1698747729.171,22,-75,-1013,150,83,105,429,94,836,1634,1910,1450,0,928
1698747729.185,21,-72,-1013,182,82,123,430,93,836,1632,1910,1412,0,1044
1698747729.208,20,-68,-1009,195,80,148,429,92,836,1620,1895,1386,0,988
1698747729.245,15,-63,-1006,115,79,147,429,92,836,1621,1902,1396,0,962
1698747729.246,20,-63,-1007,74,63,158,428,91,836,1645,1912,1440,0,952
1698747729.268,20,-61,-1012,38,55,201,428,90,835,1580,1863,1423,0,927
1698747729.298,21,-61,-1014,84,35,255,427,89,833,1573,1876,1431,0,927
1698747729.305,22,-59,-1006,97,13,335,427,87,832,1550,1850,1404,0,955
1698747729.335,5,-53,-999,0,5,334,426,86,830,1518,1848,1377,0,903
1698747729.35,0,-51,-1004,-175,19,191,427,84,829,1423,1817,1332,0,991
1698747729.365,6,-61,-1016,-52,32,127,428,82,828,1424,1791,1373,0,997
1698747729.388,5,-54,-1005,-6,43,71,429,81,827,1392,1802,1436,0,1039
1698747729.41,3,-48,-994,-143,56,16,429,80,827,1339,1765,1322,0,990
1698747729.425,14,-53,-1018,-361,31,28,429,79,828,1309,1782,1430,0,955
1698747729.448,20,-52,-1012,-192,48,17,431,77,827,1342,1797,1505,0,1071
1698747729.47,20,-60,-1013,-111,104,10,433,76,828,1398,1825,1555,117,1096
1698747729.486,16,-63,-1010,-67,142,6,433,76,830,1426,1841,1590,341,1057
1698747729.508,13,-65,-1010,-61,158,7,432,77,830,1422,1855,1610,535,1187
1698747729.53,10,-68,-1011,-90,146,7,430,80,830,1419,1851,1642,872,1243
1698747729.561,8,-73,-1011,-96,123,13,427,81,831,1420,1858,1761,1082,1381
1698747729.575,7,-78,-1011,-87,104,13,425,83,832,1442,1850,1791,1302,1498
1698747729.59,6,-81,-1010,-66,101,11,423,86,833,1459,1865,1832,1401,1529
1698747729.613,7,-84,-1008,-50,120,5,422,90,834,1453,1852,1881,1490,1638
1698747729.643,7,-88,-1008,-41,162,-3,419,94,835,1489,1858,1925,1540,1673
1698747729.65,5,-89,-1009,-39,198,-9,416,99,836,1499,1857,1968,1614,1680
1698747729.68,2,-92,-1009,-37,204,-11,410,105,837,1512,1872,2035,1613,1706
1698747729.689,-1,-94,-1009,-30,177,-9,406,109,839,1542,1948,2074,1800,1736
1698747729.726,-5,-96,-1009,-18,126,-5,401,115,839,1565,1970,2094,1743,1778
1698747729.728,-6,-97,-1011,-9,67,-3,397,120,840,1585,1980,2127,1731,1838
1698747729.763,-6,-98,-1011,1,8,-155,394,124,840,1618,1982,2151,1759,1924
1698747729.77,-8,-100,-1009,16,-41,-72,393,127,840,1647,1998,2155,1829,1954
1698747729.785,-6,-100,-1010,20,-52,-37,393,130,839,1646,2011,2149,1809,1983
1698747729.815,-6,-99,-1009,23,-60,-20,393,131,838,1620,1977,2127,1804,2012
1698747729.838,-4,-99,-1008,27,-47,-11,392,131,838,1605,1971,2129,1816,2053
1698747729.845,-3,-100,-1007,34,-29,-7,392,129,840,1615,1979,2124,1801,2073
1698747729.868,-2,-101,-1006,43,-11,0,392,127,841,1637,1998,2130,1827,2108
1698747729.891,0,-101,-1005,49,0,5,390,124,844,1632,1998,2130,1821,2114
1698747729.913,-1,-100,-1006,43,10,5,390,121,846,1614,2023,2128,1839,2097
1698747729.929,0,-100,-1007,31,19,3,389,118,848,1638,2033,2138,1859,2105
1698747729.958,0,-100,-1008,13,27,0,389,117,850,1646,2026,2132,1888,2130
1698747729.973,1,-100,-1008,-5,37,-2,389,115,851,1660,2060,2139,1896,2134
1698747729.995,2,-99,-1008,-32,57,-4,390,113,851,1664,2061,2159,1908,2149
1698747730.01,0,-99,-1010,-56,64,-6,391,111,851,1630,2001,2167,1921,2173
1698747730.047,-1,-101,-1011,-68,44,4,391,109,850,1510,1988,2204,1921,2184
1698747730.056,-2,-104,-1010,-67,11,22,394,105,849,1412,1923,2208,1950,2158
1698747730.092,-4,-105,-1010,-64,-18,41,398,101,848,1301,1881,2232,1998,2193
1698747730.094,-3,-104,-1015,-46,-20,50,402,98,847,1314,1669,2273,2102,2221
1698747730.138,-7,-106,-1019,13,-29,54,405,94,846,986,1417,2290,2108,2264
1698747730.139,-12,-113,-1046,-9,-13,53,407,91,844,690,988,2330,2131,2327
1698747730.168,9,-112,-1124,-424,-74,54,410,89,842,637,857,2342,2217,2350
1698747730.169,-1,-116,-1166,-888,-305,39,413,88,841,506,482,2363,2245,2420
1698747730.205,-7,-122,-1196,-1327,-552,62,415,88,841,503,232,2277,2228,2447
1698747730.207,0,-129,-1218,-1741,-728,77,418,89,841,285,364,2225,2210,2505
1698747730.235,16,-136,-1235,-2159,-825,63,421,91,840,190,154,2182,2149,2479
1698747730.25,21,-151,-1249,-2607,-870,32,426,95,840,278,26,2132,2087,2473
1698747730.295,19,-170,-1276,-3088,-927,48,431,103,838,200,11,2074,2032,2388
1698747730.297,6,-194,-1309,-3669,-1066,114,435,110,836,16,212,2056,1838,2263
1698747730.347,18,-241,-1366,-4288,-1257,194,439,122,835,0,0,1944,1689,2100
1698747730.355,34,-313,-1447,-4775,-1422,229,443,138,829,0,0,1884,1487,1959
1698747730.4,54,-379,-1512,-5057,-1478,247,448,154,824,0,0,1872,1286,1870
1698747730.401,89,-411,-1562,-5100,-1575,245,452,173,815,0,0,1716,1014,1737
1698747730.408,104,-364,-1575,-4833,-1831,189,456,190,805,0,0,1443,166,1413
1698747730.408,61,-221,-1486,-4262,-2070,86,460,210,792,0,0,900,0,657
1698747730.438,-38,-25,-1184,-3738,-2264,-295,465,230,775,0,0,881,0,432
1698747730.453,-51,189,-1115,-1200,-1696,-1062,469,247,759,0,0,876,0,486
1698747730.476,-119,263,-1079,941,-1686,-1758,471,262,747,0,0,872,0,622
1698747730.49,-216,302,-1017,2124,-1330,-1977,472,275,736,0,0,842,0,470
1698747730.513,-268,333,-969,2884,-827,-1814,473,285,730,0,0,917,0,502
1698747730.535,-274,369,-942,3654,-523,-1412,472,291,728,0,0,905,0,510
1698747730.558,-280,371,-943,4458,-337,-890,471,295,727,0,0,900,0,520
1698747730.565,-276,325,-966,5017,-16,-430,469,292,731,0,0,995,0,561
1698747730.596,-247,248,-1010,5240,405,-109,467,287,733,0,0,875,0,494
1698747730.61,-201,171,-1075,5217,782,4,466,282,740,0,0,953,0,560
1698747730.633,-154,90,-1168,5135,1122,17,475,272,760,0,0,998,0,565
1698747730.655,-115,-13,-1279,4998,1424,79,481,254,777,0,0,937,0,579
1698747730.67,-70,-124,-1385,4730,1641,264,478,230,788,0,0,880,0,567
1698747730.693,-22,-211,-1480,4372,1742,504,473,207,795,0,0,844,0,651
1698747730.716,22,-242,-1571,4167,1849,727,467,184,801,0,0,884,0,607
1698747730.731,73,-255,-1682,4533,1916,874,457,158,804,0,0,925,0,756
1698747730.753,145,-347,-1761,5061,1874,871,449,134,804,0,0,928,0,683
1698747730.768,225,-554,-1794,5199,1618,700,440,109,799,0,0,888,0,626
1698747730.791,271,-1000,-1772,4864,1136,574,431,86,793,0,0,892,0,648
1698747730.813,266,-1696,-1702,3747,946,1174,424,62,786,0,0,959,0,695
1698747730.842,452,-2012,-1592,1352,599,2278,415,41,778,0,0,1024,0,747
1698747730.873,313,-1574,-1527,-863,-1609,2373,406,26,772,0,0,900,0,577
1698747730.874,189,-1161,-1319,-1668,-2560,2463,398,18,769,122,400,888,0,545
1698747730.888,91,-952,-1269,-2752,-2844,1952,389,20,771,391,794,1011,0,671
1698747730.911,47,-783,-1309,-3385,-1850,943,381,26,772,727,1001,1029,0,648
1698747730.925,74,-653,-1394,-3686,-1405,412,371,42,778,961,1223,1150,0,655
1698747730.948,58,-559,-1452,-3246,-1008,184,358,64,784,1214,1408,1210,0,747
1698747730.971,71,-493,-1394,-1821,-638,47,352,78,790,1279,1473,1616,183,1263
1698747731.008,50,-412,-1320,-1052,-266,12,348,89,810,1330,1560,1747,1052,1538
1698747731.015,42,-349,-1255,-613,-71,-2,346,97,811,1547,1619,1896,1352,1709
1698747731.031,35,-298,-1207,-364,44,-9,344,105,813,1717,1587,1979,1513,1748
1698747731.06,29,-257,-1172,-248,107,-18,342,112,815,1722,1738,2044,1592,1815
1698747731.068,22,-226,-1141,-192,139,-23,341,117,816,1826,1669,2098,1678,1851
1698747731.098,15,-200,-1114,-163,142,-22,340,121,817,1359,1600,2123,1694,1873
1698747731.113,8,-180,-1093,-129,129,-12,340,123,818,1270,1734,2151,1708,1858
1698747731.151,2,-165,-1075,-95,86,-2,340,124,818,1205,1355,2171,1724,1865
1698747731.152,-4,-154,-1057,-49,29,7,341,125,818,1461,1331,2195,1751,1879
1698747731.188,-9,-144,-1044,0,-45,19,343,123,817,1092,1354,2222,1777,1887
1698747731.189,-8,-136,-1037,22,-85,25,345,121,816,1075,1605,2235,1787,1933
1698747731.27,-6,-128,-1032,17,-79,23,347,118,813,1080,1611,2234,1809,1972
1698747731.277,-4,-123,-1029,-5,-55,17,350,114,808,1030,1574,2243,1820,2007
1698747731.278,-3,-119,-1024,-26,-29,16,355,111,800,1003,1407,2258,1852,2032
1698747731.308,-3,-117,-1021,-37,-3,15,363,117,798,977,1466,2252,1858,2045
1698747731.309,-5,-115,-1020,-34,-2,18,362,117,803,905,1144,2261,1889,2058
1698747731.315,-8,-114,-1017,-21,-14,26,361,115,808,634,1137,2254,1921,2072
1698747731.345,-7,-113,-1016,1,-40,35,363,109,809,453,1060,2283,1950,2124
1698747731.346,-8,-110,-1012,38,-78,48,366,105,810,432,1282,2299,1980,2144
1698747731.391,-7,-110,-1011,55,-104,61,369,101,809,376,797,2324,2012,2159
1698747731.427,-5,-110,-1011,62,-117,78,372,98,807,506,717,2327,2034,2219
1698747731.428,-6,-108,-1017,71,-92,117,375,94,807,399,684,2323,2080,2245
1698747731.43,-1,-106,-1035,25,5,154,378,91,807,623,597,2319,2139,2270
1698747731.466,12,-102,-1068,-248,13,88,381,89,805,369,172,2359,2235,2331
1698747731.473,18,-103,-1112,-602,0,11,383,87,805,266,235,2388,2299,2380
1698747731.51,13,-107,-1162,-1009,-31,-44,386,86,804,164,478,2373,2317,2397
1698747731.512,7,-113,-1212,-1547,-106,-60,388,86,806,120,297,2370,2291,2409
1698747731.548,1,-123,-1252,-2104,-186,-54,392,88,807,78,428,2254,2161,2380
1698747731.549,-3,-133,-1292,-2675,-282,-21,395,91,809,6,714,2224,2122,2353
1698747731.578,0,-146,-1342,-3299,-381,11,397,99,811,0,91,2176,2058,2285
1698747731.593,-10,-162,-1412,-4068,-521,39,400,110,813,135,2,2101,1910,2187
1698747731.608,-4,-212,-1539,-4892,-723,63,403,122,816,1,0,2000,1654,2077
1698747731.645,5,-292,-1669,-5464,-865,55,406,140,815,0,0,1913,1588,1959
1698747731.668,-4,-329,-1720,-5756,-738,60,409,159,810,0,0,1807,1267,1780
1698747731.669,3,-286,-1749,-5633,-580,135,412,184,805,11,0,1554,582,1438
1698747731.699,-33,-131,-1667,-5170,-607,275,414,210,796,1,0,1215,4,870
1698747731.72,-122,68,-1334,-4724,-934,553,416,234,786,0,0,880,0,410
1698747731.728,-120,309,-1202,-2199,-622,869,420,255,773,0,0,1037,0,456
1698747731.75,-114,383,-1129,141,-1023,790,425,269,764,0,0,1026,0,583
1698747731.795,-167,398,-1029,1471,-1170,604,430,280,758,0,0,1022,0,528
1698747731.797,-217,408,-946,2281,-725,437,436,285,754,0,0,1171,0,587
1698747731.81,-214,425,-900,3030,-189,240,441,288,752,0,0,1126,0,682
1698747731.84,-197,427,-884,3765,89,5,444,287,753,0,0,1228,0,838
1698747731.848,-187,390,-894,4339,335,-224,447,283,758,0,0,1147,0,686
1698747731.87,-167,327,-928,4655,687,-441,449,276,762,0,0,1216,0,685
1698747731.901,-135,259,-983,4800,1002,-629,451,270,769,0,0,1167,0,644
1698747731.908,-102,184,-1063,4881,1257,-739,455,266,781,0,0,1151,0,618
1698747731.945,-64,89,-1161,4861,1480,-755,465,250,808,0,0,1226,0,726
1698747731.953,-23,-10,-1263,4708,1530,-706,467,221,829,0,0,1105,0,624
1698747731.983,-14,-106,-1364,4428,1465,-597,466,193,842,0,0,1120,0,624
1698747731.99,-24,-190,-1476,4125,1534,-413,460,165,845,0,0,1123,0,599
1698747732.028,-18,-275,-1597,4053,1601,-187,455,141,845,0,0,1243,0,698
1698747732.029,14,-401,-1687,4525,1389,31,448,118,843,0,0,1246,0,674
1698747732.058,39,-640,-1737,5095,855,188,443,92,835,0,0,1336,0,724
1698747732.073,54,-1123,-1710,5135,590,454,437,68,825,0,0,1323,0,742
1698747732.088,273,-2063,-1717,3554,486,1086,431,44,813,0,0,1074,0,603
1698747732.111,501,-2419,-1650,-75,-1234,1413,425,25,803,0,0,991,0,643
1698747732.14,353,-1587,-1539,-1825,-1792,1688,418,15,798,174,167,911,0,586
1698747732.148,190,-1351,-1422,-3053,-1308,1003,409,18,798,836,783,1078,0,623
1698747732.178,187,-1123,-1482,-3999,-675,136,400,25,802,970,1137,1174,0,654
1698747732.193,156,-943,-1605,-3653,-636,117,380,52,810,1260,1499,1339,0,725
1698747732.215,148,-809,-1539,-2054,-510,6,366,73,817,1457,1740,1679,75,1053
1698747732.238,116,-664,-1421,-1241,-159,-17,361,85,823,1309,1599,1783,656,1098
1698747732.268,94,-553,-1333,-763,-5,-22,360,91,827,1294,1569,1884,1303,1322
1698747732.269,69,-463,-1266,-463,34,-18,359,98,833,1290,1538,2003,1530,1481
1698747732.291,53,-391,-1219,-296,18,-13,357,105,838,1337,1600,2119,1675,1659
1698747732.313,38,-331,-1179,-217,-2,-10,356,109,841,1179,1635,2147,1729,1768
1698747732.335,28,-285,-1146,-164,-30,-3,357,109,843,1087,1764,2188,1843,1859
1698747732.35,18,-249,-1119,-128,-74,14,361,107,845,1068,1553,2211,1851,1935
1698747732.381,11,-220,-1096,-83,-129,31,365,104,846,697,1433,2239,1878,2043
1698747732.388,7,-198,-1074,-20,-188,49,370,99,845,1014,1237,2231,1893,2057
1698747732.418,5,-180,-1059,22,-214,59,375,95,844,811,1097,2260,1979,2110
1698747732.433,11,-166,-1058,43,-189,55,381,89,845,812,1108,2257,1983,2125
1698747732.455,11,-154,-1048,50,-151,51,387,83,843,853,869,2282,2005,2205
1698747732.471,12,-143,-1050,58,-118,46,392,78,841,851,726,2263,2007,2227
1698747732.501,13,-136,-1039,61,-89,42,397,73,835,846,669,2278,2060,2228
1698747732.508,14,-130,-1032,54,-67,34,404,69,828,846,660,2317,2075,2262
1698747732.53,15,-124,-1026,46,-42,30,412,70,821,635,587,2328,2094,2270
1698747732.553,15,-120,-1022,37,-18,22,415,77,823,717,568,2349,2114,2306
1698747732.576,16,-116,-1021,36,4,14,412,81,828,601,582,2366,2131,2307
1698747732.598,16,-113,-1018,36,18,13,409,77,832,487,1088,2352,2147,2308
1698747732.613,17,-111,-1016,31,45,15,408,73,833,412,840,2383,2215,2355
1698747732.628,18,-109,-1018,24,77,12,409,70,835,539,917,2404,2186,2382
1698747732.658,16,-108,-1019,37,85,11,409,69,835,457,669,2415,2198,2375
1698747732.673,16,-106,-1015,40,73,12,410,67,837,288,570,2416,2225,2371
1698747732.695,13,-105,-1017,31,48,16,411,67,837,319,474,2429,2221,2373
1698747732.71,12,-103,-1019,15,30,21,412,67,837,255,499,2441,2223,2390
1698747732.733,13,-103,-1026,-48,7,11,412,65,836,290,374,2448,2239,2408
1698747732.756,16,-102,-1039,-147,-2,-4,413,64,835,247,400,2439,2235,2400
1698747732.778,18,-104,-1056,-269,-5,-22,414,63,834,140,363,2457,2288,2448
1698747732.8,18,-107,-1080,-452,-8,-32,415,63,835,79,308,2468,2300,2460
1698747732.823,10,-115,-1103,-699,-26,-24,415,64,833,3,176,2464,2359,2495
1698747732.837,20,-119,-1134,-996,-43,-35,416,65,834,17,280,2450,2365,2489
1698747732.853,28,-126,-1168,-1364,16,-67,416,68,836,12,155,2398,2342,2448
1698747732.875,35,-136,-1185,-1761,107,-117,417,72,838,88,365,2337,2316,2437
1698747732.89,36,-151,-1200,-2164,199,-158,418,78,839,0,35,2312,2262,2371
1698747732.913,36,-170,-1225,-2599,270,-182,419,86,842,0,1,2328,2180,2333
1698747732.935,25,-194,-1292,-3146,281,-196,421,95,844,0,0,2295,2174,2286
1698747732.95,15,-226,-1395,-3904,153,-212,418,110,848,0,17,2172,2031,2116
1698747732.973,38,-268,-1510,-4636,-71,-253,417,125,849,0,0,2123,1776,2002
1698747733.011,96,-331,-1604,-5170,-349,-417,416,147,849,0,0,2059,1561,1867
1698747733.012,124,-357,-1658,-5407,-729,-598,416,172,844,0,0,1878,1187,1801
1698747733.033,122,-322,-1677,-5314,-1250,-754,415,197,836,0,0,1685,524,1456
1698747733.057,87,-203,-1640,-4937,-1972,-896,414,224,825,0,0,1364,7,1020
1698747733.071,44,0,-1446,-4330,-3133,-1171,414,249,810,0,0,843,0,249
1698747733.094,-119,332,-1347,-2160,-3952,-1609,416,275,789,0,0,990,0,289
1698747733.13,-258,472,-1257,511,-3396,-1364,420,295,769,0,0,1043,0,323
1698747733.132,-317,496,-1125,2100,-2905,-573,423,310,754,0,0,1099,0,415
1698747733.153,-322,496,-1028,3347,-2444,252,427,319,742,0,0,1078,0,339
1698747733.175,-286,475,-982,4485,-2092,673,432,319,738,0,0,1031,0,325
1698747733.19,-252,403,-983,5268,-1926,489,438,316,736,0,0,1128,0,351
1698747733.213,-259,275,-1002,5590,-1787,-377,443,306,737,0,0,1234,0,442
1698747733.228,-301,126,-1039,5484,-1319,-1321,447,297,737,0,0,1182,0,499
1698747733.258,-332,-12,-1099,5143,-775,-2152,449,286,739,0,0,1232,0,574
1698747733.273,-373,-140,-1182,4757,-404,-2710,449,277,743,0,0,1212,0,580
1698747733.288,-414,-258,-1268,4438,-79,-3070,448,271,748,0,0,1234,0,566
1698747733.325,-445,-366,-1340,4191,-14,-3492,450,262,754,0,0,1191,0,587
1698747733.348,-534,-486,-1382,3879,-14,-4001,451,253,758,0,0,1153,0,641
1698747733.349,-657,-600,-1388,3356,305,-4337,449,242,762,0,0,1208,0,721
1698747733.37,-752,-689,-1365,2810,633,-4451,444,234,765,0,0,1224,0,732
1698747733.408,-853,-781,-1329,2356,788,-4327,439,228,768,0,0,1380,0,952
1698747733.409,-931,-910,-1287,1831,1077,-3884,433,225,770,0,0,1303,0,857
1698747733.43,-921,-1045,-1239,1041,1452,-3274,426,223,773,0,0,1311,0,1045
1698747733.46,-836,-1125,-1154,157,1353,-2616,418,223,776,0,0,1355,0,930
1698747733.468,-796,-1166,-1061,-753,1031,-2010,410,225,777,0,0,1412,0,964
1698747733.506,-724,-1119,-971,-1422,664,-1443,404,228,778,0,0,1401,0,982
1698747733.521,-586,-938,-848,-966,-2415,-764,397,235,776,0,0,1539,80,1165
1698747733.536,-260,-750,-882,-772,-1446,-270,395,240,774,159,476,1558,905,1324
1698747733.55,-217,-625,-923,-399,-547,-81,388,251,774,611,744,1687,1077,1450
1698747733.581,-169,-516,-952,-194,-163,-26,380,263,774,859,1086,1808,1203,1588
1698747733.625,-133,-430,-963,-104,50,-9,373,273,775,989,1243,1932,1405,1551
1698747733.626,-114,-361,-974,-61,112,-1,368,282,777,1018,1344,1966,1441,1688
1698747733.648,-95,-306,-980,-28,47,5,363,289,778,1166,1430,2008,1508,1711
1698747733.649,-77,-263,-986,-6,-17,0,358,295,779,1243,1482,1994,1552,1798
1698747733.685,-58,-227,-993,0,-37,-4,355,299,781,1264,1459,1984,1573,1787
1698747733.693,-45,-198,-996,-6,-20,-12,352,301,780,1377,1500,2017,1683,1856
1698747733.708,-34,-177,-997,-10,22,-19,351,302,779,1377,1675,2023,1715,1928
1698747733.73,-26,-161,-998,-5,73,-21,352,301,780,1435,1685,2063,1746,1938
1698747733.768,-20,-146,-999,-4,122,-22,352,301,780,1397,1590,2038,1711,1921
1698747733.769,-16,-135,-1002,-15,168,-25,352,303,780,1419,1604,2049,1685,1872
1698747733.798,-15,-127,-1004,-32,194,-26,351,303,781,1419,1649,2079,1666,1806
1698747733.813,-16,-120,-1004,-39,173,-26,351,304,781,1407,1754,2079,1652,1761
1698747733.835,-16,-117,-1004,-38,136,-22,350,306,781,1381,1791,2075,1697,1682
1698747733.851,-15,-113,-1003,-32,110,-19,350,307,780,1389,1724,2088,1728,1704
1698747733.881,-16,-110,-1003,-26,87,-16,350,307,779,1376,1703,2108,1767,1739
1698747733.895,-17,-109,-1003,-14,66,-14,351,307,778,1371,1765,2095,1752,1730
1698747733.926,-18,-106,-1004,0,41,-16,352,307,779,1405,1675,2124,1785,1770
1698747733.933,-20,-104,-1004,13,-3,-13,353,307,779,1395,1732,2149,1772,1797
1698747733.963,-20,-103,-1004,36,-62,-5,355,306,778,1462,1590,2144,1809,1873
1698747733.97,-19,-101,-1004,57,-112,2,356,306,779,1460,1666,2130,1864,1939
1698747734.001,-12,-102,-1004,84,-130,10,358,303,780,1379,1685,2039,1812,1992
1698747734.016,-11,-101,-1007,99,-115,7,360,301,780,1372,1717,2076,1849,2076
1698747734.045,-7,-99,-1008,110,-102,9,363,299,782,1519,1745,2026,1861,2021
1698747734.053,-4,-97,-1008,126,-79,7,366,297,782,1554,1784,1961,1832,2030
1698747734.083,-2,-95,-1008,138,-65,8,369,293,783,1621,1730,1943,1782,2076
1698747734.09,0,-92,-1008,120,-48,5,372,291,783,1709,1785,1928,1837,2112
1698747734.113,1,-90,-1008,103,-38,3,375,287,783,1644,1750,1891,1737,2094
1698747734.128,2,-88,-1007,88,-29,2,377,283,784,1617,1738,1853,1667,2080
1698747734.165,4,-86,-1008,85,-22,2,380,279,784,1622,1788,1866,1711,2164
1698747734.173,6,-84,-1007,87,-11,2,383,276,784,1646,1666,1894,1743,2208
1698747734.203,6,-83,-1008,95,3,157,384,273,783,1690,1889,1900,1783,2195
1698747734.21,8,-81,-1008,100,7,77,387,270,783,1638,1747,1794,1793,2186
1698747734.24,8,-80,-1009,113,4,37,388,267,783,1769,1761,1771,1682,2226
1698747734.255,10,-80,-1009,133,1,16,390,266,783,1710,1840,1689,1647,2234
1698747734.285,11,-78,-1009,145,-7,0,390,264,782,1863,1872,1619,1707,2208
1698747734.293,11,-76,-1008,152,-16,-8,390,262,782,1853,1980,1615,1496,2191
1698747734.331,10,-75,-1008,142,-27,-8,390,260,782,1987,1949,1580,1418,2171
1698747734.332,12,-71,-1006,108,-34,-7,391,259,782,1998,1917,1539,1339,2167
1698747734.361,12,-71,-1006,99,-45,-6,393,256,782,1996,1922,1566,1269,2140
1698747734.376,13,-69,-1007,96,-53,-5,394,253,781,1938,1839,1552,1011,2113
1698747734.397,14,-79,-1010,97,-58,-5,397,251,783,1927,1739,1535,757,2093
1698747734.413,14,-77,-1011,117,-73,-3,400,245,783,1900,1831,1472,575,2063
1698747734.443,12,-72,-1015,169,-122,-17,405,239,782,1912,1776,1275,292,1821
1698747734.458,10,-66,-1021,251,-217,-44,410,234,781,2020,1807,1281,18,1636
1698747734.473,8,-58,-1028,373,-363,-141,416,230,779,2031,1675,1177,65,1487
1698747734.496,-13,-50,-1044,555,-506,-362,419,228,778,2047,1610,1166,20,1509
1698747734.519,-56,-28,-1058,763,-588,-1001,422,227,776,2010,1590,1126,29,1487
1698747734.533,-92,-4,-1083,999,-663,-1886,423,227,774,2053,1634,1188,23,1411
1698747734.555,-87,2,-1095,1217,-876,-2412,423,228,772,1916,1599,1208,25,1412
1698747734.57,-87,15,-1085,1295,-1029,-2805,423,230,770,1628,1363,1161,0,1384
1698747734.6,-52,25,-1083,1267,-1247,-3108,423,232,767,1264,1192,1120,3,1296
1698747734.615,-21,44,-1079,1187,-1689,-3327,422,236,764,966,797,1031,0,1181
1698747734.63,-8,85,-1082,1109,-2183,-3670,420,243,760,665,589,1061,0,1261
1698747734.675,-76,102,-1143,988,-2289,-4151,418,251,754,432,435,1083,0,1130
1698747734.677,-126,108,-1213,449,-1253,-4551,417,260,749,470,560,1146,0,1057
1698747734.691,-224,145,-1252,129,-689,-5210,414,270,744,585,606,1203,0,1075
1698747734.713,-322,204,-1257,-158,52,-5847,408,283,741,390,604,1127,0,1031
1698747734.736,-383,293,-1242,-251,674,-6166,397,298,737,525,648,1188,0,1061
1698747734.75,-426,386,-1210,-157,1125,-5943,385,312,734,459,614,1228,0,1011
1698747734.795,-438,472,-1170,159,1353,-5276,370,327,732,493,613,1190,0,986
1698747734.796,-438,529,-1127,584,1435,-4284,353,344,731,535,625,1188,0,1015
1698747734.81,-419,553,-1092,1019,1482,-3295,340,359,734,528,621,1145,0,1007
1698747734.841,-375,543,-1066,1390,1472,-2448,332,366,743,450,553,1087,0,891
1698747734.855,-331,502,-1051,1605,1450,-1850,324,370,753,497,465,1060,0,861
1698747734.87,-284,462,-1064,1731,1634,-1517,312,367,765,391,527,1019,0,771
1698747734.893,-211,413,-1091,1913,1739,-1463,299,363,790,476,442,1009,0,741
1698747734.916,-164,356,-1132,2094,1763,-1591,285,358,799,491,426,1028,0,735
1698747734.93,-113,301,-1179,2384,1730,-1764,270,352,808,476,402,1018,0,923
1698747734.96,-83,223,-1217,2690,1438,-1930,255,344,818,403,479,1076,0,849
1698747734.975,-84,118,-1246,2781,1207,-2012,242,332,830,452,492,1071,0,739
1698747734.991,-85,10,-1269,2681,1066,-2066,228,317,840,403,499,1099,0,806
1698747735.013,-92,-110,-1278,2577,815,-2171,215,301,847,441,535,1105,0,853
1698747735.043,-126,-284,-1263,2264,619,-2202,202,282,851,421,568,1080,0,821
1698747735.065,-167,-548,-1221,1643,690,-1937,192,265,852,447,479,1059,0,796
1698747735.073,-152,-874,-1194,992,1016,-1127,183,249,852,442,482,1097,0,752
1698747735.11,-49,-1118,-1142,380,966,-49,175,238,851,416,492,1142,0,952
1698747735.111,150,-1304,-1093,-1448,-600,540,167,230,852,432,512,1006,0,641
1698747735.156,31,-767,-1091,-2655,-1584,701,161,234,852,550,737,828,0,680
1698747735.157,-46,-686,-1108,-3573,-1191,-155,156,243,853,858,1169,884,0,649
1698747735.2,18,-569,-1189,-4035,-746,-903,151,260,853,1330,1415,1103,0,874
1698747735.202,111,-466,-1305,-4203,-774,-576,141,288,851,1547,1734,1248,0,1019
1698747735.23,50,-428,-1326,-2595,-634,-194,132,311,848,1429,1637,1490,61,1061
1698747735.232,60,-346,-1278,-1360,-332,-76,131,326,845,1521,1670,1656,910,1518
1698747735.29,60,-295,-1223,-784,-69,-38,132,337,845,1653,1625,1715,1227,1571
1698747735.291,44,-255,-1182,-448,34,-16,132,345,845,1573,1800,1839,1383,1679
1698747735.32,31,-223,-1147,-241,33,1,132,352,844,1609,1822,1919,1513,1740
1698747735.35,26,-195,-1122,-126,10,7,132,359,844,1705,1929,2004,1604,1851
1698747735.352,22,-173,-1100,-74,0,4,131,364,845,1710,1920,2008,1634,1917
1698747735.358,17,-154,-1081,-51,2,2,130,367,845,1729,2042,2028,1694,1920
1698747735.373,13,-140,-1064,-39,22,0,131,370,846,1664,1976,2021,1717,1935
1698747735.403,9,-129,-1051,-30,45,-1,131,371,846,1589,2000,2054,1718,1993
1698747735.44,7,-122,-1042,-25,57,0,131,373,845,1721,1989,2087,1755,1963
1698747735.441,6,-116,-1036,-32,77,-1,132,375,845,1681,2053,2112,1796,1977
1698747735.493,4,-111,-1032,-40,124,-7,131,375,843,1763,2069,2122,1756,1949
1698747735.494,2,-107,-1027,-50,159,-14,131,377,842,1502,1998,2143,1788,1947
1698747735.496,0,-105,-1023,-50,181,-13,130,379,839,1382,1945,2138,1790,1957
1698747735.523,-5,-103,-1019,-41,183,-15,129,380,837,1250,1909,2158,1783,1938
1698747735.531,-10,-101,-1015,-33,152,-8,129,380,834,1320,1883,2157,1788,1939
1698747735.568,-13,-101,-1011,-22,99,-1,130,379,830,1244,1900,2182,1805,1949
1698747735.605,-14,-100,-1009,-15,59,4,133,381,823,1267,1879,2216,1833,1975
1698747735.612,-15,-99,-1008,-12,31,4,135,392,823,1233,1831,2240,1854,1985
1698747735.614,-15,-99,-1009,-19,21,5,133,400,826,1223,1845,2253,1859,2002
1698747735.643,-15,-99,-1010,-27,22,3,126,401,831,1194,1702,2255,1854,2024
1698747735.65,-16,-99,-1009,-36,8,4,124,397,833,1062,1555,2263,1863,1984
1698747735.71,-18,-100,-1010,-41,-11,8,123,394,833,986,1681,2250,1902,1992
1698747735.711,-19,-101,-1011,-33,-53,14,125,391,833,980,1570,2237,1929,2007
1698747735.747,-21,-101,-1008,-7,-134,29,129,387,834,879,1257,2310,1947,2103
1698747735.749,-18,-101,-1009,13,-198,42,133,382,833,709,1097,2340,2045,2178
1698747735.785,-17,-102,-1011,42,-228,53,139,375,832,726,904,2314,2043,2208
1698747735.786,-13,-101,-1016,80,-230,69,145,370,833,326,644,2349,2144,2286
1698747735.793,-14,-101,-1023,121,-170,94,150,366,831,92,537,2345,2196,2391
1698747735.83,8,-99,-1081,-33,4,110,155,362,829,109,211,2355,2227,2422
1698747735.832,8,-101,-1113,-444,-40,53,159,358,828,178,380,2376,2277,2457
1698747735.869,10,-103,-1160,-902,-127,12,163,358,825,33,199,2383,2303,2521
1698747735.87,10,-104,-1215,-1416,-236,-17,165,358,822,96,221,2314,2275,2510
1698747735.89,12,-110,-1252,-1944,-327,-30,168,360,817,5,137,2220,2245,2505
1698747735.921,20,-118,-1288,-2517,-387,-49,172,363,813,0,64,2174,2222,2490
1698747735.943,21,-128,-1333,-3172,-463,-73,175,368,805,3,139,2094,2116,2442
1698747735.958,0,-145,-1389,-3893,-613,-30,177,377,792,0,395,2052,2027,2374
1698747735.988,-8,-173,-1467,-4714,-808,45,178,386,779,0,1,2065,1968,2204
1698747735.995,12,-269,-1617,-5409,-995,69,179,400,759,0,0,2003,1707,2062
1698747736.025,26,-340,-1714,-5752,-992,54,181,414,737,0,0,1828,1407,1881
1698747736.033,71,-343,-1787,-5654,-938,6,182,430,710,0,0,1653,974,1641
1698747736.055,53,-191,-1736,-5115,-1135,-18,182,445,677,0,0,1324,10,1261
1698747736.078,-33,42,-1527,-4654,-1466,16,182,457,646,0,179,858,0,524
1698747736.108,-82,296,-1406,-2707,-974,282,183,467,617,0,190,858,0,681
1698747736.115,-71,451,-1316,-452,-1126,257,184,475,594,0,188,964,0,742
1698747736.131,-129,525,-1202,1184,-1526,60,184,482,580,0,203,932,0,897
1698747736.153,-214,570,-1101,2382,-1322,-78,185,486,575,0,190,1047,0,853
1698747736.183,-258,595,-1038,3494,-783,-111,185,489,576,0,137,1109,0,891
1698747736.191,-270,573,-1012,4372,-350,-133,184,490,590,0,269,1090,0,833
1698747736.213,-269,501,-1016,4899,-36,-186,184,490,612,0,314,1118,0,959
1698747736.235,-260,392,-1049,5114,315,-248,182,484,634,0,330,1172,0,865
1698747736.273,-240,290,-1104,5170,652,-298,181,477,661,0,327,1164,0,883
1698747736.274,-217,181,-1189,5143,978,-289,185,469,692,0,392,1240,0,820
1698747736.303,-183,58,-1293,4994,1309,-200,191,443,724,0,272,1161,0,853
1698747736.31,-139,-52,-1401,4774,1751,-86,192,415,747,0,269,1168,0,886
1698747736.363,-83,-148,-1494,4546,1827,63,186,387,763,0,359,1147,0,868
1698747736.364,-38,-234,-1578,4294,1979,258,178,361,773,0,295,1129,0,862
1698747736.393,37,-315,-1653,4283,2093,456,169,340,779,0,361,1108,0,863
1698747736.394,133,-434,-1712,4435,1896,504,160,320,782,0,420,1160,0,915
1698747736.43,183,-622,-1718,4467,1406,355,153,300,785,0,128,1167,0,883
1698747736.432,152,-928,-1704,4263,1037,343,146,281,785,0,99,1165,0,893
1698747736.475,209,-1652,-1732,3322,820,850,141,265,788,0,242,1022,0,826
1698747736.477,576,-2347,-1680,708,-120,1156,136,253,791,0,193,1021,0,712
1698747736.498,405,-1772,-1635,-1872,-1052,1136,132,250,795,120,539,897,0,779
1698747736.513,254,-1414,-1482,-2838,-1480,1027,128,254,798,801,935,1084,0,402
1698747736.565,166,-1157,-1503,-4084,-1163,363,122,269,801,991,1447,1123,0,413
1698747736.566,170,-978,-1694,-4261,-1236,218,107,301,802,1328,1613,1288,0,767
1698747736.581,152,-858,-1616,-2414,-1036,78,95,327,801,1535,1712,1650,109,926
1698747736.595,130,-707,-1505,-1313,-512,30,93,343,801,1393,1621,1655,1058,1272
1698747736.632,102,-580,-1396,-756,-282,10,95,353,801,1552,1607,1775,1458,1543
1698747736.633,82,-483,-1318,-402,-174,5,97,360,802,1592,1746,1921,1608,1771
1698747736.678,72,-405,-1260,-198,-161,11,99,365,804,1624,1852,1989,1726,1957
1698747736.708,62,-342,-1212,-91,-144,6,100,370,805,1662,1786,2003,1765,2017
1698747736.709,54,-289,-1173,-60,-101,-5,103,371,806,1673,1851,2040,1804,2049
1698747736.716,48,-249,-1142,-67,-76,-8,109,369,807,1598,1702,2012,1822,2056
1698747736.738,41,-216,-1113,-71,-69,-2,114,366,808,1424,1679,2049,1831,2103
1698747736.753,38,-190,-1090,-67,-65,4,120,362,808,1412,1491,2065,1873,2145
1698747736.798,33,-171,-1072,-59,-57,10,125,357,807,1424,1406,2058,1945,2169
1698747736.799,30,-155,-1059,-53,-49,18,130,354,806,1153,1260,2039,1970,2214
1698747736.82,29,-144,-1049,-39,-41,25,135,350,803,1037,999,2069,1955,2202
1698747736.835,29,-135,-1041,-16,-43,30,140,346,798,1010,894,2140,2010,2255
1698747736.866,27,-126,-1035,25,-46,32,146,344,793,783,711,2166,2022,2299
1698747736.873,25,-120,-1030,53,-48,34,151,347,792,549,603,2175,2078,2307
1698747736.904,25,-114,-1024,72,-51,44,152,348,794,444,488,2213,2146,2373
1698747736.917,23,-110,-1025,77,-55,61,151,348,796,149,461,2282,2178,2459
1698747736.948,28,-106,-1040,19,-54,74,149,348,797,100,442,2292,2191,2481
1698747736.955,31,-104,-1047,-130,-72,47,149,346,798,221,431,2292,2253,2476
1698747737.008,34,-102,-1050,-250,-89,27,150,346,797,325,212,2276,2235,2456
1698747737.015,36,-102,-1059,-370,-115,6,151,345,795,227,233,2245,2233,2457
1698747737.023,40,-104,-1066,-488,-137,-9,152,345,794,230,161,2208,2220,2459
1698747737.038,43,-109,-1076,-617,-159,-24,154,346,792,62,340,2184,2235,2466
1698747737.068,48,-115,-1086,-774,-184,-36,155,347,789,3,288,2144,2205,2492
1698747737.075,54,-125,-1100,-963,-203,-57,156,349,786,1,194,2114,2267,2470
1698747737.091,49,-139,-1122,-1171,-250,-66,158,350,784,23,21,2143,2226,2482
1698747737.113,39,-154,-1155,-1433,-384,-40,161,353,780,0,194,2092,2220,2480
1698747737.135,33,-169,-1182,-1749,-565,33,162,355,777,131,213,2026,2134,2446
1698747737.158,32,-189,-1204,-2130,-711,112,164,359,770,14,390,2043,2119,2454
1698747737.173,33,-208,-1246,-2542,-815,183,167,363,764,0,175,2068,2042,2375
1698747737.218,20,-237,-1320,-3144,-966,273,170,370,758,0,332,2040,2067,2294
1698747737.219,11,-275,-1416,-3870,-1141,407,175,380,745,0,10,1941,1840,2162
1698747737.233,9,-338,-1524,-4591,-1240,511,179,391,732,0,17,1846,1547,1899
1698747737.256,7,-375,-1575,-5075,-935,643,182,403,713,0,1,1832,1348,1817
1698747737.27,4,-400,-1602,-5177,-985,798,186,418,687,0,0,1721,949,1617
1698747737.294,-34,-339,-1548,-4889,-1086,1037,189,430,663,0,9,1413,180,1386
1698747737.316,-86,-187,-1402,-4235,-1193,1314,194,442,636,0,129,985,0,890
1698747737.337,-226,29,-1197,-2995,-992,1278,200,452,612,0,171,1020,0,602
1698747737.353,-256,178,-1099,-398,-32,968,207,461,592,0,135,1059,0,651
1698747737.376,-268,194,-955,1095,308,494,211,469,580,0,134,1086,0,664
1698747737.391,-282,209,-853,2011,747,102,216,475,573,0,145,1026,0,709
1698747737.413,-272,229,-806,2779,1251,-74,218,479,574,0,175,1041,0,680
1698747737.435,-261,216,-799,3396,1769,129,219,481,578,0,168,1043,0,683
1698747737.458,-208,172,-811,3642,2359,582,220,482,588,0,145,1092,0,699
1698747737.473,-101,127,-850,3638,2854,1084,220,480,603,0,220,1112,0,706
1698747737.51,26,90,-917,3558,3152,1598,219,477,618,0,232,1114,0,794
1698747737.511,163,52,-1004,3509,3362,2144,218,473,635,0,286,1162,0,781
1698747737.534,297,15,-1091,3404,3450,2710,219,470,650,0,318,1226,0,793
1698747737.57,422,-8,-1169,3204,3432,3268,225,467,668,0,350,1335,0,863
1698747737.572,522,-30,-1236,2850,3324,3733,233,456,689,0,379,1357,0,788
1698747737.593,605,-62,-1291,2712,3133,4120,239,443,707,0,297,1306,0,740
1698747737.616,679,-100,-1330,2444,2877,4485,242,432,723,0,378,1373,0,801
1698747737.66,745,-131,-1351,2153,2501,4839,245,424,737,0,350,1374,0,807
1698747737.662,793,-168,-1347,1916,2101,5183,248,417,750,0,210,1294,0,814
1698747737.729,835,-219,-1312,1530,1741,5405,254,411,764,0,196,1313,0,785
1698747737.73,887,-281,-1266,952,1387,5366,261,407,776,0,251,1259,0,710
1698747737.743,1059,-436,-1125,552,-1285,5026,272,403,785,0,227,1083,0,596
1698747737.772,1216,-597,-1211,352,-2285,4386,286,399,794,0,235,1384,622,1324
1698747737.773,1080,-458,-1121,15,-1284,2090,302,399,799,67,496,1411,752,1565
1698747737.775,861,-381,-1132,-83,-501,997,312,400,805,554,900,1492,1037,1596
1698747737.81,691,-313,-1117,-74,-222,448,322,401,812,738,1091,1527,1250,1648
1698747737.812,556,-270,-1089,-91,-23,186,328,401,817,838,1200,1600,1366,1789
1698747737.833,439,-237,-1073,-81,44,84,333,402,820,996,1341,1756,1580,1856
1698747737.855,352,-209,-1065,-55,20,51,336,403,822,1168,1480,1855,1746,2037
1698747737.9,284,-184,-1058,-39,9,33,339,405,823,1258,1501,1877,1779,2105
1698747737.901,229,-166,-1051,-28,10,22,341,407,825,1260,1596,1925,1917,2153
1698747737.923,184,-154,-1040,-14,7,18,343,407,826,1315,1605,1958,1944,2206
1698747737.938,148,-142,-1035,0,4,19,345,408,827,1312,1576,1966,1980,2181
1698747737.967,120,-132,-1028,6,0,23,346,407,828,1348,1729,2024,2004,2247
1698747737.976,97,-124,-1021,3,-3,27,348,406,828,1357,1684,2034,1984,2259
1698747737.998,81,-117,-1018,0,25,24,350,406,829,1291,1708,2026,2040,2218
1698747738.013,68,-112,-1015,-8,60,23,351,406,828,1280,1657,2038,2051,2219
1698747738.05,57,-108,-1012,-28,108,19,351,406,828,1271,1675,2065,2063,2211
1698747738.052,46,-106,-1012,-45,162,16,351,408,826,1267,1706,2110,2046,2237
1698747738.073,38,-104,-1012,-61,202,16,346,411,825,1239,1638,2131,1947,2228
1698747738.095,29,-104,-1011,-70,220,16,343,414,824,1213,1618,2165,1923,2113
1698747738.126,20,-104,-1010,-59,190,19,338,417,823,1194,1604,2232,1971,2118
1698747738.133,13,-105,-1009,-46,143,22,335,420,821,1184,1603,2320,2002,2154
1698747738.178,10,-105,-1010,-38,102,21,333,422,819,1245,1553,2324,2061,2180
1698747738.179,5,-106,-1009,-29,63,17,333,423,817,858,1502,2297,2042,2162
1698747738.216,2,-106,-1009,-19,33,20,334,426,816,623,1393,2316,2072,2160
1698747738.217,0,-107,-1008,-9,12,19,336,428,814,516,1331,2329,2073,2135
1698747738.246,-1,-108,-1007,0,3,21,338,431,814,453,1180,2327,2086,2137
1698747738.253,-2,-106,-1009,14,-7,22,339,433,816,449,1090,2337,2068,2169
1698747738.283,-2,-106,-1008,23,-17,30,341,435,816,515,1054,2327,2071,2218
1698747738.306,-3,-107,-1008,33,-19,34,341,436,817,503,903,2338,2047,2217
1698747738.313,-5,-107,-1007,37,-18,40,341,436,818,292,856,2335,2066,2236
1698747738.336,1,-120,-1026,43,-15,85,342,436,820,371,868,2322,2035,2187
1698747738.358,5,-120,-1021,54,0,63,342,436,821,254,888,2320,2020,2169
1698747738.38,-1,-114,-1022,79,17,47,342,436,821,231,643,2310,1937,2088
1698747738.403,-29,-108,-1034,136,48,113,343,435,822,3,479,2280,1927,2033
1698747738.418,-93,-103,-1050,130,253,391,344,435,821,24,275,2176,1752,1884
1698747738.449,-188,-78,-1072,4,484,998,347,430,820,68,175,2057,1542,1609
1698747738.456,-310,-24,-1054,-21,553,1894,351,424,820,1,238,1895,1152,1399
1698747738.492,-408,40,-1024,142,747,3240,358,416,821,0,81,1726,445,1308
1698747738.5,-414,66,-1018,454,953,4708,366,405,824,0,8,1499,33,1084
1698747738.568,-392,-21,-1027,676,1132,5875,377,392,827,0,104,1391,0,911
1698747738.569,-217,-89,-1037,885,697,6505,390,373,833,0,119,1370,0,764
1698747738.576,-104,-182,-1040,936,-418,6361,403,354,838,0,10,1345,0,946
1698747738.577,-40,-230,-1026,523,-911,6043,418,329,842,0,7,1270,0,833
1698747738.599,16,-212,-1014,170,-1055,5660,433,306,843,0,0,1326,0,909
1698747738.613,45,-173,-999,11,-994,5225,448,282,843,0,1,1305,0,932
1698747738.651,72,-147,-989,-75,-773,4758,463,257,844,0,2,1311,0,902
1698747738.658,97,-120,-978,-199,-620,4255,475,235,843,0,0,1313,0,995
1698747738.68,109,-85,-970,-275,-479,3793,487,213,842,0,0,1350,0,1019
1698747738.696,116,-53,-957,-322,-323,3324,496,192,841,0,0,1342,0,1141
1698747738.732,111,-21,-938,-386,-174,2867,504,176,842,0,0,1317,0,1133
1698747738.763,97,12,-917,-424,-15,2466,511,163,841,0,0,1312,0,1095
1698747738.764,-226,286,-983,-312,1376,2133,516,154,842,0,0,1275,0,1156
1698747738.778,-398,528,-1047,-339,1426,1159,518,147,846,4,76,1337,0,1119
1698747738.8,-310,384,-1076,-269,672,583,516,146,854,304,237,1330,448,1286
1698747738.815,-241,299,-1065,-140,405,298,514,145,859,495,313,1437,481,1311
1698747738.838,-188,221,-1056,-71,254,149,512,144,864,514,285,1424,600,1337
1698747738.86,-148,161,-1045,-52,176,73,510,143,869,310,315,1491,742,1372
1698747738.875,-119,112,-1037,-54,117,38,508,143,872,387,273,1503,852,1404
1698747738.898,-94,73,-1031,-71,63,28,506,144,875,316,419,1544,869,1456
1698747738.921,-71,42,-1029,-92,62,19,504,145,877,435,564,1608,1035,1474
1698747738.958,-55,19,-1028,-85,79,15,502,147,881,497,690,1675,1142,1526
1698747738.959,-42,-2,-1026,-61,98,10,499,149,883,621,804,1685,1123,1490
1698747738.973,-33,-19,-1022,-39,113,5,496,152,886,751,862,1688,1154,1462
1698747739.002,-25,-34,-1020,-28,121,4,492,156,888,696,896,1696,1204,1458
1698747739.018,-18,-46,-1018,-21,118,3,489,159,889,643,953,1727,1279,1474
1698747739.041,-14,-56,-1016,-18,129,2,486,162,890,752,1017,1771,1219,1472
1698747739.055,-11,-63,-1015,-10,137,1,484,166,892,811,1039,1797,1091,1465
1698747739.078,-10,-69,-1014,-13,129,0,481,169,893,702,1112,1825,1201,1404
1698747739.093,-10,-75,-1013,-11,114,-4,477,172,895,875,1122,1832,1209,1450
1698747739.115,-10,-80,-1012,-8,99,-1,474,175,896,778,1131,1867,1207,1536
1698747739.138,-9,-84,-1012,-6,94,-3,471,178,896,751,1175,1895,1332,1518
1698747739.153,-9,-87,-1012,-10,86,-3,469,181,897,861,1251,1895,1475,1531
1698747739.176,-8,-90,-1011,-8,83,-4,466,183,897,888,1323,1920,1317,1557
1698747739.205,-8,-93,-1010,-7,84,-4,464,185,898,875,1357,1952,1395,1595
1698747739.213,-9,-94,-1009,-18,86,-7,462,187,898,952,1299,2014,1396,1594
1698747739.235,-8,-95,-1008,-34,93,-7,460,190,899,982,1287,2027,1435,1644
1698747739.258,-9,-99,-1008,-39,123,-10,458,191,900,1064,1333,2085,1473,1689
1698747739.274,-10,-100,-1008,-49,142,-14,455,193,899,1061,1317,2076,1543,1605
1698747739.296,-11,-103,-1007,-63,156,-16,454,196,900,921,1260,2132,1615,1651
1698747739.319,-13,-105,-1011,-72,180,-18,452,198,900,1014,1303,2154,1670,1647
1698747739.333,-14,-107,-1018,-79,212,-21,452,199,900,886,1253,2181,1661,1719
1698747739.356,-14,-108,-1017,-70,257,-27,452,200,900,511,1138,2231,1714,1780
1698747739.378,-11,-109,-1037,-45,419,-48,455,195,900,326,1159,2353,1840,1808
1698747739.393,-19,-113,-1050,-85,670,-90,461,185,898,71,611,2352,1791,1720
1698747739.416,-35,-113,-1048,-146,744,-87,468,175,894,0,403,2351,1753,1700
1698747739.498,-50,-114,-1040,-271,691,-58,477,162,893,0,300,2347,1745,1708
1698747739.535,-79,-111,-1030,-310,538,-16,485,149,892,0,207,2439,1898,1744
1698747739.536,-81,-115,-964,-205,259,-30,493,137,891,0,125,2386,1892,1823
1698747739.537,-91,-116,-928,291,-220,-90,501,128,891,0,138,2432,1951,1886
1698747739.55,-99,-118,-1003,449,-505,-66,508,118,892,0,21,2439,2025,1812
1698747739.565,-96,-116,-1024,292,-376,-26,513,111,891,8,468,2372,1890,1866
1698747739.566,-87,-114,-1037,194,-257,-2,516,107,891,51,620,2330,1826,1816
1698747739.595,-80,-110,-1036,119,-178,3,519,104,892,123,796,2339,1854,1805
1698747739.597,-74,-108,-1025,70,-118,2,523,101,891,169,844,2335,1865,1822
1698747739.647,-70,-111,-1015,52,-133,9,527,98,890,75,875,2333,1882,1854
1698747739.648,-63,-112,-1013,61,-148,16,530,97,890,325,942,2338,1935,1877
1698747739.671,-61,-114,-1013,74,-156,21,530,97,889,461,885,2324,1918,1896
1698747739.678,-19,-102,-1077,71,-215,29,530,97,889,410,1111,2311,1882,1884
1698747739.693,-21,-101,-1079,101,-193,24,530,99,888,800,1103,2338,1885,1885
1698747739.717,-21,-103,-1071,99,-120,17,528,102,888,763,1135,2308,1810,1846
1698747739.746,-23,-104,-1058,80,-66,13,527,105,887,744,1175,2256,1762,1746
1698747739.753,-23,-105,-1050,67,-35,11,525,108,886,809,1144,2215,1649,1794
1698747739.783,-25,-105,-1043,66,-4,11,524,110,886,785,1116,2195,1565,1691
1698747739.805,-24,-106,-1041,62,19,12,523,111,886,836,1145,2160,1494,1527
1698747739.813,-24,-107,-1039,60,72,11,522,112,887,842,1169,2140,1374,1469
1698747739.843,-25,-108,-1036,75,107,3,522,111,886,690,1122,2152,1345,1444
1698747739.881,-26,-108,-1032,87,152,1,522,109,885,632,1010,2130,1175,1437
1698747739.882,-27,-106,-1026,94,199,4,524,107,885,461,1028,2084,995,1314
1698747739.918,-30,-104,-1024,86,214,8,525,105,883,278,843,2050,914,1304
1698747739.92,-34,-103,-1018,76,199,5,527,102,883,331,899,2004,733,1293
1698747739.97,-39,-101,-1011,56,164,12,529,97,884,237,890,1996,630,1295
1698747739.971,-41,-99,-1007,43,119,21,530,95,884,393,897,2010,592,1300
1698747740.008,-41,-98,-1009,34,74,20,532,92,884,98,919,2003,727,1282
1698747740.03,-43,-97,-1009,27,39,-147,533,92,885,37,1015,2006,619,1390
1698747740.038,-45,-97,-1011,24,13,-71,534,91,885,83,1053,2009,729,1334
1698747740.039,-46,-96,-1013,23,-4,-33,534,90,886,95,1081,2016,818,1359
1698747740.068,-47,-95,-1014,23,-13,-12,534,90,886,178,1089,2047,885,1408
1698747740.082,-47,-96,-1013,27,-12,0,535,89,887,210,1056,2042,1028,1387
1698747740.105,-47,-96,-1014,27,-6,8,535,87,886,165,1011,2055,1047,1410
1698747740.127,-48,-96,-1014,32,-11,8,536,86,886,313,972,2038,1062,1402
1698747740.151,-50,-97,-1039,50,-48,17,537,86,887,261,1044,2047,987,1432
1698747740.158,-65,-96,-1029,83,-156,32,538,86,887,38,988,2036,1064,1431
1698747740.191,-57,-95,-1031,88,-225,41,539,86,886,69,1021,1969,1051,1438
1698747740.195,-49,-94,-1031,84,-225,36,538,88,885,10,839,1904,1093,1371
1698747740.225,-42,-94,-1030,73,-177,30,537,89,883,62,900,1921,1097,1423
1698747740.233,-37,-92,-1028,65,-142,25,536,91,881,98,826,1889,1125,1431
1698747740.27,-33,-92,-1027,58,-126,21,536,91,879,274,862,1838,1146,1420
1698747740.278,-29,-91,-1025,54,-113,22,536,91,877,118,777,1852,1120,1536
1698747740.322,-25,-91,-1023,52,-101,20,536,91,876,9,1113,1816,1042,1466
1698747740.329,-22,-90,-1023,52,-94,23,536,90,874,1,935,1789,998,1369
1698747740.346,-18,-89,-1021,52,-86,25,536,90,872,0,847,1788,1043,1397
1698747740.361,-15,-89,-1020,49,-71,26,536,91,871,19,363,1821,1060,1436
1698747740.383,-13,-89,-1020,50,-60,22,536,93,870,0,358,1824,1091,1442
1698747740.398,-10,-88,-1019,46,-44,21,535,92,870,0,367,1851,1121,1452
1698747740.436,-8,-87,-1020,43,-33,18,535,91,869,561,462,1854,1175,1464
1698747740.437,-6,-86,-1019,41,-25,15,535,91,868,390,528,1896,1196,1512
1698747740.472,-5,-86,-1019,39,-16,12,535,90,867,295,470,1907,1235,1547
1698747740.473,-4,-85,-1019,40,-8,12,534,90,867,187,429,1911,1253,1571
1698747740.503,-3,-85,-1018,38,-5,11,534,89,868,192,579,1911,1245,1584
1698747740.518,-3,-85,-1019,37,154,13,534,88,867,167,670,1897,1216,1562
1698747740.556,-2,-85,-1018,37,71,13,534,88,866,160,673,1873,1230,1538
1698747740.557,-3,-85,-1019,37,28,14,534,89,866,242,430,1896,1213,1552
1698747740.593,-14,-84,-1020,39,6,12,534,89,866,205,377,1842,1173,1514
1698747740.6,-11,-84,-1020,41,-5,14,534,89,864,201,367,1833,1176,1533
1698747740.631,-7,-83,-1021,40,-8,15,534,89,862,213,377,1831,1168,1597
1698747740.638,-5,-83,-1020,40,-5,17,535,90,863,196,399,1831,1118,1482
1698747740.675,-4,-82,-1020,38,0,15,535,89,862,167,378,1850,1189,1430
1698747740.677,-3,-82,-1019,37,0,12,534,90,862,215,346,1848,1184,1442
1698747740.698,-1,-82,-1019,35,-2,12,534,90,863,213,422,1828,1112,1465
1698747740.72,0,-81,-1019,34,0,13,535,90,862,185,398,1837,1082,1449
1698747740.742,0,-81,-1019,35,0,14,534,89,864,270,369,1825,1087,1446
1698747740.758,0,-81,-1019,36,-2,12,534,89,863,199,709,1795,1076,1471
1698747740.781,1,-81,-1018,35,-2,11,534,88,863,187,772,1792,1096,1417
1698747740.796,1,-80,-1019,33,0,10,534,88,863,164,957,1783,1096,1411
1698747740.833,1,-81,-1019,33,-1,10,535,88,863,194,601,1793,1114,1416
1698747740.834,1,-81,-1020,34,-3,9,536,88,862,158,646,1777,1124,1401
1698747740.871,3,-81,-1019,35,-2,10,536,88,860,159,604,1812,1088,1427
1698747740.901,3,-81,-1019,37,-2,12,536,87,859,250,562,1795,1072,1416
1698747740.908,3,-80,-1019,35,-1,14,536,87,859,271,365,1785,1048,1424
1698747740.916,4,-80,-1019,34,0,13,536,87,861,293,309,1800,1034,1434
1698747740.938,4,-80,-1019,34,0,11,536,87,863,289,260,1803,1095,1482
1698747740.96,3,-79,-1020,33,2,11,537,88,862,243,338,1786,1044,1453
1698747740.983,4,-79,-1020,33,3,10,537,89,861,442,310,1782,1015,1556
1698747740.998,4,-79,-1020,33,6,9,537,89,862,565,299,1787,1001,1555
1698747741.02,4,-78,-1020,31,8,9,537,89,861,547,325,1793,976,1430
1698747741.036,4,-78,-1020,29,10,9,537,88,862,518,486,1768,968,1397
1698747741.058,5,-78,-1020,30,10,9,536,87,862,614,460,1778,986,1465
1698747741.081,5,-78,-1020,29,12,10,537,86,862,634,492,1789,1001,1577
1698747741.096,5,-77,-1019,30,10,9,536,86,863,607,457,1786,984,1510
1698747741.118,5,-77,-1019,31,13,11,536,86,862,507,560,1785,995,1499
1698747741.148,5,-77,-1019,30,11,12,537,87,861,479,591,1793,1000,1483
1698747741.156,5,-78,-1020,30,13,11,538,86,861,426,621,1802,994,1437
1698747741.178,6,-78,-1019,29,12,10,537,86,861,413,660,1822,1003,1477
1698747741.2,7,-78,-1020,29,16,11,537,85,860,455,671,1828,998,1465
1698747741.23,7,-78,-1020,30,14,9,537,84,859,474,639,1824,1015,1481
1698747741.238,7,-78,-1020,32,14,10,537,85,859,541,644,1830,1050,1481
1698747741.261,7,-77,-1021,33,12,9,537,85,858,565,676,1846,1058,1489
1698747741.275,7,-78,-1021,30,10,9,536,85,859,681,724,1839,1018,1451
1698747741.305,6,-77,-1021,28,8,8,536,85,860,678,733,1834,1016,1446
1698747741.335,7,-78,-1020,29,9,9,536,85,860,702,695,1831,1034,1425
1698747741.337,6,-77,-1020,29,9,9,537,85,861,727,683,1825,1026,1452
1698747741.358,6,-77,-1020,28,10,7,537,86,862,740,696,1835,1034,1485
1698747741.388,5,-78,-1019,29,13,7,538,86,862,831,726,1830,1034,1497
1698747741.417,6,-77,-1020,30,14,9,538,86,861,824,662,1837,1043,1559
1698747741.419,5,-77,-1019,31,13,6,538,86,861,841,652,1829,1033,1556
1698747741.455,6,-77,-1020,29,13,7,540,86,861,911,625,1831,1038,1481
1698747741.456,5,-77,-1019,29,10,11,539,86,860,875,675,1814,1019,1508
1698747741.478,5,-77,-1019,30,9,10,539,87,860,844,750,1814,1029,1525
1698747741.502,5,-77,-1019,28,7,11,540,86,858,797,744,1816,1037,1464
1698747741.515,6,-77,-1019,27,12,11,539,87,858,807,726,1824,1038,1491
1698747741.538,7,-78,-1018,27,12,12,540,87,858,783,689,1821,1091,1526
1698747741.576,7,-78,-1018,29,12,13,539,87,859,846,721,1821,1071,1540
1698747741.577,7,-78,-1018,27,12,13,540,86,860,857,742,1826,1063,1522
1698747741.598,7,-78,-1019,27,11,10,540,87,860,790,756,1839,1066,1529
1698747741.621,7,-79,-1018,27,14,10,540,86,858,773,779,1842,1059,1513
1698747741.636,7,-79,-1017,29,13,10,541,86,859,780,749,1844,1073,1513
1698747741.666,7,-78,-1019,31,13,11,540,86,859,762,745,1855,1096,1520
1698747741.696,7,-78,-1018,30,16,11,540,86,859,754,753,1843,1124,1506
1698747741.697,7,-79,-1018,29,18,12,539,87,859,823,750,1843,1129,1505
1698747741.733,7,-79,-1019,31,14,11,539,87,858,864,755,1849,1059,1503
1698747741.74,7,-79,-1019,29,15,8,539,87,858,858,757,1852,1057,1502
1698747741.755,7,-78,-1019,27,13,8,538,88,858,878,773,1868,1072,1511
1698747741.778,7,-78,-1019,26,12,9,538,88,859,858,777,1858,1071,1523
1698747741.815,6,-78,-1020,29,16,8,538,88,859,835,769,1854,1100,1532
1698747741.816,6,-78,-1020,27,13,8,540,87,858,857,770,1847,1083,1522
1698747741.846,6,-78,-1020,29,11,9,541,87,858,899,773,1853,1098,1508
1698747741.868,6,-78,-1021,28,9,7,541,86,857,879,786,1857,1092,1508
1698747741.883,6,-77,-1020,25,12,10,540,86,858,933,791,1856,1091,1490
1698747741.935,5,-78,-1020,25,11,9,539,86,859,934,774,1850,1078,1474
1698747741.937,5,-79,-1020,27,11,10,539,86,859,929,778,1855,1071,1471
1698747741.943,5,-79,-1019,31,13,11,538,85,859,912,775,1855,1080,1463
1698747741.98,5,-79,-1018,33,12,13,538,85,859,930,780,1856,1081,1465
1698747741.982,5,-79,-1018,30,14,9,537,85,860,941,778,1864,1085,1470
1698747742.01,5,-79,-1018,29,15,10,538,86,859,992,764,1860,1080,1473
1698747742.018,6,-79,-1018,30,13,10,537,86,859,1047,764,1866,1092,1486
1698747742.063,6,-79,-1018,32,13,10,537,86,859,943,791,1870,1108,1491
1698747742.063,6,-79,-1018,32,14,8,537,87,859,995,832,1892,1124,1508
1698747742.085,6,-78,-1019,31,14,10,535,87,859,902,795,1880,1123,1511
1698747742.1,6,-79,-1019,30,15,11,536,87,859,969,828,1902,1132,1554
1698747742.13,5,-78,-1018,30,11,10,536,87,859,917,824,1899,1136,1560
1698747742.138,5,-78,-1019,30,12,10,538,86,860,880,756,1901,1153,1573
1698747742.168,6,-78,-1019,31,15,12,538,86,861,874,758,1897,1187,1582
1698747742.183,6,-78,-1019,33,13,13,539,87,860,857,730,1897,1208,1582
1698747742.199,5,-78,-1019,29,13,11,539,86,860,887,719,1901,1219,1564
1698747742.221,5,-78,-1019,28,17,11,539,86,860,935,760,1894,1200,1534
1698747742.251,5,-78,-1019,29,29,9,539,85,860,875,756,1892,1161,1554
1698747742.258,7,-78,-1020,26,45,5,540,84,860,718,730,1883,1152,1562
1698747742.289,8,-77,-1023,19,83,0,539,86,860,658,806,1857,1099,1560
1698747742.303,4,-75,-1037,-15,171,-5,538,85,860,410,766,1843,1118,1520
1698747742.318,7,-74,-1059,-106,314,13,540,84,859,68,589,1780,978,1351
1698747742.341,26,-74,-1085,-293,316,-95,539,84,860,0,327,1658,1001,1278
1698747742.37,59,-78,-1109,-504,386,-274,539,85,861,0,347,1584,796,1167
1698747742.378,78,-93,-1108,-669,622,-494,537,87,864,0,475,1532,129,1080
1698747742.409,66,-101,-1076,-603,1133,-649,533,93,869,10,311,1494,0,1029
1698747742.416,69,-94,-1041,-325,1746,-681,528,98,875,0,288,1440,54,1078
1698747742.438,174,-24,-994,-79,1369,-783,520,104,882,0,295,1279,0,1004
1698747742.461,227,43,-968,266,8,-349,511,111,888,17,393,1280,65,1017
1698747742.491,228,109,-944,511,-627,668,504,116,891,0,377,1346,0,1018
1698747742.498,262,141,-931,728,-1259,1397,498,115,888,6,397,1338,0,1050
1698747742.528,240,129,-931,874,-1745,1656,495,113,885,18,413,1336,0,1030
1698747742.535,189,105,-940,953,-1848,1639,494,106,878,0,526,1296,0,1004
1698747742.565,96,42,-1033,1044,-1760,1434,493,99,869,27,417,1257,0,837
1698747742.581,-7,-249,-1197,94,186,1679,492,92,860,60,361,1236,0,1040
1698747742.618,-247,-290,-1225,-100,301,1725,488,86,854,179,799,1275,63,1040
1698747742.619,-274,-252,-1178,42,-25,897,484,80,850,154,778,1283,0,951
1698747742.648,-224,-187,-1129,53,-119,108,482,75,845,159,771,1337,0,1032
1698747742.656,-145,-193,-1120,4,-248,54,482,71,842,170,799,1275,0,1178
1698747742.686,-110,-167,-1105,-57,107,20,481,68,840,337,897,1354,0,1346
1698747742.7,-88,-146,-1093,-66,155,18,480,67,838,220,936,1362,609,1349
1698747742.723,-65,-129,-1079,-44,118,19,479,66,837,240,892,1397,636,1411
1698747742.738,-49,-117,-1067,-33,94,18,478,65,836,229,977,1410,684,1412
1698747742.776,-35,-107,-1057,-17,66,17,476,65,836,242,785,1413,760,1454
1698747742.777,-23,-99,-1048,-13,55,14,474,65,835,258,886,1427,867,1446
1698747742.798,-14,-93,-1043,-10,46,14,473,66,836,280,784,1451,1041,1446
1698747742.82,-8,-89,-1038,-5,39,11,472,66,836,283,895,1487,875,1484
1698747742.843,-2,-86,-1034,0,34,13,471,68,836,283,915,1487,1025,1471
1698747742.858,1,-82,-1031,1,33,12,470,68,836,373,939,1493,1082,1534
1698747742.888,4,-80,-1028,5,29,11,469,69,836,355,955,1508,1185,1561
1698747742.895,5,-78,-1027,13,20,9,469,69,836,258,955,1533,1208,1622
1698747742.926,7,-77,-1025,20,11,12,469,68,836,246,952,1570,1093,1664
1698747742.94,8,-77,-1025,29,6,14,470,70,835,252,923,1580,1111,1677
1698747742.963,10,-76,-1023,32,0,15,470,72,834,279,905,1631,1077,1715
1698747742.978,11,-75,-1022,38,-2,15,469,72,833,263,827,1626,1200,1705
1698747743.001,12,-74,-1021,35,-3,12,469,73,833,252,747,1623,1175,1693
1698747743.015,13,-72,-1020,35,0,13,470,73,834,245,565,1635,1199,1690
1698747743.039,14,-72,-1020,36,3,12,469,74,834,237,756,1622,1108,1684
1698747743.061,17,-71,-1019,36,5,11,470,75,835,228,511,1656,1119,1722
1698747743.083,19,-68,-1019,31,22,4,470,75,834,191,683,1633,1153,1729
1698747743.098,40,-62,-1024,32,46,-26,469,76,833,236,262,1674,1110,1723
1698747743.12,66,-59,-1048,-30,8,-262,469,77,833,213,233,1640,1153,1712
1698747743.142,86,-56,-1058,-145,61,-454,469,78,832,185,624,1564,1105,1642
1698747743.165,96,-56,-1051,-239,51,-683,469,79,832,174,506,1526,978,1625
1698747743.181,91,-60,-1035,-267,30,-868,469,80,831,130,363,1558,1053,1653
1698747743.204,77,-68,-1013,-224,0,-989,470,84,831,46,326,1581,1022,1643
1698747743.241,43,-77,-993,-128,-28,-1007,471,87,831,0,325,1628,1096,1670
1698747743.242,-9,-91,-977,10,-38,-866,472,90,831,44,416,1637,1121,1684
1698747743.256,-69,-102,-961,194,-37,-553,472,94,829,47,394,1680,1114,1686
1698747743.278,-73,-102,-945,413,-81,-194,473,95,829,78,408,1694,1105,1704
1698747743.323,-47,-99,-1010,677,-184,16,473,96,828,191,396,1580,1025,1698
1698747743.324,-29,-89,-1026,337,-106,29,474,96,827,178,493,1573,952,1657
1698747743.338,-19,-85,-1022,201,-52,24,474,97,829,246,595,1564,940,1656
1698747743.361,-12,-84,-1025,125,-22,18,475,96,828,246,595,1566,927,1645
1698747743.39,-6,-81,-1024,81,-7,16,475,97,828,246,587,1581,903,1648
1698747743.398,0,-80,-1022,55,2,16,475,98,828,226,574,1607,873,1663
1698747743.435,4,-77,-1021,44,6,15,476,98,829,235,568,1579,855,1661
1698747743.457,8,-76,-1020,39,6,15,476,99,830,237,584,1575,920,1681
1698747743.459,10,-75,-1020,35,8,15,476,100,831,220,578,1559,940,1700
1698747743.48,13,-75,-1020,32,9,15,476,100,832,209,590,1587,891,1714
1698747743.517,14,-73,-1019,32,12,14,476,101,832,218,596,1580,893,1718
1698747743.519,15,-72,-1019,30,10,14,476,102,832,305,611,1585,844,1740
1698747743.556,17,-71,-1019,31,11,14,476,102,832,270,616,1602,875,1764
1698747743.557,17,-71,-1018,32,10,15,475,101,831,257,618,1606,875,1765
1698747743.607,18,-71,-1018,29,13,14,474,100,829,248,627,1612,880,1758
1698747743.608,18,-71,-1018,32,14,15,474,100,829,214,648,1607,979,1754
1698747743.645,18,-71,-1018,30,16,16,474,100,829,207,646,1614,1035,1751
1698747743.647,19,-70,-1018,29,14,15,474,100,830,225,661,1644,1036,1746
1698747743.675,19,-70,-1019,28,16,16,472,100,829,235,664,1620,1008,1745
1698747743.676,18,-70,-1018,30,13,14,472,102,829,277,673,1636,999,1757
1698747743.699,17,-69,-1013,29,13,14,473,102,829,339,679,1628,1033,1754
1698747743.721,17,-68,-1018,29,17,12,472,102,829,297,670,1632,1010,1767
1698747743.736,17,-69,-1017,29,19,12,473,101,830,288,668,1639,1000,1766
1698747743.758,17,-69,-1016,29,17,14,473,100,831,303,685,1638,973,1762
1698747743.795,17,-68,-1015,28,17,14,473,101,831,318,687,1640,983,1762
1698747743.797,17,-68,-1016,27,19,13,472,100,832,343,695,1638,973,1769
1698747743.833,18,-67,-1017,28,20,14,472,99,832,339,696,1636,978,1775
1698747743.848,18,-68,-1017,28,19,13,472,99,831,363,690,1641,982,1780
1698747743.871,18,-68,-1018,27,17,13,472,99,832,328,710,1644,988,1774
1698747743.878,18,-68,-1018,27,14,11,472,99,831,314,718,1652,1015,1800
1698747743.923,19,-68,-1018,26,14,8,472,100,831,300,739,1656,1022,1782
1698747743.924,19,-67,-1018,27,14,12,472,100,831,294,818,1658,1012,1780
1698747743.953,19,-68,-1018,27,13,12,472,100,830,287,829,1669,1036,1794
1698747743.968,19,-67,-1017,28,14,16,472,99,829,304,828,1671,1062,1796
1698747743.99,19,-67,-1019,28,14,16,473,98,828,309,831,1671,1080,1796
1698747743.998,19,-68,-1019,28,12,18,474,98,829,330,823,1667,1080,1798
