timestamp,alpha,beta,gamma,heading,acc
1698744203.177,350.76357064705564,45.68876180999392,21.32750255682952,97.20286560058594,46.61532211303711
1698744203.194,350.59263786962566,45.49276196635657,21.215230334370933,97.20286560058594,46.61532211303711
1698744203.21,350.38048348941044,45.30452167067616,21.188407420070902,97.20286560058594,46.61532211303711
1698744203.227,350.0575730676667,44.941845288136854,21.130631622375084,97.20286560058594,46.61532211303711
1698744203.244,349.9164721615554,44.49034664323931,20.792838298909363,98.37799072265625,46.61532974243164
1698744203.26,349.8893611778042,43.94480994064653,20.422219640446844,98.37799072265625,46.61532974243164
1698744203.276,349.919900236981,43.144144310096706,19.410061274347196,99.46612548828125,46.61532974243164
1698744203.293,350.0761973232664,42.0022087863663,17.53819656188792,99.46612548828125,46.61532974243164
1698744203.31,350.10823946596497,40.99030752111279,16.0604525469783,99.46612548828125,46.61532974243164
1698744203.326,349.96443400061855,39.597593220470486,14.10494360581325,101.24925231933594,46.61532974243164
1698744203.342,349.7735539566592,38.64918915278259,12.829606359022568,102.31607055664062,46.61532974243164
1698744203.36,349.5241063214909,37.743120506095934,11.41090691456344,103.3838119506836,46.61532974243164
1698744203.376,349.07604345176145,36.612042774087136,8.981195930189166,104.7101821899414,46.61532974243164
1698744203.393,348.75587912729196,35.87730550355639,6.907708580359469,104.7101821899414,46.61532974243164
1698744203.41,348.5307789426554,35.163210101709616,4.878836401030219,106.12796020507812,46.61532974243164
1698744203.427,348.4447420546532,33.99182781031097,2.265932061091575,106.12796020507812,46.61532974243164
1698744203.443,348.61722755988376,32.803065941935685,0.12428499805554254,106.12796020507812,46.61532974243164
1698744203.46,348.94936664524164,31.24366010606834,-2.441358027776968,106.12796020507812,46.61532974243164
1698744203.477,349.5431775060786,28.768299691777514,-5.872823722690238,106.12796020507812,46.61532974243164
1698744203.492,350.346745889809,27.303603946775628,-7.3479552257857765,106.12796020507812,46.61532974243164
1698744203.51,351.1501652113728,26.774004682518672,-8.388465821055346,106.12796020507812,46.61532974243164
1698744203.527,351.3985329526848,26.695122351561675,-10.138877708285552,106.12796020507812,46.61532974243164
1698744203.544,350.832552866306,26.53080162375039,-11.620703852764457,106.12796020507812,46.61532974243164
1698744203.56,349.8893841706904,26.133188659667507,-12.5211072259744,107.3141098022461,30.633996963500977
1698744203.577,348.0566626858931,25.26833100861152,-12.620650813890451,109.03196716308594,30.399385452270508
1698744203.594,346.48480839158555,24.79153353607845,-12.061267243439913,110.92681884765625,30.203407287597656
1698744203.61,345.17417457985056,24.783591895934627,-11.468076011224523,110.92681884765625,30.203407287597656
1698744203.627,343.6680274115979,25.09968848272019,-10.929576113335013,112.470947265625,30.03711700439453
1698744203.644,342.68607401243764,25.209080437320324,-10.756767305580283,113.89863586425781,29.894161224365234
1698744203.66,341.9753985712879,25.20987021785252,-10.69976833278361,113.89863586425781,29.894161224365234
1698744203.677,341.0105563707232,25.118733305058278,-10.535496951626426,115.80618286132812,29.56435775756836
1698744203.694,340.20475963112057,25.335849682063067,-9.981921021010674,115.80618286132812,29.56435775756836
1698744203.71,340.1133335729684,25.685488055194273,-9.385141366203676,115.80618286132812,29.56435775756836
1698744203.727,341.1175739052207,26.188038053232187,-8.312422268606339,115.80618286132812,29.56435775756836
1698744203.744,341.6781887496585,26.06265729022859,-7.931595581872539,115.80618286132812,29.56435775756836
1698744203.76,342.22886258960244,25.8550074340621,-7.3719620240709105,114.46890258789062,29.268539428710938
1698744203.777,343.6159059727535,25.724463846504186,-6.160835144552214,112.94352722167969,29.211055755615234
1698744203.794,344.2226193562487,25.294876161493985,-5.3694080146235015,111.71063995361328,29.158470153808594
1698744203.81,343.82453088998443,24.827154475722484,-4.645919356480786,111.71063995361328,29.158470153808594
1698744203.827,342.97199009530544,24.36069055916507,-3.64639818358655,111.71063995361328,29.158470153808594
1698744203.842,342.5948425627255,23.772520128075037,-2.964565361242349,111.71063995361328,29.158470153808594
1698744203.86,342.49875249836873,23.047699677981953,-2.3391695779934727,112.76876068115234,29.024507522583008
1698744203.877,342.7558334782783,21.728761615181398,-1.5645752611435955,112.76876068115234,29.024507522583008
1698744203.894,342.77352035143315,20.67396629139392,-0.8433326080529583,112.76876068115234,29.024507522583008
1698744203.91,342.4705714364513,20.003305601648467,-0.4933933864579993,112.76876068115234,29.024507522583008
1698744203.927,342.0609422192146,19.850650051752034,-0.7041667121042772,112.76876068115234,29.024507522583008
1698744203.944,342.07099176454244,20.129350422439657,-0.9094527567625532,112.76876068115234,29.024507522583008
1698744203.961,342.36516593573253,20.407579248694578,-0.9017690490133077,112.76876068115234,29.024507522583008
1698744203.977,342.99512084191156,20.32872529510622,-0.4199433722184477,112.76876068115234,29.024507522583008
1698744203.993,343.3422728011912,19.789506432968935,0.049052449488237074,112.76876068115234,29.024507522583008
1698744204.011,343.14735713253896,18.993837930328308,0.543171613269834,111.60362243652344,28.805072784423828
1698744204.028,342.34406016695,18.632573343882154,0.9850334601933679,111.60362243652344,28.805072784423828
1698744204.043,341.8997332231536,19.3683624827142,1.05791638414237,112.68268585205078,28.758201599121094
1698744204.06,341.76756574121,20.60908770390736,1.000757732547972,112.68268585205078,28.758201599121094
1698744204.077,341.7902502304779,22.313164463436298,0.7885359630097197,112.68268585205078,28.758201599121094
1698744204.094,341.76500043118546,23.467553937409512,0.6455229021993482,112.68268585205078,28.758201599121094
1698744204.111,341.6695635332725,24.45123163857433,0.5881910403209132,112.68268585205078,28.758201599121094
1698744204.127,341.4258231732268,25.25736596187325,0.7293015450597002,112.68268585205078,28.758201599121094
1698744204.143,341.0562621688246,25.458031537768242,1.1515254815192786,112.68268585205078,28.758201599121094
1698744204.16,340.8571402061239,25.4352641317565,1.852982266713904,113.8172607421875,28.644542694091797
1698744204.178,340.84765345299286,25.728542700224946,2.388030414411263,113.8172607421875,28.644542694091797
1698744204.193,340.934353765746,25.936524357426006,2.6195180476099305,113.8172607421875,28.644542694091797
1698744204.21,341.02762607244006,26.56315503723128,2.750411928012752,113.8172607421875,28.644542694091797
1698744204.227,341.0453067184171,27.140497231927668,2.8180237037509595,113.8172607421875,28.644542694091797
1698744204.244,341.0976806823252,27.43532893491165,2.806231207937365,113.8172607421875,28.644542694091797
1698744204.26,341.2069578502261,27.793434724909247,2.895938481056695,113.8172607421875,28.644542694091797
1698744204.277,341.3910558730411,28.006107034892057,3.0327747952088657,113.8172607421875,28.644542694091797
1698744204.293,341.62218384331214,27.99487467824028,3.1218463473718656,113.8172607421875,28.644542694091797
1698744204.31,341.88483440480144,28.03311624053125,3.2113933658081377,113.8172607421875,28.644542694091797
1698744204.327,342.1162448413295,28.262339042091075,3.2975230498480217,113.8172607421875,28.644542694091797
1698744204.344,342.35789331188334,28.47908833716016,3.3946887431591746,112.67758178710938,22.036958694458008
1698744204.36,342.56031340961533,28.838755657660663,3.7085893959105363,112.67758178710938,22.036958694458008
1698744204.377,342.56869678582746,29.019906722355447,4.056563944451152,112.67758178710938,22.036958694458008
1698744204.394,342.4384546193855,28.92896789725177,4.522697625894445,112.67758178710938,22.036958694458008
1698744204.41,342.29807148880406,28.465126014311927,5.29062751005918,112.67758178710938,22.036958694458008
1698744204.427,342.29145082202695,27.9169025731492,5.941880862736013,112.67758178710938,22.036958694458008
1698744204.444,342.3602339529469,27.08829270832976,6.8741082407369705,112.67758178710938,22.036958694458008
1698744204.46,342.43314190766614,26.396852374675756,7.5766281124803285,112.67758178710938,22.036958694458008
1698744204.477,342.486885733806,25.71202357061325,8.234489543130742,112.67758178710938,22.036958694458008
1698744204.493,342.43714995779203,25.04630726512655,9.085571300525693,112.67758178710938,22.036958694458008
1698744204.51,342.3297113463192,24.7158731259869,9.591086786272474,112.67758178710938,22.036958694458008
1698744204.527,342.24076463818346,24.3657356865386,9.92570484171447,112.67758178710938,22.036958694458008
1698744204.544,342.1993354044269,23.77745928387438,10.217117955207947,112.67758178710938,22.036958694458008
1698744204.56,342.22587001965053,23.35047882824779,10.399182549188136,112.67758178710938,22.036958694458008
1698744204.577,342.32262815269377,23.142273454863542,10.587850710360279,112.67758178710938,22.036958694458008
1698744204.593,342.5435108003198,23.297998393854275,10.824239929743616,112.67758178710938,22.036958694458008
1698744204.61,342.7619289276225,23.609709894568095,10.960149449714228,112.67758178710938,22.036958694458008
1698744204.627,342.96304816354734,23.88877461018942,11.023274361125356,112.67758178710938,22.036958694458008
1698744204.643,343.05418607833434,23.976768819684757,11.062809749507412,112.67758178710938,22.036958694458008
1698744204.66,343.02096785774836,23.889854596908428,11.085104167335032,112.67758178710938,22.036958694458008
1698744204.677,342.9989170952482,23.787603772334556,11.133464368019837,112.67758178710938,22.036958694458008
1698744204.694,343.0904057549828,23.72861622475963,11.276975572628416,112.67758178710938,22.036958694458008
1698744204.71,343.2873698314991,23.74594949997115,11.36435601331556,112.67758178710938,22.036958694458008
1698744204.726,343.54607912844756,23.790561045421615,11.384754895754861,112.67758178710938,22.036958694458008
1698744204.744,343.8772780449908,23.852107028240162,11.28925717470196,111.4989242553711,18.797924041748047
1698744204.76,344.08547975307664,23.776588066869536,11.097401150653992,111.4989242553711,18.797924041748047
1698744204.777,344.24541330150294,23.658435341806577,10.91915322904896,111.4989242553711,18.797924041748047
1698744204.793,344.4118492388324,23.49359544529664,10.83940202136668,111.4989242553711,18.797924041748047
1698744204.81,344.5156400257112,23.56227315721898,10.936367007451427,111.4989242553711,18.797924041748047
1698744204.826,344.6190234815612,23.738789225445704,11.04321732353688,111.4989242553711,18.797924041748047
1698744204.844,344.71580178677647,24.011084398056234,11.070563094416364,111.4989242553711,18.797924041748047
1698744204.86,344.7476269188854,24.121390833035278,10.909318393482446,111.4989242553711,18.797924041748047
1698744204.877,344.7188793413432,24.113372231459334,10.700795842586054,111.4989242553711,18.797924041748047
1698744204.894,344.6721673110773,23.96764438449413,10.363078261005601,111.4989242553711,18.797924041748047
1698744204.911,344.63591722387844,23.905292614569614,10.220078605144314,111.4989242553711,18.797924041748047
1698744204.926,344.60413145823816,23.99288496006693,10.25216298251777,111.4989242553711,18.797924041748047
1698744204.943,344.5677862256545,24.3240675833553,10.49757907832388,111.4989242553711,18.797924041748047
1698744204.961,344.5248789146585,24.665916726861607,10.742458183120258,111.4989242553711,18.797924041748047
1698744204.977,344.5287511590555,24.82475404852349,10.813263263093544,111.4989242553711,18.797924041748047
1698744204.993,344.5727913679022,25.00860691288018,10.813250488561502,111.4989242553711,18.797924041748047
1698744205.01,344.64153895454086,25.148651031624198,10.722017172687304,111.4989242553711,18.797924041748047
1698744205.029,344.6656905390025,25.378032700158457,10.7338979845871,111.4989242553711,18.797924041748047
1698744205.043,344.6505547662564,25.851865829363497,10.852785471980471,111.4989242553711,18.797924041748047
1698744205.06,344.60483223242437,26.146124110330298,10.936338225046288,111.4989242553711,18.797924041748047
1698744205.077,344.5474231705207,26.4087316944339,10.88254018359679,111.4989242553711,18.797924041748047
1698744205.093,344.32736378165936,26.70096010534788,10.884029822172465,111.4989242553711,18.797924041748047
1698744205.11,344.1088718473566,26.95219282970788,10.9066297404886,111.4989242553711,18.797924041748047
1698744205.127,343.89372653302786,27.23057774680943,10.91737228653053,111.4989242553711,18.797924041748047
1698744205.144,343.5906850436436,27.544071777417553,10.951296451585291,111.4989242553711,18.797924041748047
1698744205.16,343.3404368600082,27.73021125524062,10.984563743392624,111.4989242553711,18.797924041748047
1698744205.177,343.10157959202274,27.89164269467819,11.019165916302704,112.70207977294922,18.067472457885742
1698744205.194,342.81579752178897,28.057894944267968,11.053718873317603,112.70207977294922,18.067472457885742
1698744205.21,342.5997337287352,28.170921471823426,11.075883302385444,112.70207977294922,18.067472457885742
1698744205.227,342.39621412592726,28.306820637161074,11.075922889741381,112.70207977294922,18.067472457885742
1698744205.243,342.2305253496793,28.515463737227567,10.973881443595314,112.70207977294922,18.067472457885742
1698744205.26,342.1786287788733,28.655550493429764,10.833824329047491,112.70207977294922,18.067472457885742
1698744205.278,342.1392480307019,28.763915922335283,10.66608032424518,113.80286407470703,18.01776695251465
1698744205.293,342.0204447771493,28.799705092355463,10.299758764816271,113.80286407470703,18.01776695251465
1698744205.31,341.8553601735619,28.731562957660383,9.942049263327402,113.80286407470703,18.01776695251465
1698744205.327,341.7202605277704,28.64377818581721,9.486134321709589,113.80286407470703,18.01776695251465
1698744205.343,341.6254900085929,28.502202022656437,8.64606017048977,113.80286407470703,18.01776695251465
1698744205.36,341.4821860358131,28.356188100526897,7.856441087305214,115.0501937866211,17.98114013671875
1698744205.377,341.12123341536903,28.151612369008166,6.934101455055035,115.0501937866211,17.98114013671875
1698744205.394,340.2249891844716,27.709291628661408,5.348023111174549,116.9004898071289,17.96384048461914
1698744205.41,339.34341697614985,27.156417658500978,3.7036978392182225,118.61457061767578,17.955421447753906
1698744205.427,338.4502259996665,26.354039199898907,1.5473010164884806,118.61457061767578,17.955421447753906
1698744205.444,337.38849315203066,24.902616686364183,-2.085506156166179,120.55770111083984,17.947153091430664
1698744205.46,336.6650858520721,23.530140039667128,-5.216168512861044,122.46792602539062,17.939027786254883
1698744205.477,335.7704334642955,21.442583546037135,-9.714216062980247,124.28253173828125,17.93103790283203
1698744205.493,335.13161138978285,19.772051617724905,-13.157118396909025,125.92242431640625,17.923171997070312
1698744205.51,334.5097081596245,18.1226574231988,-16.567605712992563,127.37154388427734,17.915424346923828
1698744205.529,333.71153689634303,16.100698633164033,-21.30112756089096,127.37154388427734,17.915424346923828
1698744205.544,333.16106240322586,14.7295303368562,-25.203582317613236,128.6998291015625,17.90778923034668
1698744205.561,332.55693999627204,13.378565694837212,-29.545502980520787,129.95608520507812,17.9002742767334
1698744205.577,331.6160834731025,11.55787405211064,-35.83555345771963,131.31143188476562,17.89288330078125
1698744205.593,331.00855221690097,10.128478816303303,-40.580665088431296,132.55918884277344,17.88559913635254
1698744205.61,330.48398583629745,8.355583002778415,-44.93553980179732,132.55918884277344,17.88559913635254
1698744205.627,329.5347820620662,5.116084872535294,-49.91948561170845,132.55918884277344,17.88559913635254
1698744205.643,328.65318396305264,2.3179067064579826,-53.18885017635788,132.55918884277344,17.88559913635254
1698744205.66,327.80378124998305,-0.2931279140748329,-56.37491409584173,132.55918884277344,17.88559913635254
1698744205.676,326.9270037718576,-3.123196140302743,-60.99419065713616,132.55918884277344,17.88559913635254
1698744205.693,326.4765310371982,-4.8970737181202,-64.83139338071142,132.55918884277344,17.88559913635254
1698744205.709,326.12464873642455,-6.646342124220118,-68.78493876665371,131.37135314941406,17.84380531311035
1698744205.726,325.61509252757446,-9.286408365505412,-73.81461638677666,131.37135314941406,17.84380531311035
1698744205.743,325.15185796255724,-11.609293702018583,-77.10447602746171,129.45870971679688,17.843814849853516
1698744205.759,324.577951016647,-14.147581077702014,-79.91616580808733,126.98653411865234,17.843814849853516
1698744205.776,323.6671014576078,-17.660152003272444,-83.03476438524152,124.18831634521484,17.843801498413086
1698744205.793,322.8400950237291,-20.29446546209116,-85.10987532031545,121.29187774658203,17.84377670288086
1698744205.809,321.61990439327946,-23.803768690889818,-87.8291758435925,118.31031036376953,17.843740463256836
1698744205.826,320.637885544908,-26.472408447492157,-89.95178368683116,114.99031829833984,17.843698501586914
1698744205.843,139.55450815239197,-150.8352162959007,87.81272280856469,114.99031829833984,17.843698501586914
1698744205.859,137.73326396751443,-147.23267318391137,84.71214221449232,111.35169219970703,17.843643188476562
1698744205.876,135.88246000984054,-144.55044287126438,82.31009808746634,107.71952056884766,17.843578338623047
1698744205.893,133.5501185167222,-141.92491013409935,79.86203200282868,104.47147369384766,17.84349250793457
1698744205.909,129.78730313987109,-138.54606684660092,76.52281326698595,101.69056701660156,17.843385696411133
1698744205.926,126.65792502094865,-136.21340915198346,73.91397370746849,99.2295913696289,17.84324836730957
1698744205.943,123.5422176261556,-134.18675955451576,71.29327799694121,99.2295913696289,17.84324836730957
1698744205.959,119.97076042174392,-132.00403092002358,68.05583773744223,97.00802612304688,17.84305763244629
1698744205.976,117.92999019770888,-130.71784999041205,65.95789041844199,94.77526092529297,17.84276008605957
1698744205.993,116.28800069873158,-129.7907560627018,64.20132121573002,92.70521545410156,17.842193603515625
1698744206.009,114.28333554868239,-129.1701218074317,62.41900656511578,91.65396881103516,17.840450286865234
1698744206.026,112.69495947002552,-129.07212746998033,61.476823879712825,91.65396881103516,17.840450286865234
1698744206.043,111.01228236557272,-129.09807439839986,60.792298710529366,91.65396881103516,17.840450286865234
1698744206.059,108.77658806077697,-129.14555616012265,60.16617197571365,93.37641906738281,17.835918426513672
1698744206.076,107.37106931555172,-129.162630643138,60.006402162747996,94.98857879638672,17.83527183532715
1698744206.093,106.4303652964239,-129.21536464163043,60.267408434930694,96.68671417236328,17.834613800048828
1698744206.11,106.23188578035735,-129.37352455348653,61.50158769444696,98.46410369873047,17.833450317382812
1698744206.126,106.95805118286754,-129.62797745128117,63.111546883849506,100.23822021484375,17.829774856567383
1698744206.143,108.18568862539064,-129.89337527563558,64.98013454553077,100.23822021484375,17.829774856567383
1698744206.16,110.60083275208831,-130.21997361969645,67.83807881717252,101.6318588256836,17.828821182250977
1698744206.176,112.9620327199048,-130.48092792416068,70.15861725832505,101.6318588256836,17.828821182250977
1698744206.193,115.65248789688494,-130.8649409519061,72.49623168505784,101.6318588256836,17.828821182250977
1698744206.21,119.37035476459911,-131.73474805244098,75.40385228873406,101.6318588256836,17.828821182250977
1698744206.226,121.99189318939972,-132.66681701832928,77.27470568233831,101.6318588256836,17.828821182250977
1698744206.243,124.36717938738516,-133.76840924386934,78.82180150203435,101.6318588256836,17.828821182250977
1698744206.259,127.21719337908927,-135.391491411509,80.49980326268786,102.86698913574219,17.82696533203125
1698744206.276,129.20660415808447,-136.6066160347028,81.64293657270446,102.86698913574219,17.82696533203125
1698744206.293,131.13943314243116,-137.82074039881047,82.76832847287424,102.86698913574219,17.82696533203125
1698744206.31,133.71120221976955,-139.64757569954125,84.2746063225,103.9832534790039,17.824382781982422
1698744206.326,135.6399948476486,-141.27928381543367,85.36771659927602,103.9832534790039,17.824382781982422
1698744206.343,137.53469185080368,-143.03029987810453,86.32494923818251,103.9832534790039,17.824382781982422
1698744206.36,140.09418745912856,-145.5598369318319,87.41867833734582,105.45726776123047,17.8177433013916
1698744206.376,142.04778233420637,-147.4828546269134,88.12061045878313,105.45726776123047,17.8177433013916
1698744206.393,143.95158883885122,-149.42114904400154,88.7455336097052,106.66739654541016,17.813812255859375
1698744206.41,146.17785234704962,-152.06964848549975,89.40155803620192,106.66739654541016,17.813812255859375
1698744206.427,147.5495315478494,-154.02057118863263,89.78411486126242,108.35963439941406,17.81259536743164
1698744206.444,328.65411122958153,-24.133683843472607,-89.91508501318064,108.35963439941406,17.81259536743164
1698744206.46,329.75367075074445,-21.862464899624687,-89.66388108053322,109.53997802734375,17.81205940246582
1698744206.476,330.3827225037834,-20.27744808864193,-89.61029408253034,110.81668853759766,17.81138038635254
1698744206.493,330.9200387157709,-18.828932261870587,-89.67881886755762,112.05567169189453,17.8101863861084
1698744206.51,331.48923591105245,-17.094174879807706,-89.97081349098215,113.14955139160156,17.807514190673828
1698744206.528,151.72875310441455,-164.06337975654347,89.6804492488682,114.2138900756836,17.804786682128906
1698744206.544,151.7640754395453,-165.0607611051401,89.33432771263232,114.2138900756836,17.804786682128906
1698744206.56,151.5154942960551,-166.175680040493,88.95006646470824,115.4086685180664,17.803647994995117
1698744206.577,151.14911006309123,-166.79073135326772,88.7548115472378,116.69451904296875,17.803035736083984
1698744206.594,150.6445818314793,-167.15682864395274,88.6658676756442,117.90436553955078,17.802597045898438
1698744206.61,149.7918988246892,-167.21582424016054,88.62201187720596,117.90436553955078,17.802597045898438
1698744206.627,149.05416349028047,-166.985288759436,88.62340781863566,119.57887268066406,17.801902770996094
1698744206.644,148.2662885755559,-166.5764387605744,88.64737913843736,119.57887268066406,17.801902770996094
1698744206.661,147.23369871929512,-165.7920459073132,88.72205600571685,119.57887268066406,17.801902770996094
1698744206.677,146.56269072990708,-165.04639635740733,88.77094585510025,119.57887268066406,17.801902770996094
1698744206.693,146.06949688105533,-164.19430548946895,88.77076739530963,119.57887268066406,17.801902770996094
1698744206.71,145.76577100308094,-162.90841907464025,88.61218552765611,119.57887268066406,17.801902770996094
1698744206.727,145.82578312776826,-161.83326860092328,88.32867369174399,117.43768310546875,17.800949096679688
1698744206.744,146.11540503713627,-160.6349239771876,87.91303918402522,117.43768310546875,17.800949096679688
1698744206.76,146.70645162803854,-158.81814200493548,87.15109165085491,115.13018798828125,17.80083656311035
1698744206.777,147.17449652141656,-157.34190073505172,86.49912156766052,112.26763153076172,17.800735473632812
1698744206.794,147.6650624270657,-155.27328470005963,85.65707092952087,109.20025634765625,17.800634384155273
1698744206.81,147.8627496524569,-153.68446911662446,85.09660077123993,106.22234344482422,17.80052947998047
1698744206.827,147.9248921411865,-152.09174946758233,84.61579666929669,103.49565887451172,17.80042266845703
1698744206.844,147.8983705900809,-149.9947751878127,84.14010547423135,103.49565887451172,17.80042266845703
1698744206.86,147.82180488483885,-148.45784577550612,83.88390863022362,100.98789978027344,17.800312042236328
1698744206.877,147.66661481686856,-146.97435093602388,83.6709903426478,98.69038391113281,17.80019760131836
1698744206.893,147.35729034464433,-145.5301443316214,83.43719975908398,96.68782806396484,17.800086975097656
1698744206.91,146.65296021870603,-143.5126899565831,82.97814324306859,94.87582397460938,17.799978256225586
1698744206.927,145.84796509808115,-141.90514733755032,82.41271974556639,93.07325744628906,17.799875259399414
1698744206.943,144.28083142993182,-139.6989331648567,81.35108038231444,93.07325744628906,17.799875259399414
1698744206.96,142.68468887124843,-138.04337732440257,80.35881696933994,91.43383026123047,17.799772262573242
1698744206.977,140.7558189869603,-136.40559730796434,79.20396843120143,90.13909912109375,17.79966926574707
1698744206.993,137.81167056484801,-134.2597832034875,77.43161906887434,89.11002349853516,17.7995662689209
1698744207.01,135.42081293038876,-132.70071416407635,75.9310691003906,89.11002349853516,17.7995662689209
1698744207.027,132.9714036144811,-131.21013557018048,74.33846390854254,87.20955657958984,17.79935073852539
1698744207.044,129.73838852283828,-129.36643126863183,72.14504517853575,87.20955657958984,17.79935073852539
1698744207.06,127.42690109341716,-128.11789253707278,70.53209572837294,87.20955657958984,17.79935073852539
1698744207.077,124.49711741455123,-126.61847739422876,68.4469900170452,85.22860717773438,17.799108505249023
1698744207.093,123.0766425337681,-125.92930112993537,67.41722933176369,85.22860717773438,17.799108505249023
1698744207.11,120.28955179527277,-124.67704583771938,65.31350372624605,83.34040069580078,17.798826217651367
1698744207.127,117.53289248728264,-123.57412079153337,63.0812574279379,83.34040069580078,17.798826217651367
1698744207.144,115.54192796584044,-122.83536441050364,61.33977774111603,83.34040069580078,17.798826217651367
1698744207.161,113.7363098388139,-122.17461778497962,59.67977970799082,81.25682067871094,17.798505783081055
1698744207.176,111.8694081605141,-121.44717850703486,57.95231425658778,80.10643005371094,17.79833984375
1698744207.194,111.08444584779227,-120.99320096595088,57.19544097788993,80.10643005371094,17.79833984375
1698744207.209,110.90139743979046,-120.62895600404161,57.02140051059911,78.39674377441406,17.79802894592285
1698744207.228,111.32645061711538,-120.36810393912829,57.57718153831835,78.39674377441406,17.79802894592285
1698744207.243,111.73696354745363,-120.35092021068913,58.28473093432506,78.39674377441406,17.79802894592285
1698744207.26,111.92606724448527,-120.45655672600365,58.889567620044765,78.39674377441406,17.79802894592285
1698744207.277,111.67610522714469,-120.84142099252634,59.35172244736495,79.51775360107422,17.797578811645508
1698744207.293,111.24763451506759,-121.35950640287716,59.57156901455375,80.88384246826172,17.797414779663086
1698744207.31,110.87678154131308,-122.02640408949497,59.8952375179117,82.78006744384766,17.797245025634766
1698744207.327,110.83868448389714,-123.00628288253768,60.66567806535769,84.8854751586914,17.797075271606445
1698744207.343,111.32238004072842,-123.72733852330236,61.53784842301986,84.8854751586914,17.797075271606445
1698744207.36,112.3534417379162,-124.41223010240084,62.667558757736295,86.75523376464844,17.796911239624023
1698744207.376,113.96352865570671,-125.05223589592413,64.01439844550097,88.07696533203125,17.7967529296875
1698744207.393,116.93856505443006,-125.89110442906961,66.02583957341258,88.07696533203125,17.7967529296875
1698744207.41,119.57216833437111,-126.63730689376571,67.56379943488865,88.07696533203125,17.7967529296875
1698744207.427,123.22876813035184,-127.999651780848,69.59595346011001,88.07696533203125,17.7967529296875
1698744207.444,125.8237686131485,-129.39777631210325,71.1094529816643,88.07696533203125,17.7967529296875
1698744207.46,128.16280138982964,-131.0913222090581,72.61670020163535,89.15650177001953,17.795833587646484
1698744207.476,130.93314528576926,-133.6592958190145,74.63892313504151,90.75955200195312,17.794864654541016
1698744207.493,132.88443505331463,-135.60107400364603,76.15272454230985,92.94792938232422,17.792783737182617
1698744207.51,134.78071707957275,-137.47002272018065,77.63806612711866,95.03948211669922,17.79229164123535
1698744207.527,137.11184320022477,-139.92857242457285,79.45366100341847,96.96971893310547,17.79203987121582
1698744207.544,138.6152213361585,-141.76202153531406,80.62226114806444,98.87606048583984,17.791860580444336
1698744207.567,139.8929097198158,-143.59918473880933,81.60991332041505,98.87606048583984,17.791860580444336
1698744207.576,141.3850675316918,-146.05111308581567,82.72683628013478,100.85332489013672,17.791709899902344
1698744207.593,142.51304964451276,-147.84075953485765,83.42262769843956,102.7724609375,17.791566848754883
1698744207.61,143.75335120295605,-149.53681485057803,83.98261169041012,104.25440979003906,17.791425704956055
1698744207.627,145.48911405276564,-151.66637742795865,84.52311123611697,104.25440979003906,17.791425704956055
1698744207.644,146.69931445530617,-153.1963974028023,84.83848400927971,106.0183334350586,17.7911376953125
1698744207.66,147.73109146480854,-154.69138108319473,85.12208830169864,106.0183334350586,17.7911376953125
1698744207.677,148.7685693520663,-156.66655003663192,85.53137728694894,107.02297973632812,17.790979385375977
1698744207.693,149.3624383987843,-158.13871729450446,85.9225042430096,108.38103485107422,17.790790557861328
1698744207.71,149.89613535430615,-159.58464319424388,86.37602394229887,109.94641876220703,17.79053497314453
1698744207.727,150.60059058281624,-161.39347230793007,87.02187455517529,111.4332046508789,17.79012107849121
1698744207.744,151.11216184760136,-162.60702847968525,87.49068035559229,112.68026733398438,17.78908348083496
1698744207.76,151.5452997989543,-163.66854432220725,87.92145727820757,112.68026733398438,17.78908348083496
1698744207.776,151.8360384224445,-164.85647271537326,88.45322848176869,113.74192810058594,17.787065505981445
1698744207.793,151.74841858753302,-165.58603245654834,88.87424074542885,114.86271667480469,17.786569595336914
1698744207.81,151.41074254485937,-166.18373059505097,89.36302514332777,116.20643615722656,17.786327362060547
1698744207.827,330.71304678081384,-13.254467664342371,-89.84806853664712,117.67058563232422,17.78617286682129
1698744207.844,330.11823811388115,-13.058910773570206,-89.19786878117314,118.95326232910156,17.786062240600586
1698744207.86,329.5150295579748,-13.112062146118914,-88.55946277795836,118.95326232910156,17.786062240600586
1698744207.877,328.6979808821999,-13.682215072117044,-87.8516365816093,118.95326232910156,17.786062240600586
1698744207.894,328.03259271546983,-14.5453918536053,-87.53795007316127,120.07416534423828,17.785905838012695
1698744207.911,327.2647321507485,-15.762812835706088,-87.45361115521514,120.07416534423828,17.785905838012695
1698744207.927,326.09514262934215,-17.80262336095054,-87.71988053212601,118.98296356201172,17.785804748535156
1698744207.944,325.20137877211914,-19.516393968015546,-88.13413179789829,117.84024047851562,17.7857666015625
1698744207.961,324.37248925648555,-21.327002020293307,-88.68498640890343,117.84024047851562,17.7857666015625
1698744207.976,323.4933973814848,-23.91733841413785,-89.62463689847267,116.27587127685547,17.78573226928711
1698744207.993,143.0642085382816,-153.93987323240052,89.43336695644224,114.04122161865234,17.785701751708984
1698744208.01,142.88600624928588,-151.60806655151828,88.26174564096814,110.81067657470703,17.785676956176758
1698744208.027,143.03764355378885,-148.34025358447767,86.43352641404219,106.51349639892578,17.7856502532959
1698744208.044,143.35041897376075,-145.9725136948222,84.95241131483353,101.63078308105469,17.78561782836914
1698744208.061,143.7539116515613,-143.8159800582354,83.51608657473211,101.63078308105469,17.78561782836914
1698744208.077,144.31471902125844,-141.4039183374221,81.9344106693688,96.84063720703125,17.785566329956055
1698744208.093,144.68797895152818,-139.93850561320255,81.17465623625426,92.78636932373047,17.78548812866211
1698744208.11,145.06780682224127,-138.23805210028507,80.75822139208269,89.76207733154297,17.785375595092773
1698744208.127,145.16726844619157,-136.9655011348245,80.69495664671228,87.48779296875,17.785232543945312
1698744208.143,145.00812803693884,-135.58960529595245,80.65968203675386,85.58135986328125,17.785058975219727
1698744208.16,144.2417187902589,-133.62136686930467,80.3429708626735,85.58135986328125,17.785058975219727
1698744208.177,143.26090951008504,-132.15125275573885,79.73315752330238,83.89665985107422,17.784862518310547
1698744208.194,142.0369063229248,-130.7654243997075,78.81112835106943,82.35025787353516,17.784650802612305
1698744208.21,140.2269340345963,-129.10745846852782,77.2644267932515,80.89366912841797,17.784427642822266
1698744208.227,138.84438809717264,-127.9842183141635,75.95528336265784,79.45838165283203,17.784198760986328
1698744208.243,137.52607206161298,-126.92790203746982,74.58711782335179,77.91484832763672,17.783966064453125
1698744208.26,136.01260748191933,-125.55463460398181,72.77402046913892,77.91484832763672,17.783966064453125
1698744208.277,135.16277691100814,-124.54412202682785,71.50851620548003,76.0943603515625,17.78373908996582
1698744208.293,134.59493634716387,-123.58361478766753,70.37260175460892,73.96428680419922,17.783517837524414
1698744208.31,134.25830997822936,-122.4273171413895,69.09557587150499,71.6675796508789,17.783309936523438
1698744208.327,134.31459004103434,-121.68850984107596,68.31460247955297,69.35868835449219,17.78311538696289
1698744208.344,134.68117674737417,-121.04483145814099,67.68696901060574,67.00846099853516,17.782934188842773
1698744208.36,135.70550065730382,-120.3311058280273,67.10749743599364,67.00846099853516,17.782934188842773
1698744208.377,136.83438309705707,-119.92441149792276,66.84651063602023,64.54788970947266,17.78276824951172
1698744208.393,138.74659084649142,-119.58356844785233,66.77538408458476,62.05818557739258,17.78261375427246
1698744208.41,140.35449805152732,-119.46895078503557,66.86098476355923,59.73908996582031,17.782466888427734
1698744208.427,142.0597075248571,-119.45578505143563,67.06606260493099,57.64443588256836,17.782331466674805
1698744208.443,144.33696499732588,-119.57483390736556,67.41066532138994,55.80876922607422,17.782197952270508
1698744208.46,145.9379925777512,-119.78446275128738,67.64745290119859,55.80876922607422,17.782197952270508
1698744208.477,147.4155485817314,-120.11710150978976,67.88646906014114,54.289676666259766,17.782068252563477
1698744208.493,149.1569088962451,-120.74621619795245,68.18297544748637,53.23445129394531,17.78194236755371
1698744208.51,150.35933659893576,-121.28803547982452,68.4096225549225,53.23445129394531,17.78194236755371
1698744208.527,151.54578723235363,-121.86565343549164,68.62335959955155,52.21477508544922,17.781707763671875
1698744208.544,153.28856479531942,-122.67697944357636,68.8460413823674,52.21477508544922,17.781707763671875
1698744208.56,154.83770053340908,-123.31512145821199,68.92516562447528,52.21477508544922,17.781707763671875
1698744208.577,156.65142886848727,-123.94716130547148,68.89052537364779,50.82178497314453,17.78151512145996
1698744208.593,159.24519780496604,-124.80019664352345,68.43118362827782,49.243614196777344,17.78142738342285
1698744208.61,161.13370894692417,-125.57646879765498,67.74164570565519,47.08005905151367,17.78133773803711
1698744208.627,162.87078609102232,-126.59633647507917,66.86498298094615,44.95921325683594,17.781221389770508
1698744208.644,164.82106548347414,-128.44992719808045,65.65368228745648,43.68321990966797,17.78104591369629
1698744208.66,166.13047966376777,-130.1503752094725,64.98747660650956,43.68321990966797,17.78104591369629
1698744208.677,167.42836865200263,-131.93862043428655,64.571534466243,43.68321990966797,17.78104591369629
1698744208.693,169.30407309227584,-134.16738210192256,64.29334102453102,43.68321990966797,17.78104591369629
1698744208.71,170.90663490252507,-135.6067016490197,64.17300804846076,44.95939636230469,17.77777099609375
1698744208.727,172.67847560324972,-136.85392072668608,64.01945039715531,44.95939636230469,17.77777099609375
1698744208.744,175.21463738052077,-138.35536262273536,63.56692396058984,44.95939636230469,17.77777099609375
1698744208.76,177.1539688759393,-139.4528347298262,62.95614469531546,44.95939636230469,17.77777099609375
1698744208.777,179.08756007604154,-140.54508022630145,62.11448146413213,42.68285369873047,17.776718139648438
1698744208.793,181.75410579439935,-141.9104869582639,60.75585034203268,40.94196319580078,17.7764835357666
1698744208.81,183.88442587216676,-142.8107585088507,59.60249865615111,38.69205093383789,17.7762451171875
1698744208.827,186.14288346978165,-143.57006352566708,58.364631006948635,35.757713317871094,17.775991439819336
1698744208.843,189.24705150100655,-144.39108058123472,56.56322866542786,32.14900588989258,17.775711059570312
1698744208.86,191.54153640210748,-144.90937749614397,55.046306066094004,32.14900588989258,17.775711059570312
1698744208.877,193.71756506320816,-145.3788456865696,53.36082899724879,28.0515193939209,17.775407791137695
1698744208.893,196.37383060300576,-145.9928559213515,50.91120432542387,23.64980125427246,17.775094985961914
1698744208.91,198.23557685468438,-146.51044965269753,49.01395633149289,19.20046043395996,17.77478790283203
1698744208.927,200.07869304252262,-147.08865840791492,47.17451846697181,14.9227933883667,17.774478912353516
1698744208.944,202.66620753383367,-147.8639307171304,44.970427391007256,10.824185371398926,17.77416229248047
1698744208.961,204.79989014293287,-148.3579231202397,43.57818885294108,6.681990623474121,17.77381134033203
1698744208.977,207.15649267169113,-148.73032482909136,42.403303450019656,6.681990623474121,17.77381134033203
1698744208.993,210.63441713963144,-149.09150343689896,41.11321110981508,2.236158847808838,17.77338409423828
1698744209.01,213.47551746549038,-149.33144449807983,40.271554826074,357.5331115722656,17.772762298583984
1698744209.027,216.45606552703433,-149.57029390422701,39.46076879045773,352.6217041015625,17.77128791809082
1698744209.044,220.54678745739264,-149.8346749621114,38.49291799517657,347.5625,17.769392013549805
1698744209.06,223.6500360388852,-149.955976181052,37.923020859024085,342.5257263183594,17.768712997436523
1698744209.077,226.79537032655517,-149.98493380097995,37.585556301737824,342.5257263183594,17.768712997436523
1698744209.093,231.0402092596175,-149.90682510863476,37.51995420770557,337.73919677734375,17.76837730407715
1698744209.111,234.19507104561166,-149.8034899877162,37.71211413259705,333.3505859375,17.768159866333008
1698744209.127,237.26711747205786,-149.70144481334634,38.06762895689775,329.49755859375,17.76799774169922
1698744209.144,241.18870966367746,-149.6325257787787,38.734078834619716,326.3182678222656,17.767864227294922
1698744209.16,243.9660817364136,-149.64349931897138,39.30458207798461,323.736572265625,17.76775360107422
1698744209.177,246.6147361942996,-149.6866933117608,39.9092803968776,323.736572265625,17.76775360107422
1698744209.193,249.9781040688557,-149.77767998912654,40.80053565179564,321.57330322265625,17.767656326293945
1698744209.21,252.41796738301966,-149.90668952713276,41.55071375137471,319.7928771972656,17.767568588256836
1698744209.227,254.8014888224496,-150.11108497054232,42.37288808436132,318.4857177734375,17.767484664916992
1698744209.244,257.90713799011667,-150.46194849123694,43.53878856385095,318.4857177734375,17.767484664916992
1698744209.26,260.18182210753747,-150.74264273511955,44.430897873032364,316.7775573730469,17.767335891723633
1698744209.277,262.4069301042929,-151.01668597712109,45.305728319904304,316.7775573730469,17.767335891723633
1698744209.294,265.2653123904292,-151.37714432272105,46.47028420947031,316.7775573730469,17.767335891723633
1698744209.31,267.2729249693857,-151.61735428173054,47.384248436506816,315.2433776855469,17.76720428466797
1698744209.327,269.0997552760212,-151.83093595137925,48.329575763264224,315.2433776855469,17.76720428466797
1698744209.343,271.2091677922798,-152.0422890051643,49.60853568078003,315.2433776855469,17.76720428466797
1698744209.359,272.5457098495748,-152.12748832806633,50.56865771395809,315.2433776855469,17.76720428466797
1698744209.377,273.6984437714244,-152.1357718481612,51.53420928241202,314.1296691894531,17.767030715942383
1698744209.393,274.99901739061147,-152.0289178286288,52.7726707850166,314.1296691894531,17.767030715942383
1698744209.41,275.83980520509243,-151.82727046140704,53.63041097317133,314.1296691894531,17.767030715942383
1698744209.427,276.8161541419816,-151.3164953193319,54.62616862869111,313.10174560546875,17.766876220703125
1698744209.443,277.4902240155681,-150.6879351343584,55.24282976871678,311.9095458984375,17.766828536987305
1698744209.46,278.2154916113428,-149.83554758486943,55.78137275210521,309.9044189453125,17.766786575317383
1698744209.477,279.10382034365585,-148.76037068680174,56.28900411166718,309.9044189453125,17.766786575317383
1698744209.493,280.67713905519753,-147.015821475394,56.97970052462571,306.97332763671875,17.766748428344727
1698744209.511,282.1265493269016,-145.52108153096447,57.47436839158681,303.14453125,17.76671600341797
1698744209.528,284.3517072008341,-143.34819167647714,58.040232232764154,298.5672912597656,17.766687393188477
1698744209.543,286.2007598846064,-141.592170882592,58.353107858699964,293.3598327636719,17.76665687561035
1698744209.56,288.2042081793195,-139.69914763672688,58.57781562993367,287.47186279296875,17.766626358032227
1698744209.577,291.102860329052,-136.9388178544198,58.79763150941535,287.47186279296875,17.766626358032227
1698744209.593,293.49227184661765,-134.72829800741434,59.061336080163684,280.9503173828125,17.766590118408203
1698744209.61,296.16403757758707,-132.44780443454727,59.6051327922986,274.1217956542969,17.76654052734375
1698744209.627,300.16575141263775,-129.39749859897486,60.87910660892952,267.4315185546875,17.76646614074707
1698744209.643,303.36811113416513,-127.22715668805161,62.20770275004686,261.22540283203125,17.76634979248047
1698744209.66,307.7105441382797,-124.61430784988364,64.39667225050273,255.88189697265625,17.766164779663086
1698744209.677,310.9151492172669,-122.84538926813777,66.2124618226053,255.88189697265625,17.766164779663086
1698744209.693,313.94775439672765,-121.1908511522831,68.00663219940716,251.3527069091797,17.76588249206543
1698744209.71,317.57678538046304,-119.09179452798077,70.1619095865114,247.35372924804688,17.765466690063477
1698744209.727,320.0588650978491,-117.55661752026933,71.64450156639614,243.66827392578125,17.76483726501465
1698744209.743,322.45303879429576,-116.05167494935772,73.06714806535533,240.17330932617188,17.763944625854492
1698744209.76,325.72142117677566,-114.18859627569275,75.01965367626946,236.83224487304688,17.763025283813477
1698744209.777,328.34459284047443,-112.92947740913645,76.64489193276995,236.83224487304688,17.763025283813477
1698744209.793,331.18583448392616,-111.78149842016255,78.47518263930083,233.69033813476562,17.762359619140625
1698744209.81,335.2490039749739,-110.40043838821595,81.11526724691454,230.7465362548828,17.761943817138672
1698744209.827,338.3691116690735,-109.46791665208558,83.09127341546561,227.86932373046875,17.761682510375977
1698744209.843,341.27185184454726,-108.62198329409632,84.79585691401942,225.03150939941406,17.761510848999023
1698744209.86,344.3003382744891,-107.6728654558863,86.1905048153497,222.32656860351562,17.761388778686523
1698744209.877,345.686679947237,-107.14171204634032,86.38478398254145,222.32656860351562,17.761388778686523
1698744209.893,346.29564663308133,-106.79608198209853,85.852018925916,219.95265197753906,17.76129913330078
1698744209.91,346.1329094524542,-106.62339452382409,84.32045282920117,218.0413818359375,17.761228561401367
1698744209.927,345.4366739978057,-106.69240868992213,82.74790554605478,216.6561279296875,17.761173248291016
1698744209.943,344.329553885721,-106.89046688025914,80.92721923256063,216.6561279296875,17.761173248291016
1698744209.961,342.20252008460244,-107.29319890470362,78.10720206221646,215.38369750976562,17.76108741760254
1698744209.976,340.0706377163964,-107.70246268356128,75.69122639633208,215.38369750976562,17.76108741760254
1698744209.993,337.4582823883603,-108.24815769533019,73.00553202583664,215.38369750976562,17.76108741760254
1698744210.01,333.4513853954588,-109.28282133395857,69.26040163075189,215.38369750976562,17.76108741760254
1698744210.027,330.37490112584766,-110.32331254304134,66.64124986506899,217.3757781982422,17.760995864868164
1698744210.044,327.5859896908608,-111.59922504075413,64.55987942726752,219.53048706054688,17.760971069335938
1698744210.06,324.62274501878926,-113.4635686836455,62.839584138211215,222.4641876220703,17.760950088500977
1698744210.077,323.046338338679,-114.86256537452473,62.32193104120785,222.4641876220703,17.760950088500977
1698744210.093,321.7751296575191,-116.28403621139653,62.21553884785239,225.799072265625,17.760927200317383
1698744210.11,320.2577110665331,-118.44706667835239,62.674861781212364,229.53126525878906,17.760896682739258
1698744210.126,319.12439716458687,-120.3869490527143,63.507453217965946,234.33551025390625,17.760860443115234
1698744210.143,318.03236860373505,-122.52945526088907,64.81268318876602,240.593017578125,17.760818481445312
1698744210.16,316.8290922735507,-125.44951221238718,67.16937029199686,247.726318359375,17.760753631591797
1698744210.178,316.21787175690633,-127.48674281570129,69.14818370620026,254.6007080078125,17.760644912719727
1698744210.193,315.8985218718032,-129.31090412645267,71.09839048417524,254.6007080078125,17.760644912719727
1698744210.21,315.91412865838885,-131.49020618574687,73.43376268306885,260.3502197265625,17.760459899902344
1698744210.227,316.2024692801195,-133.04032552746148,74.96027743416347,264.85540771484375,17.760147094726562
1698744210.242,316.73438820920865,-134.54772631383992,76.34150604894167,268.42572021484375,17.75938606262207
1698744210.26,317.9356561887162,-136.52442902561242,78.08870125111886,271.17181396484375,17.75811767578125
1698744210.277,319.1374281546551,-137.95947500160153,79.27656919845181,273.09539794921875,17.757793426513672
1698744210.293,320.4893344043729,-139.35356462312402,80.35007709991295,273.09539794921875,17.757793426513672
1698744210.31,322.3395444254238,-141.1293419968757,81.53500679270759,274.43511962890625,17.75763511657715
1698744210.327,323.6812955633146,-142.3608925434226,82.2044467308836,274.43511962890625,17.75763511657715
1698744210.343,324.978251164495,-143.48917886443564,82.67888439112187,275.8478698730469,17.757442474365234
1698744210.36,326.7353384643483,-144.87195233438675,83.08770569397302,275.8478698730469,17.757442474365234
1698744210.377,328.1694355400405,-145.84233014028428,83.29728594923961,275.8478698730469,17.757442474365234
1698744210.393,329.7521007668518,-146.7853654310669,83.4723545752253,275.8478698730469,17.757442474365234
1698744210.41,332.10360551606817,-148.0297154868536,83.72016726765986,275.8478698730469,17.757442474365234
1698744210.427,333.98198428466594,-148.9613945916767,83.89819468249902,274.1817321777344,17.757108688354492
1698744210.443,335.86504331666833,-149.8829091658919,84.0225441827357,273.13409423828125,17.756994247436523
1698744210.46,338.2678743789909,-151.09871984737973,84.1100282757503,272.0784912109375,17.7568416595459
1698744210.477,339.89028073526754,-152.00369522208942,84.07931511047042,272.0784912109375,17.7568416595459
1698744210.493,341.2878589976857,-152.86586166854318,83.95710077812441,272.0784912109375,17.7568416595459
1698744210.51,342.72767582670394,-153.9663668395435,83.71734985003631,270.5436096191406,17.756092071533203
1698744210.527,343.4773500795272,-154.72233914419692,83.51857616353306,270.5436096191406,17.756092071533203
1698744210.544,343.99925792263764,-155.36579335161235,83.32949419184015,270.5436096191406,17.756092071533203
1698744210.56,344.50036861355363,-156.09257917795546,83.16788942337587,270.5436096191406,17.756092071533203
1698744210.576,344.8303059847138,-156.50973464116433,83.12015271002511,270.5436096191406,17.756092071533203
1698744210.594,345.1394878718562,-156.79237644110248,83.07772314184099,270.5436096191406,17.756092071533203
1698744210.61,345.51104178571,-156.9910222604082,82.96353878402297,270.5436096191406,17.756092071533203
1698744210.627,345.7499950789074,-157.07685305938884,82.84545927829949,270.5436096191406,17.756092071533203
1698744210.643,345.93062071906564,-157.13699630378585,82.72256879184631,270.5436096191406,17.756092071533203
1698744210.66,346.01417890600186,-157.13667632245017,82.55880846878344,270.5436096191406,17.756092071533203
1698744210.677,345.91114941918215,-156.99060685673837,82.41385072756309,270.5436096191406,17.756092071533203
1698744210.694,345.65336253033036,-156.67363767974075,82.2685308067743,270.5436096191406,17.756092071533203
1698744210.71,345.05377670117485,-155.97027498966136,82.14571047516714,270.5436096191406,17.756092071533203
1698744210.727,344.42041784841626,-155.2134154478357,82.12796001923843,270.5436096191406,17.756092071533203
1698744210.743,343.3757405368487,-153.84434178344557,82.1519036799792,269.4312744140625,17.696792602539062
1698744210.76,342.5385596836985,-152.5031227726841,82.15555935715841,269.4312744140625,17.696792602539062
1698744210.777,341.76359183056957,-150.86870568827635,82.10286921244774,267.4185485839844,17.684255599975586
1698744210.794,340.96163706265185,-148.2499195046461,81.8843941184939,267.4185485839844,17.684255599975586
1698744210.81,340.62656843100336,-146.0661870711936,81.67863272144862,265.1592712402344,17.6781063079834
1698744210.827,340.52588603028937,-143.81129679079567,81.47422420183098,262.0992431640625,17.672029495239258
1698744210.844,340.67427445141425,-140.86361869734586,81.26056993170364,258.571533203125,17.666019439697266
1698744210.86,340.8564854947907,-138.7814543797397,81.12681654456813,255.02670288085938,17.660076141357422
1698744210.876,340.96239073092823,-136.80469017553523,80.9535569822657,251.74679565429688,17.654193878173828
1698744210.893,340.8935934802614,-134.21809374691605,80.55923129427104,251.74679565429688,17.654193878173828
1698744210.91,340.64432444431077,-132.21821999776867,80.10378152305326,248.63572692871094,17.64836883544922
1698744210.927,340.238622091926,-130.11689023155157,79.5389022631581,245.501220703125,17.642601013183594
1698744210.943,339.5411858786419,-127.19568815297256,78.77081530940265,242.27684020996094,17.636886596679688
1698744210.96,338.9312921976973,-124.99427816105454,78.25777416516213,239.12191772460938,17.631221771240234
1698744210.977,338.1886064035578,-122.87672291654144,77.8080502609415,236.3677520751953,17.62559700012207
1698744210.993,336.8912776514189,-120.36138853001546,77.2776784644756,236.3677520751953,17.62559700012207
1698744211.01,335.6270451764145,-118.73748044746222,76.83157846521395,234.40090942382812,17.62001609802246
1698744211.027,333.5910464111562,-116.84845352845228,76.07689494029682,233.2220001220703,17.614490509033203
1698744211.043,331.83031985841853,-115.50375703123247,75.3406548194711,233.2220001220703,17.614490509033203
1698744211.06,329.85977933810705,-114.17663139033097,74.3688238644998,231.9784698486328,17.603639602661133
1698744211.077,326.8540029356068,-112.50019859359217,72.64357146727222,231.9784698486328,17.603639602661133
1698744211.093,324.19834557978294,-111.40419426564249,70.92640752111537,231.9784698486328,17.603639602661133
1698744211.11,321.1296590101549,-110.49382603160348,68.77857758944371,230.93365478515625,17.593053817749023
1698744211.127,316.43986679729153,-109.52111849940516,65.28823965248719,230.93365478515625,17.593053817749023
1698744211.143,312.5802201215819,-108.93608638805414,62.285252227640285,230.93365478515625,17.593053817749023
1698744211.16,308.5737163484397,-108.46401285454805,59.0785526087821,230.93365478515625,17.593053817749023
1698744211.177,303.35949596282575,-107.94595174473427,54.77259117399723,230.93365478515625,17.593053817749023
1698744211.193,299.8402020086072,-107.60752770730366,51.8001790426243,230.93365478515625,17.593053817749023
1698744211.21,296.8265578166892,-107.26801219059107,49.217948803494195,229.92861938476562,17.567628860473633
1698744211.227,293.91825942681066,-106.75790936598737,46.682218763197525,229.92861938476562,17.567628860473633
1698744211.243,292.9667014050148,-106.35676612209127,45.904277485899236,228.8232421875,17.55782699584961
1698744211.26,293.37505522276604,-105.99315746452146,46.478544325615935,228.8232421875,17.55782699584961
1698744211.277,296.32892783856676,-105.67127996745894,49.696539598331235,228.8232421875,17.55782699584961
1698744211.293,300.0482674316997,-105.60110901467485,53.62274681591689,228.8232421875,17.55782699584961
1698744211.31,304.2928516936122,-105.70049406913127,58.012000031580655,229.8333740234375,17.543514251708984
1698744211.327,309.3594579953556,-106.16816243412687,63.1661800749555,230.93505859375,17.538841247558594
1698744211.344,311.8616662829399,-106.83878695481435,65.73672409994099,232.09246826171875,17.534212112426758
1698744211.36,313.22775753533944,-107.8472601326425,67.22966542497905,233.6036834716797,17.529624938964844
1698744211.377,314.25412912515253,-109.74588384935909,68.53623470833836,235.78533935546875,17.52507972717285
1698744211.393,315.01064929037335,-111.54750676586791,69.56692534458698,235.78533935546875,17.52507972717285
1698744211.41,316.0349911176611,-113.63208442606873,70.82529394336126,238.72662353515625,17.52057456970215
1698744211.427,318.0571975144336,-116.74906157472162,72.91684421172518,242.18035888671875,17.51609992980957
1698744211.443,320.1308521035841,-119.31019820654892,74.77413033499131,245.77188110351562,17.51163101196289
1698744211.459,322.54614799984483,-122.05952730163798,76.72078755121028,249.239013671875,17.507083892822266
1698744211.477,325.88382411610525,-126.06973164001903,79.08757134946627,252.60787963867188,17.50166130065918
1698744211.493,328.0777739729929,-129.2103895381585,80.41729257556973,255.89581298828125,17.497085571289062
1698744211.51,329.6989229043045,-132.4179176882273,81.28835513000223,255.89581298828125,17.497085571289062
1698744211.527,330.73128571658134,-136.72278617276876,81.91600086300849,259.55224609375,17.492753982543945
1698744211.544,330.6500979788308,-139.87780234695452,82.21226699721524,264.028076171875,17.48850440979004
1698744211.56,329.9828358666715,-142.88352201077598,82.57595867287125,269.4303894042969,17.484310150146484
1698744211.577,328.4626962513314,-146.4467015831693,83.33923046030563,275.3558044433594,17.480161666870117
1698744211.595,326.9996698891288,-148.70998401208377,84.10353992075673,275.3558044433594,17.480161666870117
1698744211.61,325.37521470153877,-150.59650609715962,84.97564142370686,281.23846435546875,17.476055145263672
1698744211.627,323.1504880161506,-152.61163004522666,86.21598726016569,286.69354248046875,17.47198486328125
1698744211.644,321.6198091864205,-153.83303409091536,87.17305282604576,291.51348876953125,17.467931747436523
1698744211.66,320.3334806661057,-154.85974471102102,88.11409003276056,295.5269775390625,17.463884353637695
1698744211.677,319.0914869268114,-155.95314721829283,89.30516801609222,298.58892822265625,17.459794998168945
1698744211.694,138.47137667729316,-23.450328288574322,-89.889281771805,300.71710205078125,17.455442428588867
1698744211.71,138.0438752198093,-23.047554622838085,-89.19140827267809,300.71710205078125,17.455442428588867
1698744211.727,137.66738330785878,-22.792018011202334,-88.42185276523271,302.0569152832031,17.450536727905273
1698744211.743,137.48152044620687,-22.80860092166583,-87.91472095350598,302.0569152832031,17.450536727905273
1698744211.76,137.31388820834079,-23.02176059882765,-87.50352613617663,303.07171630859375,17.442630767822266
1698744211.777,137.06758739625923,-23.573500715849285,-87.1060871143766,303.07171630859375,17.442630767822266
1698744211.793,136.83888467441204,-24.20184592923938,-86.88017099528602,303.07171630859375,17.442630767822266
1698744211.81,136.5299328980242,-25.07422937848456,-86.75723780517386,303.07171630859375,17.442630767822266
1698744211.827,135.91867513815612,-26.616682833169346,-86.8604185449077,301.87530517578125,17.43132972717285
1698744211.843,135.21002176089453,-28.023617345885715,-87.18414659635378,301.87530517578125,17.43132972717285
1698744211.86,134.19109988063497,-29.590545228967937,-87.79431996237288,299.78765869140625,17.42401123046875
1698744211.877,132.2542635455743,-31.763080787490964,-89.13767550343084,299.78765869140625,17.42401123046875
1698744211.893,310.4038371054556,-146.68475972159482,89.50875480014881,298.15472412109375,17.416841506958008
1698744211.911,308.29520081646706,-145.26856677415728,87.94173189937702,298.15472412109375,17.416841506958008
1698744211.927,305.29170258075516,-143.53535250898656,85.74020421421652,298.15472412109375,17.416841506958008
1698744211.943,303.04264376808766,-142.23593696501217,84.11146086236268,298.15472412109375,17.416841506958008
1698744211.96,300.8346803580984,-140.78734145959902,82.50042942263225,297.0819091796875,17.40631866455078
1698744211.976,297.6272361845395,-138.5852339669766,80.20044159542635,297.0819091796875,17.40631866455078
1698744211.993,294.5880470088589,-136.8694409499613,78.20603859909932,295.29901123046875,17.399452209472656
1698744212.01,290.81658302321046,-135.29662802074154,75.97084043321259,295.29901123046875,17.399452209472656
1698744212.026,284.88644649523843,-133.6992061754368,72.87018182658488,295.29901123046875,17.399452209472656
1698744212.043,280.2962575508047,-132.82904697570322,70.80042178610809,296.99017333984375,17.392711639404297
1698744212.06,274.61489541185983,-131.9024848665589,68.77348702207202,299.1997985839844,17.389362335205078
1698744212.077,270.794171813022,-131.4738728784555,67.99724051887358,302.03570556640625,17.386003494262695
1698744212.093,267.5008478456819,-131.37457504681757,68.18004468044171,306.1585998535156,17.3825626373291
1698744212.11,264.2733976961624,-131.69912056423405,70.35021182711061,306.1585998535156,17.3825626373291
1698744212.126,262.83068799074937,-132.03766392735216,73.32378532086673,311.7454833984375,17.378259658813477
1698744212.144,262.2580779772859,-132.3127857002612,77.14155910794977,317.7077331542969,17.374658584594727
1698744212.16,262.5878624150014,-132.64669352708174,82.80896529315855,322.87322998046875,17.371326446533203
1698744212.177,263.2786276794698,-133.03867253075794,86.98840048158739,326.9843444824219,17.368057250976562
1698744212.193,84.0320738160784,-46.33231406594442,-89.13834010408176,330.50616455078125,17.36482048034668
1698744212.21,84.7126794951681,-45.10366777152179,-84.6432128963044,330.50616455078125,17.36482048034668
1698744212.227,84.79098875900989,-43.96696595177323,-81.74650605760736,333.9494934082031,17.361600875854492
1698744212.243,84.49931368862866,-42.73535818305118,-79.16535094458449,337.61431884765625,17.3583927154541
1698744212.26,83.70251192919939,-41.08910851739471,-76.07630192904864,341.44378662109375,17.355188369750977
1698744212.277,82.93330834777933,-39.8936181065786,-73.9511505574198,345.2044372558594,17.351978302001953
1698744212.294,81.64147269872109,-38.38999578552306,-71.45246850159398,348.8309631347656,17.34874725341797
1698744212.31,80.39191071777533,-37.36207588746821,-69.80023340019311,348.8309631347656,17.34874725341797
1698744212.327,78.8811238094477,-36.491556204182814,-68.20649653355248,352.46722412109375,17.345491409301758
1698744212.343,76.49482735927619,-35.70281240440487,-65.94830743725893,356.21728515625,17.34221649169922
1698744212.36,74.52592892218479,-35.403884222984225,-64.07652833206718,0.08291511237621307,17.338886260986328
1698744212.377,72.54497008139532,-35.28877900539827,-62.135987406503716,3.9202747344970703,17.33526611328125
1698744212.393,70.7118683233345,-35.24981487565809,-60.24739587769008,7.43158483505249,17.330873489379883
1698744212.41,68.67135044742587,-35.07717130127846,-57.98301159631888,7.43158483505249,17.330873489379883
1698744212.426,67.52895226645754,-34.76010681584335,-56.5056838822778,10.450604438781738,17.327392578125
1698744212.444,66.40989654814508,-34.11967940994929,-54.75386017732298,12.89443588256836,17.324216842651367
1698744212.46,65.5446917350556,-33.55297863766031,-53.49994908599657,15.008298873901367,17.321123123168945
1698744212.477,64.43746490543738,-33.0188463516413,-52.21667247555317,17.333410263061523,17.318098068237305
1698744212.493,62.597723858399,-32.49906829612412,-50.3318555936538,20.048532485961914,17.315147399902344
1698744212.51,61.114138225305446,-32.28089982059798,-48.76872451858734,20.048532485961914,17.315147399902344
1698744212.527,59.69516397776236,-32.16528745479712,-47.21639823966816,22.919649124145508,17.31226348876953
1698744212.543,57.97748543201739,-32.09883066622696,-45.44164957941574,25.589258193969727,17.309425354003906
1698744212.56,56.76819233869206,-32.034185665745966,-44.47246615924899,27.91373062133789,17.306617736816406
1698744212.578,55.54922173638654,-31.890303391721474,-43.78609872601132,30.027748107910156,17.303836822509766
1698744212.592,53.76989176900136,-31.55246412277882,-43.15155645383461,32.19941711425781,17.30108070373535
1698744212.61,52.27439836078632,-31.22099878138419,-42.75209849729702,32.19941711425781,17.30108070373535
1698744212.627,50.691686994090475,-30.82128276202971,-42.315395269160135,34.617759704589844,17.298351287841797
1698744212.644,48.38738298791826,-30.164283299144014,-41.713653858872,37.27094650268555,17.29564666748047
1698744212.66,46.441591024797944,-29.605745110549318,-41.37597000980366,40.22355270385742,17.292966842651367
1698744212.677,44.33688398192821,-28.95750887708069,-41.23036215592249,43.469905853271484,17.290307998657227
1698744212.693,41.507027186602095,-27.68450186699176,-41.25305805414278,46.91395568847656,17.28767204284668
1698744212.71,39.53650206151524,-26.328884996199783,-41.10339084651921,46.91395568847656,17.28767204284668
1698744212.727,37.68159106668959,-24.831142308951392,-40.47792269907701,50.441646575927734,17.28505516052246
1698744212.743,35.31736567317092,-23.107002898773565,-38.72123800575419,54.04803466796875,17.28246307373047
1698744212.76,33.56379495809818,-22.20904869207638,-36.99879342292543,57.56863784790039,17.279895782470703
1698744212.777,31.806492250875866,-21.495336482032144,-35.269071105123025,60.92241287231445,17.277341842651367
1698744212.793,29.470437398805092,-20.323124939551676,-33.13727939250478,60.92241287231445,17.277341842651367
1698744212.81,27.836952780248563,-18.95283566266526,-31.516394041815524,64.21126556396484,17.274803161621094
1698744212.827,26.485730814854314,-17.139599986498496,-29.69173884597997,67.50244140625,17.272281646728516
1698744212.843,25.165480744854758,-14.370396159493925,-27.0037835208763,70.48197937011719,17.269777297973633
1698744212.86,24.301464848853108,-12.371423845079732,-25.04068854990171,72.91471099853516,17.26728057861328
1698744212.877,23.2979374817203,-10.628120832150016,-23.26854596587918,75.114990234375,17.264785766601562
1698744212.893,21.682584297014472,-8.68531490819679,-21.44227158335186,77.37187957763672,17.26229476928711
1698744212.911,20.335232894914206,-7.38547988841249,-20.483116413748593,77.37187957763672,17.26229476928711
1698744212.927,18.95880409760384,-6.187345451881741,-19.75269552163847,79.61345672607422,17.261035919189453
1698744212.943,17.230156906763387,-4.702960269500868,-19.08651844206311,81.77693176269531,17.261001586914062
1698744212.96,16.073454537329095,-3.752391075773108,-18.779586268018893,83.7242202758789,17.260957717895508
1698744212.977,15.060954694971622,-2.937947253383488,-18.619392488826044,85.37704467773438,17.260896682739258
1698744212.993,13.925346009721695,-1.930733545196466,-18.662792355020073,86.73854064941406,17.260828018188477
1698744213.01,13.20012625417348,-1.1776601832021423,-18.964748104171207,87.88786315917969,17.260746002197266
1698744213.027,12.563411887904763,-0.41854758011347654,-19.550261749988806,87.88786315917969,17.260746002197266
1698744213.043,11.846551796352742,0.6025991605638025,-20.738000850489044,87.88786315917969,17.260746002197266
1698744213.06,11.373656648043019,1.3443967292107053,-21.856393628676795,89.75885772705078,17.26056480407715
1698744213.077,10.903147507256488,1.981946714227084,-23.06802783211302,89.75885772705078,17.26056480407715
1698744213.093,10.151466478117404,2.6541064456012387,-24.628983482898683,91.46549987792969,17.2603702545166
1698744213.11,9.487553282530891,3.1196421790650954,-25.614537098806377,92.50812530517578,17.260255813598633
1698744213.128,8.758731699540126,3.5885827906630556,-26.351070006031236,92.50812530517578,17.260255813598633
1698744213.143,7.706679481002939,4.263793481867548,-26.88875470033902,93.66839599609375,17.260103225708008
1698744213.16,6.919960216328982,4.843953866444554,-26.990698050249986,94.91272735595703,17.25986099243164
1698744213.177,6.1218470538920915,5.447036018109677,-26.906454745232917,96.20690155029297,17.25806427001953
1698744213.193,4.861428545228314,6.2589693257322,-26.62019570275827,97.67613983154297,17.254213333129883
1698744213.21,3.7264506777494772,6.883109686848168,-26.275786025815822,99.52630615234375,17.248878479003906
1698744213.227,2.4683122305287206,7.481860051082994,-25.786766902751733,99.52630615234375,17.248878479003906
1698744213.243,0.7491104242909508,8.24148087244326,-24.80782825925776,101.45309448242188,17.24623680114746
1698744213.26,359.59364864679225,8.770020169666854,-23.779484984269885,103.32978820800781,17.243677139282227
1698744213.277,358.7276079682498,9.386779798292132,-22.717385336100893,104.82672882080078,17.24115753173828
1698744213.293,357.9015235706771,10.332545859419364,-21.322871306158326,105.87351989746094,17.238649368286133
1698744213.31,357.3380093517468,11.05330946689818,-20.371759465251984,105.87351989746094,17.238649368286133
1698744213.327,356.8788730355497,11.801101925749366,-19.461176290094432,105.87351989746094,17.238649368286133
1698744213.343,356.665751790683,12.924286016243583,-18.792833563947756,107.45539855957031,17.233558654785156
1698744213.36,356.7644120706292,13.92297486594139,-18.575872874074356,107.45539855957031,17.233558654785156
1698744213.377,357.0534146432473,15.467174375449884,-18.731265731488786,107.45539855957031,17.233558654785156
1698744213.394,357.1225853026896,16.848899357241425,-18.860970581561315,107.45539855957031,17.233558654785156
1698744213.41,356.98649151151034,18.41568087773619,-18.798249847695924,108.46646881103516,17.221508026123047
1698744213.427,356.64352418979354,20.528435105364746,-18.635807500597902,108.46646881103516,17.221508026123047
1698744213.443,356.30446015465714,21.86430894389912,-18.486102423835888,108.46646881103516,17.221508026123047
1698744213.46,355.9281793470131,22.690276197307014,-17.993844658937434,109.88965606689453,17.216583251953125
1698744213.477,355.56451531151487,23.090808764598275,-17.255387983914577,109.88965606689453,17.216583251953125
1698744213.493,355.3775390680917,23.09085720639727,-16.814396221207314,109.88965606689453,17.216583251953125
1698744213.51,355.17004543298765,23.06199937579638,-16.238030770186874,109.88965606689453,17.216583251953125
1698744213.527,354.96501072525535,23.37974478289968,-14.992094081260898,109.88965606689453,17.216583251953125
1698744213.544,354.99847537862655,23.948421784910384,-13.650518396317624,109.88965606689453,17.216583251953125
1698744213.561,355.25085406784854,24.516072357521985,-11.888538824903346,109.88965606689453,17.216583251953125
1698744213.577,355.8211552319661,24.682724380172058,-8.471298512608909,109.88965606689453,17.216583251953125
1698744213.593,356.5083842853174,23.965317127376,-5.5566531186656185,107.68879699707031,17.200759887695312
1698744213.61,357.6425655276766,22.48919077032854,-2.425718468359823,105.81424713134766,17.1986083984375
1698744213.627,358.385202550464,21.210519374192327,-0.627506618393314,105.81424713134766,17.1986083984375
1698744213.643,358.76071495935173,19.63544196421124,1.0096416131755441,104.28204345703125,17.19645881652832
1698744213.66,358.6352832410796,17.02028090917137,3.0889268485852894,104.28204345703125,17.19645881652832
1698744213.677,358.3761683103388,14.883334363480534,4.503402516499357,104.28204345703125,17.19645881652832
1698744213.693,358.01262452538765,12.778071309960636,5.848805941724908,104.28204345703125,17.19645881652832
1698744213.71,357.640023232755,10.890042065520754,7.06314306881786,104.28204345703125,17.19645881652832
1698744213.727,357.2434143971952,9.034665946127832,8.378201054693358,104.28204345703125,17.19645881652832
1698744213.743,357.0856353651569,8.192843469470912,9.210244898928137,104.28204345703125,17.19645881652832
1698744213.76,356.9698575273614,7.524384713352109,10.005581063831917,104.28204345703125,17.19645881652832
1698744213.777,356.90048240629744,7.444717634552509,10.03615660885676,104.28204345703125,17.19645881652832
1698744213.793,356.92271602845335,7.773192723066823,9.732256284459385,104.28204345703125,17.19645881652832
1698744213.81,357.0822784416294,8.83392262388389,9.290640427555322,104.28204345703125,17.19645881652832
1698744213.827,357.2784678970676,9.865550382936357,9.076160468064087,104.28204345703125,17.19645881652832
1698744213.843,357.6273470506852,10.90410180124574,8.819223840769556,104.28204345703125,17.19645881652832
1698744213.86,358.372918171109,12.140810692895702,8.151856296206136,104.28204345703125,17.19645881652832
1698744213.877,359.1295456770309,13.032572710768473,7.319008115397603,104.28204345703125,17.19645881652832
1698744213.893,359.98326311740186,14.006947979101259,6.39772475912732,102.4482650756836,17.169408798217773
1698744213.91,1.2060384142148086,15.603331652106435,5.203759472692379,101.33155059814453,17.167409896850586
1698744213.927,2.0432263226682066,16.966987383893006,4.428975956489563,101.33155059814453,17.167409896850586
1698744213.943,2.601069838161611,18.45226122296026,3.8844206786587856,100.25316619873047,17.16542625427246
1698744213.96,2.8776913674326408,20.64122090076073,3.2426610792527693,100.25316619873047,17.16542625427246
1698744213.977,2.847318013823231,22.271766842740227,2.721592441600565,100.25316619873047,17.16542625427246
1698744213.993,2.771908118931523,23.745673950729024,2.2136645328129827,100.25316619873047,17.16542625427246
1698744214.01,2.775521171463072,25.335413507648266,1.342136790407699,100.25316619873047,17.16542625427246
1698744214.027,2.915704336664787,26.353917813753565,0.685336835025232,100.25316619873047,17.16542625427246
1698744214.043,3.1475818414906365,27.396263695451115,0.2612438259430827,100.25316619873047,17.16542625427246
1698744214.06,3.4778621582285782,28.930224887095434,0.06289421989691146,100.25316619873047,17.16542625427246
1698744214.077,3.6786300040551727,30.092657209384022,0.08009413459756919,99.24159240722656,17.1518611907959
1698744214.094,3.7497072789046766,31.06758023897702,0.1949688408643858,99.24159240722656,17.1518611907959
1698744214.11,3.7219721343707164,32.02043638086678,0.47538809789849473,99.24159240722656,17.1518611907959
1698744214.127,3.588283137096356,32.54958619048823,0.860882445132311,99.24159240722656,17.1518611907959
1698744214.143,3.3056622528303388,32.957452148376014,1.4007733508248943,99.24159240722656,17.1518611907959
1698744214.16,2.7795022620399883,33.33725328911216,2.310059962948432,99.24159240722656,17.1518611907959
1698744214.177,2.3694629787773334,33.60151489805573,3.1504408586405814,99.24159240722656,17.1518611907959
1698744214.196,1.9929382519122885,33.87757601926169,4.031353675269412,99.24159240722656,17.1518611907959
1698744214.21,1.5612273981713163,34.26615936721725,5.2717116416117245,99.24159240722656,17.1518611907959
1698744214.227,1.3095298439319136,34.53247609502892,6.149075049465898,99.24159240722656,17.1518611907959
1698744214.243,1.1422560470088718,34.82460835017728,6.935204317618404,99.24159240722656,17.1518611907959
1698744214.26,1.0178684604647978,35.232843604753306,7.735562039134454,99.24159240722656,17.1518611907959
1698744214.277,0.9593438303617284,35.58388168737325,8.181748558212242,99.24159240722656,17.1518611907959
1698744214.293,0.9372459382545312,36.02331484971284,8.5331963337198,99.24159240722656,17.1518611907959
1698744214.31,0.9428036975321652,36.65643950257726,8.900461858000437,99.24159240722656,17.1518611907959
1698744214.327,0.9904604553117409,37.075322434126804,9.037740279224897,99.24159240722656,17.1518611907959
1698744214.343,1.0688985686025656,37.42967378429183,9.157712987147027,99.24159240722656,17.1518611907959
1698744214.36,1.172305817549929,37.859990766712315,9.325016080359505,98.11817169189453,17.12626075744629
1698744214.377,1.2477159744352748,38.13486510324032,9.309058447488168,98.11817169189453,17.12626075744629
1698744214.393,1.3102465388813387,38.40128709495884,9.264694415295535,98.11817169189453,17.12626075744629
1698744214.409,1.393663818253234,38.775535923797094,9.24038696107435,98.11817169189453,17.12626075744629
1698744214.427,1.492586956653222,39.03569434154168,9.233054025661703,98.11817169189453,17.12626075744629
1698744214.443,1.5995062017500246,39.22295577519621,9.202611686734633,98.11817169189453,17.12626075744629
1698744214.46,1.700054577915172,39.33434212483403,9.211315175717246,98.11817169189453,17.12626075744629
1698744214.478,1.7685570818962213,39.35833165258932,9.270906102078685,97.10971069335938,17.1158504486084
1698744214.493,1.8441199965525332,39.361800624022585,9.406466535676993,97.10971069335938,17.1158504486084
1698744214.51,2.013046037221094,39.33249356704026,9.659321034645384,97.10971069335938,17.1158504486084
1698744214.527,2.1466399081922845,39.31667784259838,9.907528815618509,97.10971069335938,17.1158504486084
1698744214.58,2.4646873814690435,39.04556183234109,10.023856370003486,96.00116729736328,17.1066951751709
1698744214.594,2.5475281057121224,38.94541534645341,9.918512418477238,96.00116729736328,17.1066951751709
1698744214.61,2.5811264184774614,38.89578175724994,9.843153800642934,96.00116729736328,17.1066951751709
1698744214.626,2.55966522217272,38.896012578615874,9.790478383477312,96.00116729736328,17.1066951751709
