msFromStart,abs,alpha,beta,gamma
1698924219017.0,False,87.9,77.7,2.4000000000000004
1698924219034.0,False,87.9,77.7,2.3000000000000003
1698924219067.0,False,87.9,77.7,2.2
1698924219117.0,False,88.0,77.7,2.1
1698924219135.0,False,88.10000000000001,77.7,2.1
1698924219150.0,False,88.2,77.7,2.0
1698924219166.0,False,88.30000000000001,77.7,1.9000000000000001
1698924219200.0,False,88.5,77.7,1.8
1698924219234.0,False,88.5,77.7,1.9000000000000001
1698924219266.0,False,88.30000000000001,77.7,2.2
1698924219283.0,False,88.10000000000001,77.7,2.3000000000000003
1698924219300.0,False,88.10000000000001,77.7,2.4000000000000004
1698924219317.0,False,87.9,77.7,2.6
1698924219333.0,False,87.60000000000001,77.80000000000001,2.9000000000000004
1698924219350.0,False,87.5,77.80000000000001,3.0
1698924219369.0,False,87.30000000000001,77.80000000000001,3.2
1698924219383.0,False,87.2,77.9,3.2
1698924219433.0,False,87.2,77.9,3.1
1698924219450.0,False,87.30000000000001,78.0,3.0
1698924219500.0,False,87.5,78.0,2.7
1698924219516.0,False,87.7,78.0,2.5
1698924219535.0,False,87.80000000000001,78.0,2.4000000000000004
1698924219569.0,False,87.9,78.0,2.3000000000000003
1698924219586.0,False,88.0,78.0,2.2
1698924219617.0,False,88.10000000000001,78.0,2.1
1698924219634.0,False,88.0,78.0,2.2
1698924219651.0,False,88.0,78.0,2.3000000000000003
1698924219668.0,False,87.80000000000001,78.0,2.5
1698924219683.0,False,87.7,78.0,2.6
1698924219700.0,False,87.60000000000001,78.0,2.7
1698924219750.0,False,87.5,78.0,2.8000000000000003
1698924219783.0,False,87.60000000000001,78.0,2.7
1698924219817.0,False,87.7,78.0,2.6
1698924219850.0,False,87.80000000000001,78.0,2.5
1698924219866.0,False,87.80000000000001,78.10000000000001,2.5
1698924219899.0,False,87.9,78.0,2.4000000000000004
1698924220233.0,False,87.9,78.0,2.3000000000000003
1698924220267.0,False,87.9,78.0,2.4000000000000004
1698924220334.0,False,87.9,78.0,2.3000000000000003
1698924220418.0,False,88.10000000000001,78.0,2.3000000000000003
1698924220434.0,False,88.0,78.0,2.3000000000000003
1698924220450.0,False,88.0,77.9,2.4000000000000004
1698924220500.0,False,88.0,77.9,2.3000000000000003
1698924220517.0,False,88.10000000000001,77.9,2.3000000000000003
1698924220535.0,False,88.2,77.80000000000001,2.2
1698924220551.0,False,88.2,77.80000000000001,2.1
1698924220567.0,False,88.30000000000001,77.7,2.0
1698924220616.0,False,88.4,77.60000000000001,1.8
1698924220634.0,False,88.5,77.5,1.7000000000000002
1698924220651.0,False,88.7,77.5,1.6
1698924220667.0,False,88.7,77.5,1.5
1698924220684.0,False,88.80000000000001,77.5,1.4000000000000001
1698924220717.0,False,89.0,77.60000000000001,1.3
1698924220733.0,False,89.10000000000001,77.60000000000001,1.2000000000000002
1698924220750.0,False,89.10000000000001,77.7,1.1
1698924220766.0,False,89.10000000000001,77.80000000000001,1.2000000000000002
1698924220800.0,False,89.10000000000001,78.0,1.2000000000000002
1698924220833.0,False,89.10000000000001,78.10000000000001,1.2000000000000002
1698924220850.0,False,89.10000000000001,78.2,1.1
1698924220870.0,False,89.2,78.30000000000001,1.0
1698924220900.0,False,89.4,78.5,0.8
1698924220917.0,False,89.60000000000001,78.80000000000001,0.5
1698924220951.0,False,89.80000000000001,79.10000000000001,0.30000000000000004
1698924220966.0,False,89.9,79.30000000000001,0.1
1698924221016.0,False,90.0,79.4,0.0
1698924221034.0,False,90.10000000000001,79.4,0.0
1698924221050.0,False,90.2,79.4,-0.2
1698924221083.0,False,90.4,79.5,-0.4
1698924221100.0,False,90.5,79.60000000000001,-0.5
1698924221116.0,False,90.60000000000001,79.7,-0.6000000000000001
1698924221150.0,False,90.7,79.80000000000001,-0.7000000000000001
1698924221216.0,False,90.4,79.80000000000001,-0.5
1698924221233.0,False,90.30000000000001,79.80000000000001,-0.30000000000000004
1698924221250.0,False,90.10000000000001,79.7,-0.1
1698924221267.0,False,89.9,79.60000000000001,0.1
1698924221283.0,False,89.80000000000001,79.60000000000001,0.2
1698924221301.0,False,89.7,79.60000000000001,0.30000000000000004
1698924221367.0,False,89.5,79.7,0.5
1698924221384.0,False,89.30000000000001,79.80000000000001,0.7000000000000001
1698924221416.0,False,89.2,79.80000000000001,0.8
1698924221434.0,False,89.30000000000001,79.7,0.7000000000000001
1698924221467.0,False,89.4,79.60000000000001,0.5
1698924221483.0,False,89.60000000000001,79.60000000000001,0.4
1698924221517.0,False,89.60000000000001,79.5,0.4
1698924221683.0,False,89.80000000000001,79.5,0.30000000000000004
1698924221700.0,False,89.80000000000001,79.5,0.2
1698924221783.0,False,89.9,79.5,0.1
1698924221800.0,False,90.0,79.5,0.0
1698924221816.0,False,90.10000000000001,79.5,-0.1
1698924221835.0,False,90.2,79.5,-0.2
1698924221850.0,False,90.30000000000001,79.5,-0.2
1698924221867.0,False,90.30000000000001,79.60000000000001,-0.30000000000000004
1698924221954.0,False,90.5,79.60000000000001,-0.5
1698924222033.0,False,90.30000000000001,79.7,-0.30000000000000004
1698924222134.0,False,90.2,79.7,-0.30000000000000004
1698924222151.0,False,90.30000000000001,79.7,-0.30000000000000004
1698924222185.0,False,90.2,79.7,-0.2
1698924222234.0,False,90.30000000000001,79.7,-0.30000000000000004
1698924222333.0,False,90.0,79.60000000000001,0.0
1698924222385.0,False,90.2,79.60000000000001,-0.2
1698924222400.0,False,90.30000000000001,79.60000000000001,-0.30000000000000004
1698924222434.0,False,90.5,79.60000000000001,-0.4
1698924222450.0,False,90.7,79.60000000000001,-0.6000000000000001
1698924222500.0,False,90.5,79.5,-0.5
1698924222534.0,False,90.30000000000001,79.5,-0.30000000000000004
1698924222567.0,False,90.4,79.5,-0.5
1698924222584.0,False,90.7,79.5,-0.9
1698924222600.0,False,91.0,79.5,-1.1
1698924222617.0,False,91.10000000000001,79.5,-1.2000000000000002
1698924222635.0,False,91.30000000000001,79.60000000000001,-1.3
1698924222650.0,False,91.5,79.60000000000001,-1.5
1698924222668.0,False,91.80000000000001,79.60000000000001,-1.7000000000000002
1698924222684.0,False,91.9,79.60000000000001,-1.9000000000000001
1698924222700.0,False,92.2,79.60000000000001,-2.1
1698924222718.0,False,92.30000000000001,79.60000000000001,-2.2
1698924222750.0,False,92.60000000000001,79.60000000000001,-2.4000000000000004
1698924222767.0,False,92.80000000000001,79.7,-2.6
1698924222783.0,False,92.80000000000001,79.7,-2.7
1698924222800.0,False,92.9,79.7,-2.8000000000000003
1698924222816.0,False,92.9,79.80000000000001,-2.8000000000000003
1698924222883.0,False,93.10000000000001,79.9,-2.9000000000000004
1698924222900.0,False,93.30000000000001,80.0,-3.2
1698924222916.0,False,93.60000000000001,80.10000000000001,-3.5
1698924222933.0,False,93.7,80.10000000000001,-3.6
1698924222950.0,False,94.0,80.10000000000001,-3.9000000000000004
1698924222968.0,False,94.10000000000001,80.2,-4.0
1698924222984.0,False,94.2,80.2,-4.1000000000000005
1698924223000.0,False,94.30000000000001,80.30000000000001,-4.2
1698924223067.0,False,94.5,80.5,-4.4
1698924223084.0,False,94.60000000000001,80.5,-4.5
1698924223100.0,False,94.60000000000001,80.60000000000001,-4.5
1698924223116.0,False,94.7,80.7,-4.6000000000000005
1698924223150.0,False,94.9,80.7,-4.800000000000001
1698924223166.0,False,94.9,80.80000000000001,-4.9
1698924223199.0,False,95.2,80.9,-5.1000000000000005
1698924223216.0,False,95.30000000000001,80.9,-5.1000000000000005
1698924223266.0,False,95.4,81.10000000000001,-5.2
1698924223316.0,False,95.2,81.2,-5.0
1698924223334.0,False,95.2,81.30000000000001,-5.0
1698924223400.0,False,95.0,81.30000000000001,-4.9
1698924223516.0,False,95.0,81.2,-4.9
1698924223583.0,False,94.80000000000001,81.2,-4.7
1698924223600.0,False,94.7,81.10000000000001,-4.6000000000000005
1698924223616.0,False,94.5,81.10000000000001,-4.4
1698924223632.0,False,94.2,81.0,-4.1000000000000005
1698924223649.0,False,94.10000000000001,81.0,-4.0
1698924223666.0,False,93.80000000000001,81.0,-3.7
1698924223683.0,False,93.7,80.9,-3.6
1698924223701.0,False,93.5,80.9,-3.5
1698924223766.0,False,93.60000000000001,80.9,-3.5
1698924223782.0,False,93.60000000000001,80.9,-3.6
1698924223799.0,False,93.7,80.9,-3.7
1698924223816.0,False,93.80000000000001,80.9,-3.8000000000000003
1698924223883.0,False,93.9,81.0,-3.9000000000000004
1698924224000.0,False,94.10000000000001,81.0,-4.1000000000000005
1698924224033.0,False,94.2,81.10000000000001,-4.2
1698924224067.0,False,94.30000000000001,81.10000000000001,-4.2
1698924224085.0,False,94.2,81.0,-4.2
1698924224134.0,False,94.10000000000001,81.0,-4.0
1698924224149.0,False,94.0,80.9,-3.9000000000000004
1698924224184.0,False,94.0,81.0,-3.8000000000000003
1698924224200.0,False,94.0,81.10000000000001,-3.9000000000000004
1698924224216.0,False,94.2,81.10000000000001,-4.0
1698924224233.0,False,94.4,81.2,-4.2
1698924224317.0,False,94.10000000000001,81.10000000000001,-4.0
1698924224333.0,False,94.0,81.10000000000001,-3.9000000000000004
1698924224367.0,False,93.9,81.0,-3.9000000000000004
1698924224399.0,False,94.0,81.10000000000001,-4.0
1698924224416.0,False,94.10000000000001,81.10000000000001,-4.1000000000000005
1698924224449.0,False,94.2,81.30000000000001,-4.1000000000000005
1698924224500.0,False,94.30000000000001,81.4,-4.3
1698924224516.0,False,94.4,81.4,-4.4
1698924224649.0,False,94.80000000000001,81.4,-4.7
1698924224666.0,False,94.9,81.5,-4.800000000000001
1698924224684.0,False,95.0,81.5,-5.0
1698924224699.0,False,95.10000000000001,81.5,-5.1000000000000005
1698924224716.0,False,95.0,81.5,-5.0
1698924224749.0,False,94.9,81.5,-4.800000000000001
1698924224783.0,False,95.0,81.5,-5.0
1698924224799.0,False,95.2,81.5,-5.1000000000000005
1698924224816.0,False,95.10000000000001,81.5,-5.0
1698924224833.0,False,95.0,81.5,-5.0
1698924224883.0,False,95.10000000000001,81.60000000000001,-5.0
1698924224899.0,False,95.2,81.60000000000001,-5.2
1698924224934.0,False,95.30000000000001,81.60000000000001,-5.300000000000001
1698924225050.0,False,95.4,81.7,-5.5
1698924225116.0,False,95.60000000000001,81.7,-5.7
1698924225154.0,False,95.80000000000001,81.7,-5.9
1698924225167.0,False,95.80000000000001,81.80000000000001,-5.9
1698924225200.0,False,96.0,81.80000000000001,-6.1000000000000005
1698924225216.0,False,96.10000000000001,81.80000000000001,-6.2
1698924225251.0,False,96.30000000000001,81.80000000000001,-6.300000000000001
1698924225285.0,False,96.5,81.9,-6.5
1698924225300.0,False,96.5,81.9,-6.6000000000000005
1698924225316.0,False,96.7,82.0,-6.7
1698924225333.0,False,96.80000000000001,82.0,-6.800000000000001
1698924225350.0,False,96.9,82.10000000000001,-6.9
1698924225384.0,False,97.0,82.2,-7.1000000000000005
1698924225399.0,False,97.10000000000001,82.2,-7.2
1698924225416.0,False,97.2,82.30000000000001,-7.300000000000001
1698924225449.0,False,97.4,82.4,-7.6000000000000005
1698924225466.0,False,97.60000000000001,82.4,-7.800000000000001
1698924225499.0,False,98.0,82.60000000000001,-8.3
1698924225516.0,False,98.30000000000001,82.7,-8.6
1698924225533.0,False,98.60000000000001,82.7,-8.9
1698924225549.0,False,98.80000000000001,82.80000000000001,-9.200000000000001
1698924225567.0,False,99.10000000000001,82.9,-9.5
1698924225599.0,False,99.30000000000001,83.10000000000001,-9.700000000000001
1698924225616.0,False,99.5,83.2,-9.9
1698924225633.0,False,99.60000000000001,83.2,-10.100000000000001
1698924225650.0,False,99.9,83.30000000000001,-10.4
1698924225667.0,False,100.2,83.4,-10.8
1698924225683.0,False,100.4,83.4,-11.0
1698924225699.0,False,100.80000000000001,83.4,-11.4
1698924225716.0,False,101.2,83.5,-11.700000000000001
1698924225733.0,False,101.30000000000001,83.5,-11.9
1698924225750.0,False,101.60000000000001,83.60000000000001,-12.200000000000001
1698924225766.0,False,101.80000000000001,83.7,-12.4
1698924225783.0,False,102.0,83.7,-12.700000000000001
1698924225799.0,False,102.10000000000001,83.80000000000001,-12.8
1698924225816.0,False,102.4,83.9,-13.0
1698924225833.0,False,102.7,84.0,-13.5
1698924225850.0,False,102.9,84.0,-13.700000000000001
1698924225867.0,False,103.30000000000001,84.2,-14.200000000000001
1698924225883.0,False,103.60000000000001,84.2,-14.5
1698924225901.0,False,103.5,84.2,-14.5
1698924225917.0,False,102.9,84.10000000000001,-14.100000000000001
1698924225934.0,False,102.60000000000001,84.0,-13.9
1698924225950.0,False,101.5,83.9,-13.0
1698924225967.0,False,100.10000000000001,83.60000000000001,-11.8
1698924225983.0,False,99.5,83.5,-11.200000000000001
1698924226000.0,False,98.4,83.2,-10.200000000000001
1698924226017.0,False,97.4,82.80000000000001,-9.3
1698924226034.0,False,97.0,82.60000000000001,-8.9
1698924226050.0,False,96.10000000000001,82.2,-8.200000000000001
1698924226067.0,False,95.4,81.9,-7.6000000000000005
1698924226084.0,False,95.10000000000001,81.80000000000001,-7.300000000000001
1698924226100.0,False,94.30000000000001,81.4,-6.6000000000000005
1698924226117.0,False,93.30000000000001,81.0,-5.6000000000000005
1698924226134.0,False,92.80000000000001,80.7,-5.1000000000000005
1698924226150.0,False,91.7,80.0,-4.1000000000000005
1698924226166.0,False,90.60000000000001,79.10000000000001,-3.0
1698924226183.0,False,89.60000000000001,78.10000000000001,-2.0
1698924226199.0,False,89.2,77.5,-1.6
1698924226216.0,False,88.30000000000001,76.10000000000001,-0.6000000000000001
1698924226233.0,False,87.5,74.60000000000001,0.2
1698924226249.0,False,87.2,73.8,0.6000000000000001
1698924226273.0,False,86.60000000000001,71.3,1.4000000000000001
1698924226283.0,False,86.4,70.4,1.6
1698924226299.0,False,86.10000000000001,68.7,2.0
1698924226316.0,False,86.0,67.9,2.2
1698924226333.0,False,85.80000000000001,66.5,2.6
1698924226349.0,False,85.4,65.0,3.1
1698924226366.0,False,85.2,64.3,3.4000000000000004
1698924226383.0,False,84.9,62.900000000000006,4.0
1698924226400.0,False,84.80000000000001,62.2,4.2
1698924226416.0,False,84.7,60.800000000000004,4.6000000000000005
1698924226433.0,False,84.60000000000001,59.2,5.0
1698924226449.0,False,84.5,58.400000000000006,5.2
1698924226467.0,False,84.4,56.7,5.800000000000001
1698924226485.0,False,84.5,55.5,6.2
1698924226499.0,False,84.80000000000001,54.6,6.2
1698924226517.0,False,84.9,54.300000000000004,6.2
1698924226533.0,False,85.10000000000001,53.900000000000006,6.2
1698924226551.0,False,85.4,53.5,6.0
1698924226567.0,False,85.60000000000001,53.400000000000006,5.9
1698924226583.0,False,86.0,53.2,5.5
1698924226600.0,False,86.30000000000001,53.1,5.300000000000001
1698924226617.0,False,86.7,52.800000000000004,5.1000000000000005
1698924226634.0,False,87.10000000000001,52.7,5.0
1698924226650.0,False,87.5,52.7,4.800000000000001
1698924226667.0,False,87.7,52.7,4.7
1698924226683.0,False,88.2,52.900000000000006,4.5
1698924226700.0,False,88.7,53.1,4.4
1698924226717.0,False,88.9,53.2,4.3
1698924226734.0,False,89.30000000000001,53.400000000000006,4.3
1698924226749.0,False,89.5,53.800000000000004,4.2
1698924226767.0,False,89.60000000000001,54.1,4.2
1698924226782.0,False,89.80000000000001,54.6,4.3
1698924226799.0,False,89.9,55.1,4.4
1698924226816.0,False,90.0,55.400000000000006,4.5
1698924226833.0,False,90.0,55.900000000000006,4.7
1698924226849.0,False,90.10000000000001,56.6,4.800000000000001
1698924226866.0,False,90.10000000000001,57.0,4.9
1698924226883.0,False,90.10000000000001,57.7,4.9
1698924226900.0,False,90.30000000000001,58.6,5.0
1698924226917.0,False,90.30000000000001,59.0,5.0
1698924226935.0,False,90.4,59.900000000000006,5.0
1698924226950.0,False,90.5,60.900000000000006,5.0
1698924226968.0,False,90.5,61.900000000000006,5.0
1698924226985.0,False,90.5,62.400000000000006,5.0
1698924227000.0,False,90.7,63.5,4.800000000000001
1698924227016.0,False,90.80000000000001,64.0,4.7
1698924227034.0,False,91.10000000000001,65.2,4.4
1698924227049.0,False,91.5,66.3,4.0
1698924227066.0,False,91.7,66.8,3.8000000000000003
1698924227083.0,False,92.10000000000001,67.8,3.3000000000000003
1698924227100.0,False,92.7,68.7,2.8000000000000003
1698924227116.0,False,93.2,69.2,2.5
1698924227133.0,False,94.10000000000001,70.2,1.7000000000000002
1698924227149.0,False,95.10000000000001,71.2,0.5
1698924227166.0,False,95.7,71.60000000000001,-0.1
1698924227183.0,False,97.0,72.5,-1.2000000000000002
1698924227200.0,False,98.5,73.60000000000001,-2.5
1698924227217.0,False,99.30000000000001,74.10000000000001,-3.2
1698924227235.0,False,101.10000000000001,75.5,-4.9
1698924227250.0,False,103.30000000000001,76.7,-7.2
1698924227266.0,False,104.60000000000001,77.30000000000001,-8.6
1698924227285.0,False,107.2,78.0,-11.4
1698924227300.0,False,109.10000000000001,78.2,-13.600000000000001
1698924227317.0,False,109.5,77.80000000000001,-14.4
1698924227334.0,False,109.2,77.60000000000001,-14.3
1698924227350.0,False,108.0,77.0,-13.200000000000001
1698924227366.0,False,107.2,76.80000000000001,-12.5
1698924227388.0,False,105.60000000000001,75.9,-10.700000000000001
1698924227399.0,False,105.4,75.7,-10.4
1698924227416.0,False,105.2,75.5,-10.3
1698924227433.0,False,105.30000000000001,75.3,-10.3
1698924227450.0,False,105.7,75.2,-10.9
1698924227466.0,False,106.4,75.3,-11.8
1698924227483.0,False,106.7,75.4,-12.3
1698924227499.0,False,107.2,75.7,-13.100000000000001
1698924227516.0,False,107.60000000000001,76.10000000000001,-13.9
1698924227534.0,False,107.7,76.4,-14.3
1698924227550.0,False,107.80000000000001,76.60000000000001,-14.600000000000001
1698924227568.0,False,107.7,77.0,-14.700000000000001
1698924227583.0,False,107.0,77.30000000000001,-14.200000000000001
1698924227600.0,False,106.2,77.60000000000001,-13.700000000000001
1698924227616.0,False,106.4,77.9,-14.100000000000001
1698924227633.0,False,106.7,78.0,-14.4
1698924227650.0,False,106.80000000000001,78.2,-14.4
1698924227666.0,False,105.60000000000001,78.30000000000001,-13.3
1698924227684.0,False,104.7,78.2,-12.5
1698924227700.0,False,103.0,77.7,-11.0
1698924227716.0,False,101.60000000000001,76.7,-9.9
1698924227734.0,False,101.0,76.2,-9.4
1698924227750.0,False,99.80000000000001,75.10000000000001,-8.3
1698924227766.0,False,98.7,74.10000000000001,-7.2
1698924227782.0,False,97.9,73.4,-6.300000000000001
1698924227799.0,False,97.7,73.10000000000001,-5.9
1698924227816.0,False,97.30000000000001,72.7,-5.2
1698924227833.0,False,97.2,72.60000000000001,-4.9
1698924227850.0,False,97.2,72.5,-4.5
1698924227866.0,False,97.30000000000001,72.5,-4.3
1698924227883.0,False,97.5,72.60000000000001,-4.3
1698924227900.0,False,97.7,72.9,-4.3
1698924227916.0,False,97.80000000000001,73.2,-4.3
1698924227933.0,False,97.60000000000001,73.4,-4.1000000000000005
1698924227950.0,False,97.5,73.5,-3.9000000000000004
1698924227966.0,False,97.2,73.5,-3.7
1698924227982.0,False,97.30000000000001,73.10000000000001,-3.9000000000000004
1698924228000.0,False,97.4,72.9,-4.0
1698924228016.0,False,97.60000000000001,72.4,-4.6000000000000005
1698924228034.0,False,97.80000000000001,72.10000000000001,-4.9
1698924228050.0,False,98.0,71.4,-5.4
1698924228067.0,False,98.0,70.8,-5.800000000000001
1698924228083.0,False,97.9,70.5,-5.800000000000001
1698924228100.0,False,97.4,70.0,-5.5
1698924228116.0,False,96.80000000000001,69.7,-4.9
1698924228133.0,False,96.30000000000001,69.60000000000001,-4.3
1698924228150.0,False,96.2,69.60000000000001,-4.0
1698924228167.0,False,96.0,70.10000000000001,-3.3000000000000003
1698924228183.0,False,95.80000000000001,70.60000000000001,-2.9000000000000004
1698924228200.0,False,95.4,72.0,-2.0
1698924228216.0,False,95.2,73.60000000000001,-1.2000000000000002
1698924228233.0,False,95.2,75.4,-0.6000000000000001
1698924228251.0,False,95.30000000000001,76.3,-0.30000000000000004
1698924228267.0,False,95.10000000000001,77.5,0.6000000000000001
1698924228283.0,False,94.9,78.0,1.6
1698924228300.0,False,94.80000000000001,78.0,2.0
1698924228316.0,False,94.60000000000001,77.7,2.5
1698924228333.0,False,94.5,77.4,2.6
1698924228350.0,False,94.2,77.10000000000001,2.8000000000000003
1698924228367.0,False,93.7,77.0,3.1
1698924228383.0,False,92.2,76.7,4.3
1698924228401.0,False,91.30000000000001,76.5,4.9
1698924228416.0,False,89.9,76.0,5.7
1698924228433.0,False,89.0,75.60000000000001,6.0
1698924228449.0,False,88.80000000000001,75.3,5.9
1698924228467.0,False,88.7,74.60000000000001,5.300000000000001
1698924228483.0,False,88.80000000000001,74.10000000000001,4.5
1698924228499.0,False,89.0,73.8,3.5
1698924228516.0,False,89.10000000000001,73.7,3.1
1698924228533.0,False,89.10000000000001,73.7,2.3000000000000003
1698924228549.0,False,89.10000000000001,73.8,1.9000000000000001
1698924228567.0,False,89.10000000000001,73.9,1.4000000000000001
1698924228583.0,False,88.9,74.10000000000001,1.1
1698924228600.0,False,88.7,74.10000000000001,1.1
1698924228616.0,False,88.4,74.2,1.2000000000000002
1698924228633.0,False,88.10000000000001,74.3,1.4000000000000001
1698924228671.0,False,88.0,74.10000000000001,1.7000000000000002
1698924228701.0,False,88.10000000000001,74.10000000000001,1.9000000000000001
1698924228717.0,False,88.30000000000001,74.10000000000001,2.0
1698924228734.0,False,88.5,74.3,2.1
1698924228749.0,False,88.80000000000001,74.60000000000001,1.9000000000000001
1698924228766.0,False,89.10000000000001,74.8,1.5
1698924228783.0,False,90.0,75.4,0.4
1698924228801.0,False,90.5,75.8,-0.2
1698924228816.0,False,91.2,76.3,-1.3
1698924228833.0,False,91.10000000000001,76.5,-1.5
1698924228849.0,False,91.10000000000001,76.5,-1.7000000000000002
1698924228866.0,False,91.4,76.7,-2.2
1698924228883.0,False,93.0,77.10000000000001,-4.4
1698924228900.0,False,95.10000000000001,77.7,-7.300000000000001
1698924228917.0,False,95.9,78.30000000000001,-8.4
1698924228935.0,False,97.4,79.5,-10.100000000000001
1698924228950.0,False,99.10000000000001,80.80000000000001,-12.0
1698924228966.0,False,100.0,81.4,-13.0
1698924228983.0,False,101.7,82.2,-14.9
1698924228999.0,False,102.60000000000001,82.10000000000001,-15.9
1698924229016.0,False,102.80000000000001,81.80000000000001,-16.2
1698924229033.0,False,102.7,80.9,-16.1
1698924229050.0,False,101.7,79.80000000000001,-15.100000000000001
1698924229067.0,False,100.10000000000001,78.80000000000001,-13.5
1698924229084.0,False,99.30000000000001,78.30000000000001,-12.700000000000001
1698924229099.0,False,98.10000000000001,77.60000000000001,-11.4
1698924229117.0,False,97.7,77.30000000000001,-11.100000000000001
1698924229134.0,False,97.4,77.0,-10.9
1698924229166.0,False,97.2,76.9,-10.9
1698924229183.0,False,96.60000000000001,77.0,-10.3
1698924229200.0,False,95.5,77.10000000000001,-9.3
1698924229218.0,False,95.10000000000001,77.10000000000001,-8.9
1698924229236.0,False,94.2,77.0,-8.200000000000001
1698924229251.0,False,93.60000000000001,76.9,-7.9
1698924229268.0,False,93.2,76.60000000000001,-8.0
1698924229285.0,False,93.10000000000001,76.4,-8.1
1698924229300.0,False,93.0,75.9,-8.4
1698924229317.0,False,92.9,75.7,-8.6
1698924229334.0,False,92.60000000000001,75.3,-8.8
1698924229350.0,False,92.4,75.10000000000001,-9.0
1698924229367.0,False,92.30000000000001,74.7,-9.5
1698924229383.0,False,92.2,74.5,-10.100000000000001
1698924229399.0,False,91.9,74.5,-10.4
1698924229416.0,False,91.7,74.60000000000001,-10.4
1698924229434.0,False,91.10000000000001,74.9,-10.0
1698924229451.0,False,90.7,75.4,-9.8
1698924229466.0,False,91.10000000000001,75.9,-10.100000000000001
1698924229483.0,False,91.4,76.10000000000001,-10.4
1698924229499.0,False,92.2,76.2,-11.3
1698924229516.0,False,92.60000000000001,76.2,-11.8
1698924229533.0,False,93.4,76.3,-12.600000000000001
1698924229550.0,False,93.0,76.9,-12.0
1698924229566.0,False,92.30000000000001,77.30000000000001,-11.100000000000001
1698924229584.0,False,90.80000000000001,78.7,-8.9
1698924229600.0,False,89.9,80.30000000000001,-7.800000000000001
1698924229616.0,False,90.30000000000001,81.5,-8.200000000000001
1698924229633.0,False,91.0,82.0,-9.0
1698924229650.0,False,92.30000000000001,82.80000000000001,-10.200000000000001
1698924229667.0,False,92.0,83.2,-9.8
1698924229684.0,False,87.4,83.60000000000001,-5.2
1698924229700.0,False,80.2,83.30000000000001,1.9000000000000001
1698924229716.0,False,75.3,82.4,7.2
1698924229733.0,False,73.8,81.9,8.700000000000001
1698924229750.0,False,73.10000000000001,80.80000000000001,9.600000000000001
1698924229767.0,False,74.9,79.9,7.9
1698924229783.0,False,76.2,79.5,6.6000000000000005
1698924229799.0,False,78.60000000000001,79.0,4.2
1698924229816.0,False,79.5,78.80000000000001,3.2
1698924229833.0,False,79.5,78.80000000000001,3.3000000000000003
1698924229850.0,False,78.7,79.0,4.0
1698924229866.0,False,77.9,79.30000000000001,4.800000000000001
1698924229883.0,False,77.80000000000001,79.5,4.9
1698924229900.0,False,78.4,79.7,4.3
1698924229917.0,False,80.10000000000001,79.7,2.6
1698924229935.0,False,81.10000000000001,79.60000000000001,1.6
1698924229950.0,False,82.80000000000001,79.30000000000001,0.0
1698924229966.0,False,83.7,78.7,-0.8
1698924229986.0,False,83.9,78.4,-1.0
1698924230000.0,False,83.80000000000001,77.7,-0.6000000000000001
1698924230016.0,False,83.4,77.0,0.30000000000000004
1698924230032.0,False,83.2,76.7,0.9
1698924230049.0,False,82.80000000000001,76.2,1.9000000000000001
1698924230068.0,False,83.10000000000001,75.8,2.1
1698924230085.0,False,84.30000000000001,75.60000000000001,1.4000000000000001
1698924230099.0,False,85.10000000000001,75.60000000000001,0.8
1698924230116.0,False,86.30000000000001,75.8,-0.1
1698924230134.0,False,86.5,76.60000000000001,-0.1
1698924230152.0,False,86.2,77.10000000000001,0.1
1698924230166.0,False,86.10000000000001,78.4,0.1
1698924230183.0,False,87.7,80.0,-1.7000000000000002
1698924230200.0,False,89.0,80.7,-3.3000000000000003
1698924230216.0,False,91.4,81.80000000000001,-6.2
1698924230234.0,False,91.5,81.9,-6.6000000000000005
1698924230250.0,False,91.0,81.5,-6.2
1698924230267.0,False,90.80000000000001,80.60000000000001,-6.0
1698924230283.0,False,91.4,80.10000000000001,-6.7
1698924230300.0,False,94.4,79.7,-10.0
1698924230316.0,False,98.0,79.7,-13.600000000000001
1698924230333.0,False,99.2,80.10000000000001,-14.5
1698924230349.0,False,98.60000000000001,80.5,-13.700000000000001
1698924230367.0,False,96.4,81.4,-11.3
1698924230383.0,False,94.5,81.9,-8.9
1698924230400.0,False,93.9,81.9,-8.0
1698924230416.0,False,93.30000000000001,81.5,-6.800000000000001
1698924230433.0,False,92.9,80.60000000000001,-5.800000000000001
1698924230449.0,False,92.60000000000001,80.2,-5.300000000000001
1698924230467.0,False,91.60000000000001,79.4,-4.1000000000000005
1698924230484.0,False,90.4,78.80000000000001,-2.9000000000000004
1698924230500.0,False,89.7,78.7,-2.3000000000000003
1698924230516.0,False,88.4,78.5,-1.3
1698924230534.0,False,86.9,78.5,-0.6000000000000001
1698924230549.0,False,86.2,78.5,-0.2
1698924230567.0,False,84.5,78.4,0.4
1698924230585.0,False,83.7,78.30000000000001,0.7000000000000001
1698924230600.0,False,82.10000000000001,77.80000000000001,1.1
1698924230617.0,False,80.30000000000001,77.10000000000001,1.6
1698924230634.0,False,78.30000000000001,76.5,2.1
1698924230650.0,False,77.2,76.10000000000001,2.4000000000000004
1698924230666.0,False,75.10000000000001,75.5,2.7
1698924230683.0,False,73.0,75.0,2.9000000000000004
1698924230699.0,False,71.9,74.9,2.9000000000000004
1698924230716.0,False,69.60000000000001,74.60000000000001,2.8000000000000003
1698924230734.0,False,67.2,74.5,2.8000000000000003
1698924230752.0,False,65.9,74.3,2.8000000000000003
1698924230767.0,False,63.1,74.10000000000001,2.7
1698924230784.0,False,61.7,73.9,2.6
1698924230800.0,False,59.1,73.5,2.1
1698924230817.0,False,56.5,72.9,1.2000000000000002
1698924230832.0,False,53.900000000000006,72.3,0.4
1698924230849.0,False,51.1,71.60000000000001,-0.5
1698924230866.0,False,49.7,71.2,-1.0
1698924230884.0,False,47.1,70.60000000000001,-2.2
1698924230899.0,False,45.800000000000004,70.3,-2.7
1698924230917.0,False,43.1,70.10000000000001,-3.9000000000000004
1698924230934.0,False,40.0,69.7,-4.9
1698924230950.0,False,36.7,69.0,-5.6000000000000005
1698924230967.0,False,34.9,68.5,-5.9
1698924230983.0,False,31.3,67.60000000000001,-6.300000000000001
1698924230999.0,False,27.6,66.8,-6.800000000000001
1698924231016.0,False,25.900000000000002,66.4,-7.1000000000000005
1698924231033.0,False,23.0,65.9,-8.0
1698924231050.0,False,20.700000000000003,65.8,-9.5
1698924231066.0,False,19.700000000000003,65.8,-10.4
1698924231083.0,False,17.8,65.9,-12.200000000000001
1698924231099.0,False,15.9,66.10000000000001,-13.600000000000001
1698924231118.0,False,13.700000000000001,66.2,-14.9
1698924231133.0,False,12.3,66.2,-15.4
1698924231150.0,False,9.3,65.9,-16.0
1698924231167.0,False,7.5,65.5,-16.1
1698924231183.0,False,3.8000000000000003,64.7,-16.1
1698924231200.0,False,1.8,64.3,-16.0
1698924231217.0,False,357.8,63.6,-15.5
1698924231233.0,False,353.8,62.900000000000006,-14.8
1698924231250.0,False,350.1,62.5,-14.0
1698924231266.0,False,348.40000000000003,62.400000000000006,-13.8
1698924231284.0,False,345.6,62.5,-14.0
1698924231299.0,False,343.8,62.7,-14.9
1698924231316.0,False,343.0,62.900000000000006,-15.4
1698924231333.0,False,341.40000000000003,63.5,-16.2
1698924231350.0,False,340.6,63.800000000000004,-16.5
1698924231367.0,False,337.90000000000003,64.8,-17.5
1698924231384.0,False,337.1,65.10000000000001,-17.8
1698924231400.0,False,335.8,65.60000000000001,-18.5
1698924231416.0,False,335.1,65.8,-18.900000000000002
1698924231434.0,False,333.5,66.10000000000001,-19.3
1698924231450.0,False,331.6,66.2,-19.400000000000002
1698924231467.0,False,330.6,66.3,-19.5
1698924231483.0,False,328.6,66.2,-19.400000000000002
1698924231500.0,False,326.70000000000005,66.10000000000001,-19.200000000000003
1698924231516.0,False,325.8,66.10000000000001,-19.1
1698924231534.0,False,324.1,66.2,-18.900000000000002
1698924231550.0,False,322.90000000000003,66.4,-18.900000000000002
1698924231566.0,False,322.3,66.5,-19.0
1698924231582.0,False,321.40000000000003,66.9,-19.1
1698924231599.0,False,320.90000000000003,67.4,-19.8
1698924231616.0,False,320.8,67.60000000000001,-20.400000000000002
1698924231633.0,False,320.90000000000003,68.2,-21.8
1698924231650.0,False,320.90000000000003,68.8,-23.1
1698924231666.0,False,320.70000000000005,69.2,-23.5
1698924231683.0,False,319.90000000000003,69.8,-24.1
1698924231700.0,False,318.90000000000003,70.2,-24.200000000000003
1698924231717.0,False,318.40000000000003,70.4,-24.1
1698924231733.0,False,317.6,70.9,-24.0
1698924231750.0,False,317.20000000000005,71.4,-24.400000000000002
1698924231766.0,False,317.70000000000005,72.0,-25.6
1698924231783.0,False,317.90000000000003,72.3,-26.3
1698924231799.0,False,318.40000000000003,73.10000000000001,-27.5
1698924231816.0,False,318.90000000000003,74.10000000000001,-28.6
1698924231833.0,False,319.20000000000005,74.5,-29.3
1698924231850.0,False,320.1,75.5,-31.1
1698924231869.0,False,321.0,76.2,-33.1
1698924231883.0,False,321.1,76.5,-33.7
1698924231900.0,False,320.1,76.9,-33.5
1698924231916.0,False,317.1,77.0,-31.400000000000002
1698924231933.0,False,315.3,76.9,-30.1
1698924231950.0,False,311.70000000000005,76.7,-27.5
1698924231966.0,False,308.6,76.4,-25.400000000000002
1698924231983.0,False,307.3,76.2,-24.6
1698924232000.0,False,304.7,76.2,-23.1
1698924232016.0,False,302.2,76.3,-21.6
1698924232033.0,False,301.0,76.5,-20.900000000000002
1698924232050.0,False,298.8,76.9,-19.400000000000002
1698924232067.0,False,296.8,77.30000000000001,-18.2
1698924232084.0,False,295.2,77.5,-17.2
1698924232100.0,False,294.40000000000003,77.60000000000001,-16.7
1698924232116.0,False,292.8,77.7,-15.9
1698924232133.0,False,292.1,77.7,-15.5
1698924232151.0,False,290.40000000000003,77.5,-14.5
1698924232167.0,False,288.7,77.2,-13.5
1698924232184.0,False,287.8,77.0,-12.9
1698924232200.0,False,286.1,76.60000000000001,-11.8
1698924232216.0,False,284.6,76.10000000000001,-11.0
1698924232234.0,False,284.0,75.9,-10.700000000000001
1698924232250.0,False,283.0,75.5,-10.5
1698924232266.0,False,282.6,75.2,-10.600000000000001
1698924232283.0,False,282.3,75.10000000000001,-11.0
1698924232299.0,False,282.2,75.10000000000001,-11.200000000000001
1698924232316.0,False,282.1,75.10000000000001,-11.600000000000001
1698924232334.0,False,282.2,75.2,-11.9
1698924232350.0,False,282.40000000000003,75.3,-12.3
1698924232366.0,False,282.8,75.4,-12.9
1698924232384.0,False,283.2,75.4,-13.5
1698924232400.0,False,283.40000000000003,75.4,-13.8
1698924232416.0,False,283.6,75.4,-14.0
1698924232432.0,False,283.3,75.10000000000001,-13.700000000000001
1698924232449.0,False,283.0,75.0,-13.5
1698924232466.0,False,282.5,74.5,-13.200000000000001
1698924232483.0,False,282.2,74.10000000000001,-13.200000000000001
1698924232499.0,False,282.1,74.0,-13.200000000000001
1698924232516.0,False,282.1,74.10000000000001,-12.8
1698924232532.0,False,281.90000000000003,74.3,-12.5
1698924232549.0,False,282.1,74.5,-12.600000000000001
1698924232567.0,False,283.8,75.5,-14.0
1698924232582.0,False,287.2,77.30000000000001,-17.0
1698924232599.0,False,289.40000000000003,78.4,-19.0
1698924232616.0,False,294.40000000000003,80.4,-23.900000000000002
1698924232633.0,False,298.3,81.9,-27.900000000000002
1698924232649.0,False,298.90000000000003,82.30000000000001,-28.5
1698924232667.0,False,296.2,82.2,-25.700000000000003
1698924232684.0,False,289.8,81.2,-19.5
1698924232699.0,False,286.8,80.4,-16.5
1698924232716.0,False,282.2,78.9,-12.0
1698924232732.0,False,279.6,77.60000000000001,-9.5
1698924232750.0,False,278.3,76.60000000000001,-8.200000000000001
1698924232767.0,False,278.1,76.2,-8.0
1698924232782.0,False,278.2,75.7,-8.1
1698924232800.0,False,278.5,75.7,-8.5
1698924232816.0,False,279.6,75.9,-9.9
1698924232834.0,False,281.1,76.4,-11.700000000000001
1698924232853.0,False,283.0,77.0,-13.700000000000001
1698924232869.0,False,283.8,77.4,-14.700000000000001
1698924232883.0,False,285.1,77.9,-16.2
1698924232900.0,False,285.40000000000003,78.0,-16.6
1698924232933.0,False,284.8,77.4,-16.1
1698924232952.0,False,284.3,77.10000000000001,-15.600000000000001
1698924232966.0,False,283.2,76.4,-14.3
1698924232984.0,False,282.6,76.10000000000001,-13.5
1698924233000.0,False,280.8,75.10000000000001,-10.9
1698924233017.0,False,280.2,74.9,-10.0
1698924233033.0,False,279.7,74.7,-9.200000000000001
1698924233049.0,False,279.0,74.4,-7.4
1698924233067.0,False,279.2,74.4,-7.300000000000001
1698924233083.0,False,280.2,74.60000000000001,-8.1
1698924233100.0,False,280.90000000000003,74.9,-8.8
1698924233117.0,False,282.6,75.60000000000001,-10.8
1698924233135.0,False,283.40000000000003,76.10000000000001,-11.700000000000001
1698924233150.0,False,284.7,77.0,-13.200000000000001
1698924233166.0,False,284.90000000000003,77.7,-13.600000000000001
1698924233185.0,False,283.7,78.0,-12.700000000000001
1698924233201.0,False,282.7,78.10000000000001,-11.600000000000001
1698924233217.0,False,283.1,78.2,-11.9
1698924233233.0,False,286.3,78.5,-15.200000000000001
1698924233250.0,False,292.1,78.80000000000001,-21.3
1698924233267.0,False,295.2,79.2,-24.400000000000002
1698924233284.0,False,299.8,80.0,-29.200000000000003
1698924233300.0,False,300.6,80.4,-30.3
1698924233316.0,False,299.7,81.2,-29.6
1698924233333.0,False,298.1,81.7,-27.700000000000003
1698924233350.0,False,298.40000000000003,81.7,-27.5
1698924233367.0,False,299.2,81.60000000000001,-28.200000000000003
1698924233383.0,False,300.6,81.30000000000001,-29.1
1698924233399.0,False,300.7,80.9,-28.900000000000002
1698924233417.0,False,300.40000000000003,80.7,-28.5
1698924233434.0,False,300.1,80.2,-27.700000000000003
1698924233449.0,False,300.1,79.7,-27.400000000000002
1698924233466.0,False,300.40000000000003,79.5,-27.6
1698924233485.0,False,300.8,79.0,-27.900000000000002
1698924233500.0,False,300.40000000000003,78.60000000000001,-27.400000000000002
1698924233516.0,False,299.90000000000003,78.4,-26.8
1698924233533.0,False,298.1,78.10000000000001,-25.0
1698924233549.0,False,296.0,77.9,-22.8
1698924233567.0,False,295.1,77.80000000000001,-21.8
1698924233585.0,False,293.6,77.7,-20.3
1698924233599.0,False,292.90000000000003,77.60000000000001,-19.700000000000003
1698924233616.0,False,292.8,77.60000000000001,-19.6
1698924233633.0,False,292.7,77.60000000000001,-19.6
1698924233650.0,False,292.5,77.5,-19.400000000000002
1698924233667.0,False,292.1,77.4,-19.200000000000003
1698924233684.0,False,291.8,77.30000000000001,-19.1
1698924233699.0,False,291.6,77.2,-19.0
1698924233717.0,False,291.3,76.9,-19.200000000000003
1698924233734.0,False,291.2,76.60000000000001,-19.700000000000003
1698924233750.0,False,290.90000000000003,76.2,-20.1
1698924233766.0,False,290.6,76.0,-20.1
1698924233785.0,False,289.40000000000003,75.8,-19.6
1698924233800.0,False,288.90000000000003,76.0,-19.200000000000003
1698924233817.0,False,288.1,76.4,-18.7
1698924233834.0,False,288.0,76.60000000000001,-18.6
1698924233850.0,False,288.0,77.0,-18.6
1698924233867.0,False,288.40000000000003,77.2,-19.0
1698924233882.0,False,288.7,77.2,-19.3
1698924233899.0,False,289.2,77.5,-19.700000000000003
1698924233916.0,False,289.5,78.0,-20.1
1698924233933.0,False,289.6,78.30000000000001,-20.3
1698924233949.0,False,290.1,79.4,-20.8
1698924233966.0,False,290.40000000000003,80.10000000000001,-21.200000000000003
1698924233983.0,False,291.3,81.60000000000001,-22.3
1698924233999.0,False,291.3,82.9,-22.700000000000003
1698924234017.0,False,290.6,83.4,-22.1
1698924234034.0,False,287.1,84.0,-18.900000000000002
1698924234050.0,False,281.8,83.9,-13.8
1698924234067.0,False,277.2,83.2,-9.4
1698924234083.0,False,275.40000000000003,82.7,-7.7
1698924234099.0,False,272.8,81.4,-5.4
1698924234116.0,False,271.40000000000003,80.2,-4.3
1698924234134.0,False,271.0,79.60000000000001,-4.0
1698924234150.0,False,270.3,78.7,-3.7
1698924234167.0,False,269.6,78.2,-3.5
1698924234182.0,False,269.2,78.10000000000001,-3.4000000000000004
1698924234199.0,False,268.40000000000003,78.0,-3.0
1698924234216.0,False,267.3,78.2,-2.3000000000000003
1698924234234.0,False,266.8,78.30000000000001,-2.0
1698924234250.0,False,265.90000000000003,78.60000000000001,-1.4000000000000001
1698924234266.0,False,265.40000000000003,78.80000000000001,-1.3
1698924234283.0,False,265.2,78.80000000000001,-1.3
1698924234300.0,False,264.8,78.60000000000001,-1.1
1698924234317.0,False,263.90000000000003,78.10000000000001,-0.4
1698924234334.0,False,263.3,77.80000000000001,0.2
1698924234350.0,False,262.0,77.30000000000001,1.3
1698924234367.0,False,260.7,76.80000000000001,2.7
1698924234383.0,False,260.0,76.60000000000001,3.3000000000000003
1698924234400.0,False,258.90000000000003,76.2,4.4
1698924234416.0,False,257.90000000000003,75.9,5.0
1698924234433.0,False,257.5,75.8,5.300000000000001
1698924234450.0,False,256.5,75.60000000000001,5.6000000000000005
1698924234467.0,False,255.3,75.5,6.0
1698924234483.0,False,253.60000000000002,75.60000000000001,6.6000000000000005
1698924234499.0,False,252.5,75.7,7.1000000000000005
1698924234516.0,False,250.10000000000002,76.10000000000001,8.5
1698924234533.0,False,247.5,76.60000000000001,10.0
1698924234549.0,False,246.20000000000002,76.9,10.700000000000001
1698924234566.0,False,243.8,77.30000000000001,11.8
1698924234582.0,False,242.3,77.5,11.8
1698924234599.0,False,242.0,77.5,11.3
1698924234616.0,False,242.4,77.2,9.4
1698924234633.0,False,243.0,76.7,7.0
1698924234649.0,False,243.0,76.4,6.0
1698924234666.0,False,242.5,75.8,4.7
1698924234682.0,False,240.8,75.3,4.5
1698924234699.0,False,239.60000000000002,75.0,4.800000000000001
1698924234716.0,False,236.9,74.9,5.7
1698924234732.0,False,234.5,75.2,5.800000000000001
1698924234750.0,False,233.5,75.60000000000001,5.7
1698924234766.0,False,231.4,76.3,5.4
1698924234783.0,False,230.20000000000002,76.7,5.4
1698924234799.0,False,227.5,77.2,5.800000000000001
1698924234816.0,False,224.8,77.10000000000001,5.9
1698924234832.0,False,222.5,76.4,5.7
1698924234849.0,False,221.3,75.9,5.5
1698924234867.0,False,218.9,74.9,5.0
1698924234882.0,False,216.3,73.8,4.5
1698924234900.0,False,215.0,73.4,4.2
1698924234917.0,False,212.20000000000002,72.60000000000001,3.9000000000000004
1698924234934.0,False,210.5,72.3,3.9000000000000004
1698924234950.0,False,206.9,71.8,4.2
1698924234966.0,False,203.10000000000002,71.60000000000001,4.6000000000000005
1698924234984.0,False,199.5,71.5,4.6000000000000005
1698924234999.0,False,197.8,71.4,4.6000000000000005
1698924235017.0,False,194.4,71.3,4.3
1698924235034.0,False,190.8,71.2,4.2
1698924235052.0,False,187.0,70.8,4.2
1698924235066.0,False,185.20000000000002,70.60000000000001,4.1000000000000005
1698924235084.0,False,181.8,69.9,3.6
1698924235099.0,False,178.60000000000002,69.0,2.8000000000000003
1698924235116.0,False,177.10000000000002,68.60000000000001,2.2
1698924235132.0,False,174.20000000000002,67.7,1.0
1698924235149.0,False,171.20000000000002,67.10000000000001,-0.1
1698924235177.0,False,167.8,66.60000000000001,-0.8
1698924235199.0,False,162.5,66.2,-1.6
1698924235215.0,False,160.8,66.2,-1.9000000000000001
1698924235232.0,False,157.4,66.2,-2.4000000000000004
1698924235249.0,False,154.0,66.2,-2.8000000000000003
1698924235266.0,False,152.4,66.10000000000001,-3.0
1698924235282.0,False,149.4,65.8,-3.7
1698924235299.0,False,146.5,65.4,-4.6000000000000005
1698924235317.0,False,145.1,65.2,-5.0
1698924235333.0,False,142.1,65.0,-5.6000000000000005
1698924235353.0,False,138.8,64.8,-6.0
1698924235366.0,False,137.1,64.7,-6.1000000000000005
1698924235385.0,False,133.6,64.7,-5.800000000000001
1698924235400.0,False,129.8,64.60000000000001,-4.800000000000001
1698924235416.0,False,128.0,64.4,-4.2
1698924235434.0,False,124.60000000000001,63.7,-3.2
1698924235450.0,False,121.7,62.800000000000004,-2.7
1698924235466.0,False,120.4,62.300000000000004,-2.7
1698924235483.0,False,118.30000000000001,61.5,-3.0
1698924235499.0,False,117.4,61.300000000000004,-3.3000000000000003
1698924235517.0,False,115.4,61.0,-3.9000000000000004
1698924235533.0,False,113.4,61.1,-4.4
1698924235549.0,False,111.2,61.1,-4.7
1698924235566.0,False,110.10000000000001,61.0,-4.7
1698924235582.0,False,107.80000000000001,60.6,-4.6000000000000005
1698924235599.0,False,105.5,59.900000000000006,-4.2
1698924235616.0,False,104.4,59.5,-4.0
1698924235633.0,False,102.10000000000001,58.800000000000004,-3.3000000000000003
1698924235649.0,False,100.10000000000001,58.2,-2.7
1698924235667.0,False,99.30000000000001,58.0,-2.5
1698924235683.0,False,98.10000000000001,57.800000000000004,-2.5
1698924235699.0,False,97.4,57.6,-2.7
1698924235715.0,False,96.80000000000001,57.400000000000006,-2.7
1698924235733.0,False,96.5,57.300000000000004,-2.6
1698924235749.0,False,95.4,56.900000000000006,-2.2
1698924235768.0,False,94.7,56.7,-1.9000000000000001
1698924235783.0,False,93.5,55.800000000000004,-1.3
1698924235799.0,False,92.60000000000001,54.7,-0.8
1698924235815.0,False,92.0,53.6,-0.5
1698924235832.0,False,91.7,53.0,-0.4
1698924235850.0,False,91.30000000000001,52.1,-0.30000000000000004
1698924235867.0,False,91.10000000000001,51.7,-0.2
1698924235883.0,False,90.60000000000001,51.0,-0.1
1698924235899.0,False,89.9,50.300000000000004,0.2
1698924235917.0,False,89.0,49.6,0.8
1698924235934.0,False,88.5,49.2,1.1
1698924235950.0,False,87.5,48.5,1.7000000000000002
1698924235967.0,False,86.7,47.800000000000004,2.2
1698924235983.0,False,86.5,47.400000000000006,2.3000000000000003
1698924235999.0,False,86.0,46.800000000000004,2.7
1698924236016.0,False,85.80000000000001,46.5,2.9000000000000004
1698924236034.0,False,85.4,45.900000000000006,3.3000000000000003
1698924236050.0,False,84.7,45.400000000000006,3.8000000000000003
1698924236066.0,False,84.0,45.0,4.3
1698924236084.0,False,83.7,44.800000000000004,4.5
1698924236099.0,False,83.10000000000001,44.400000000000006,4.9
1698924236116.0,False,82.5,44.1,5.2
1698924236132.0,False,82.2,44.0,5.4
1698924236151.0,False,81.60000000000001,43.800000000000004,5.5
1698924236167.0,False,81.2,43.800000000000004,5.6000000000000005
1698924236183.0,False,81.0,43.900000000000006,5.7
1698924236200.0,False,80.7,44.2,5.7
1698924236216.0,False,80.30000000000001,44.7,5.7
1698924236233.0,False,80.2,45.0,5.7
1698924236250.0,False,80.0,45.6,5.7
1698924236267.0,False,80.0,45.900000000000006,5.7
1698924236284.0,False,79.60000000000001,47.1,6.0
1698924236299.0,False,79.5,47.6,6.1000000000000005
1698924236317.0,False,79.2,48.7,6.5
1698924236334.0,False,79.0,49.300000000000004,6.7
1698924236352.0,False,78.5,50.800000000000004,7.2
1698924236366.0,False,78.0,52.400000000000006,7.800000000000001
1698924236382.0,False,77.7,53.2,8.1
1698924236400.0,False,77.10000000000001,55.2,8.8
1698924236416.0,False,76.4,57.400000000000006,9.4
1698924236432.0,False,76.2,58.6,9.600000000000001
1698924236449.0,False,75.8,61.1,9.9
1698924236466.0,False,75.60000000000001,63.800000000000004,9.700000000000001
1698924236483.0,False,75.60000000000001,65.0,9.5
1698924236501.0,False,75.60000000000001,66.9,9.3
1698924236516.0,False,75.5,68.2,9.4
1698924236532.0,False,75.2,69.2,9.700000000000001
1698924236550.0,False,75.10000000000001,69.7,9.8
1698924236566.0,False,75.10000000000001,70.7,9.8
1698924236582.0,False,75.10000000000001,71.3,9.700000000000001
1698924236599.0,False,75.5,72.3,9.200000000000001
1698924236617.0,False,75.8,72.9,8.9
1698924236632.0,False,76.80000000000001,74.9,7.7
1698924236650.0,False,77.2,75.60000000000001,7.300000000000001
1698924236667.0,False,77.80000000000001,77.30000000000001,6.4
1698924236682.0,False,78.0,78.10000000000001,6.2
1698924236700.0,False,78.30000000000001,79.80000000000001,5.7
1698924236716.0,False,79.0,81.4,4.9
1698924236732.0,False,80.80000000000001,82.7,3.1
1698924236749.0,False,82.2,83.2,1.7000000000000002
1698924236766.0,False,86.0,84.2,-2.2
1698924236784.0,False,92.5,86.2,-10.100000000000001
1698924236799.0,False,106.30000000000001,87.7,-23.400000000000002
1698924236816.0,False,32.7,91.5,50.2
1698924236832.0,False,58.800000000000004,92.80000000000001,23.3
1698924236850.0,False,61.7,93.10000000000001,20.700000000000003
1698924236866.0,False,67.7,93.9,15.200000000000001
1698924236884.0,False,73.3,95.4,10.0
1698924236900.0,False,74.7,96.0,8.9
1698924236918.0,False,75.60000000000001,96.7,8.5
1698924236934.0,False,76.2,97.5,8.5
1698924236950.0,False,76.60000000000001,97.9,8.3
1698924236969.0,False,77.2,98.60000000000001,8.1
1698924236983.0,False,77.4,99.30000000000001,8.200000000000001
1698924237000.0,False,77.5,99.60000000000001,8.200000000000001
1698924237016.0,False,77.80000000000001,100.2,8.200000000000001
1698924237032.0,False,78.0,100.80000000000001,8.200000000000001
1698924237066.0,False,78.30000000000001,101.80000000000001,8.1
1698924237082.0,False,78.60000000000001,102.4,7.9
1698924237099.0,False,78.80000000000001,102.7,7.7
1698924237116.0,False,79.2,103.2,7.4
1698924237134.0,False,79.60000000000001,103.60000000000001,7.0
1698924237150.0,False,79.9,103.80000000000001,6.800000000000001
1698924237166.0,False,80.30000000000001,104.2,6.4
1698924237184.0,False,80.7,104.60000000000001,6.1000000000000005
1698924237200.0,False,80.9,104.80000000000001,5.9
1698924237218.0,False,81.2,105.10000000000001,5.7
1698924237233.0,False,81.4,105.2,5.5
1698924237250.0,False,81.80000000000001,105.30000000000001,5.2
1698924237267.0,False,82.30000000000001,105.4,4.7
1698924237284.0,False,82.5,105.4,4.5
1698924237299.0,False,82.80000000000001,105.4,4.3
1698924237316.0,False,83.2,105.4,4.0
1698924237334.0,False,83.5,105.4,3.7
1698924237350.0,False,83.7,105.4,3.6
1698924237367.0,False,83.9,105.4,3.4000000000000004
1698924237382.0,False,84.2,105.4,3.1
1698924237399.0,False,84.4,105.30000000000001,2.9000000000000004
1698924237416.0,False,84.7,105.2,2.6
1698924237432.0,False,85.0,105.0,2.3000000000000003
1698924237449.0,False,85.10000000000001,104.9,2.1
1698924237466.0,False,85.4,104.7,1.9000000000000001
1698924237483.0,False,85.60000000000001,104.60000000000001,1.7000000000000002
1698924237499.0,False,85.80000000000001,104.5,1.4000000000000001
1698924237533.0,False,86.0,104.5,1.2000000000000002
1698924237550.0,False,86.2,104.5,1.0
1698924237566.0,False,86.30000000000001,104.5,0.9
1698924237583.0,False,86.5,104.7,0.7000000000000001
1698924237599.0,False,86.60000000000001,104.7,0.6000000000000001
1698924237616.0,False,86.7,104.9,0.4
1698924237633.0,False,86.80000000000001,105.0,0.30000000000000004
1698924237649.0,False,86.9,105.2,0.1
1698924237666.0,False,87.0,105.30000000000001,0.0
1698924237683.0,False,87.2,105.4,-0.2
1698924237699.0,False,87.4,105.4,-0.30000000000000004
1698924237732.0,False,87.5,105.5,-0.5
1698924237749.0,False,87.60000000000001,105.5,-0.6000000000000001
1698924237765.0,False,87.80000000000001,105.5,-0.7000000000000001
1698924237833.0,False,87.9,105.5,-0.9
1698924237916.0,False,88.10000000000001,105.5,-1.0
1698924237950.0,False,88.10000000000001,105.5,-1.1
1698924237967.0,False,88.2,105.5,-1.2000000000000002
1698924237984.0,False,88.30000000000001,105.5,-1.2000000000000002
1698924238017.0,False,88.4,105.5,-1.4000000000000001
1698924238049.0,False,88.60000000000001,105.5,-1.6
1698924238084.0,False,88.60000000000001,105.5,-1.7000000000000002
1698924238133.0,False,88.80000000000001,105.4,-1.8
1698924238150.0,False,88.80000000000001,105.4,-1.9000000000000001
1698924238216.0,False,89.0,105.4,-2.0
1698924238233.0,False,89.0,105.4,-2.1
1698924238266.0,False,89.10000000000001,105.4,-2.2
1698924238400.0,False,89.10000000000001,105.60000000000001,-2.2
1698924238582.0,False,89.2,105.7,-2.3000000000000003
1698924238634.0,False,89.30000000000001,105.7,-2.3000000000000003
1698924238699.0,False,89.30000000000001,105.80000000000001,-2.3000000000000003
1698924238716.0,False,89.30000000000001,105.7,-2.3000000000000003
1698924238750.0,False,89.30000000000001,105.7,-2.4000000000000004
1698924238849.0,False,89.4,105.80000000000001,-2.4000000000000004
1698924239332.0,False,89.5,105.9,-2.6
1698924239385.0,False,89.60000000000001,105.9,-2.6
1698924239433.0,False,89.60000000000001,105.9,-2.7
1698924239482.0,False,89.7,105.9,-2.8000000000000003
1698924239533.0,False,89.7,105.9,-2.7
1698924239550.0,False,89.7,106.0,-2.8000000000000003
1698924239568.0,False,89.80000000000001,106.0,-2.8000000000000003
1698924239582.0,False,89.80000000000001,106.10000000000001,-2.8000000000000003
1698924239600.0,False,89.9,106.2,-2.9000000000000004
1698924239617.0,False,89.9,106.30000000000001,-2.9000000000000004
1698924239666.0,False,90.0,106.5,-2.9000000000000004
1698924239700.0,False,90.10000000000001,106.60000000000001,-3.0
1698924239767.0,False,90.10000000000001,106.80000000000001,-2.9000000000000004
1698924239801.0,False,90.10000000000001,107.0,-2.9000000000000004
1698924239817.0,False,90.10000000000001,107.10000000000001,-2.9000000000000004
1698924239849.0,False,90.0,107.2,-2.8000000000000003
1698924239866.0,False,90.0,107.30000000000001,-2.8000000000000003
1698924239932.0,False,90.0,107.2,-2.8000000000000003
1698924239966.0,False,90.10000000000001,107.2,-2.8000000000000003
1698924239982.0,False,90.0,107.10000000000001,-2.8000000000000003
1698924240049.0,False,90.0,107.2,-2.7
1698924240067.0,False,90.0,107.30000000000001,-2.7
1698924240082.0,False,89.9,107.30000000000001,-2.6
1698924240099.0,False,89.9,107.4,-2.5
1698924240184.0,False,89.9,107.60000000000001,-2.3000000000000003
1698924240266.0,False,89.80000000000001,107.60000000000001,-2.2
1698924240283.0,False,89.80000000000001,107.60000000000001,-2.1
1698924240299.0,False,89.7,107.7,-2.1
1698924240316.0,False,89.7,107.7,-2.0
1698924240350.0,False,89.7,107.80000000000001,-1.9000000000000001
1698924240383.0,False,89.60000000000001,107.80000000000001,-1.8
1698924240432.0,False,89.5,108.0,-1.7000000000000002
1698924240450.0,False,89.5,108.0,-1.6
1698924240485.0,False,89.4,108.0,-1.5
1698924240516.0,False,89.30000000000001,108.0,-1.3
1698924240534.0,False,89.30000000000001,108.10000000000001,-1.3
1698924240550.0,False,89.2,108.10000000000001,-1.2000000000000002
1698924240699.0,False,89.30000000000001,108.0,-1.3
1698924240715.0,False,89.30000000000001,108.0,-1.4000000000000001
1698924240766.0,False,89.5,107.9,-1.6
1698924240832.0,False,89.5,107.9,-1.7000000000000002
1698924240932.0,False,89.60000000000001,107.9,-1.9000000000000001
1698924241117.0,False,89.7,107.9,-2.1
1698924241151.0,False,89.80000000000001,107.9,-2.1
1698924241216.0,False,89.9,107.9,-2.2
1698924241266.0,False,89.9,107.9,-2.3000000000000003
1698924241350.0,False,90.0,107.9,-2.4000000000000004
1698924241383.0,False,90.10000000000001,107.9,-2.4000000000000004
1698924241466.0,False,90.0,108.0,-2.4000000000000004
1698924241566.0,False,90.0,108.0,-2.3000000000000003
1698924241650.0,False,89.9,108.0,-2.2
1698924241735.0,False,89.80000000000001,108.0,-2.1
1698924241832.0,False,89.80000000000001,108.10000000000001,-2.1
1698924241982.0,False,89.80000000000001,108.0,-2.1
