ts,alpha,beta,gamma,heading,acc
1698744753172.0,358.2814916167041,37.654181140006756,4.82410315934211,118.38969421386719,40.079158782958984
1698744753188.0,358.26604465425845,37.42118555478574,4.076557361502313,118.38969421386719,40.079158782958984
1698744753205.0,358.27411326858453,37.18403205839896,3.5354817121357027,118.38969421386719,40.079158782958984
1698744753222.0,358.26952223772975,36.83701727800011,2.770519965277447,118.38969421386719,40.079158782958984
1698744753238.0,358.254185543823,36.58073893998684,2.0758022744529803,118.38969421386719,40.079158782958984
1698744753254.0,358.2180951589076,36.307475581035554,1.4310767846723347,119.54792785644531,40.07915496826172
1698744753271.0,358.0801397603971,35.813972842047626,0.8786409398919746,119.54792785644531,40.07915496826172
1698744753288.0,357.87460485285726,35.28599659249924,0.6463930925411224,119.54792785644531,40.07915496826172
1698744753305.0,357.60782068149854,34.71734590230525,0.42533415446537637,119.54792785644531,40.07915496826172
1698744753321.0,357.0421463306666,33.999074129588045,0.30688409980966286,120.708251953125,40.07915496826172
1698744753337.0,356.6521946258126,33.58162826396031,0.23692091474239846,120.708251953125,40.07915496826172
1698744753354.0,356.5249497470443,33.25343069489899,-0.20213551430466806,121.78604125976562,40.07915496826172
1698744753371.0,356.5266302362328,32.556864172149474,-0.6680037673659242,121.78604125976562,40.07915496826172
1698744753388.0,356.63558419269935,32.173798385542476,-1.1032165636349045,121.78604125976562,40.07915496826172
1698744753405.0,356.8188617148856,31.964002447869568,-1.9985643578282315,121.78604125976562,40.07915496826172
1698744753421.0,356.9733597522046,32.036509859710506,-3.8105369558676876,121.78604125976562,40.07915496826172
1698744753438.0,356.94583617491037,32.31874389852398,-5.158047271534358,121.78604125976562,40.07915496826172
1698744753455.0,356.95227961882546,32.60216243989132,-6.305472743984745,123.11402130126953,40.07915496826172
1698744753472.0,356.9318767970935,32.92905344053622,-7.286307474515712,123.11402130126953,40.07915496826172
1698744753487.0,356.60803326451077,33.09426553109354,-7.769494682583753,123.11402130126953,40.07915496826172
1698744753505.0,356.0917564274798,33.13301176835123,-7.69792777277823,123.11402130126953,40.07915496826172
1698744753521.0,355.3808274921289,32.940890818739675,-7.0836268031866965,124.66294860839844,40.079158782958984
1698744753538.0,354.9440198738721,32.72190547003173,-6.575195693916186,124.66294860839844,40.079158782958984
1698744753555.0,354.6105637155006,32.537634263165096,-6.158674452194211,124.66294860839844,40.079158782958984
1698744753571.0,354.3438475370227,32.53809645812942,-5.734363834775277,124.66294860839844,40.079158782958984
1698744753588.0,354.4981816492918,32.87696985834643,-5.482246039310142,124.66294860839844,40.079158782958984
1698744753605.0,354.2415191006803,33.15607903703153,-5.229959947633547,124.66294860839844,40.079158782958984
1698744753621.0,353.234665444908,33.29951762847024,-4.462078895352981,125.82141876220703,40.07916259765625
1698744753638.0,352.66561243973274,33.275894973838795,-3.703071886731833,125.82141876220703,40.07916259765625
1698744753655.0,352.41377083508087,33.160512555406534,-2.9645729413315136,125.82141876220703,40.07916259765625
1698744753671.0,352.50990904400504,33.03828157370504,-2.103870013488148,125.82141876220703,40.07916259765625
1698744753688.0,352.71933533849966,33.09069726751284,-1.6645500529808064,125.82141876220703,40.07916259765625
1698744753705.0,352.8128443764688,33.268299078706804,-1.4409865854570785,125.82141876220703,40.07916259765625
1698744753721.0,352.88363081716807,33.45430733206311,-1.5034153935332146,125.82141876220703,40.07916259765625
1698744753738.0,352.9204257807762,33.43118572457037,-1.6317016817625796,125.82141876220703,40.07916259765625
1698744753755.0,352.9148830210426,33.273996189848155,-1.652114409496118,125.82141876220703,40.07916259765625
1698744753772.0,352.9125617491598,32.9761451548762,-1.4847592007964865,125.82141876220703,40.07916259765625
1698744753788.0,352.9741476492139,32.73805087490396,-1.2769002789467976,125.82141876220703,40.07916259765625
1698744753804.0,353.0624832741206,32.48528949934198,-1.0454566426437,125.82141876220703,40.07916259765625
1698744753821.0,353.14088735844757,32.119802510841645,-0.7639828464944358,125.82141876220703,40.07916259765625
1698744753838.0,353.11680671887524,31.879605968599048,-0.6930678892429899,125.82141876220703,40.07916259765625
1698744753855.0,353.0081215596205,31.72807886621499,-0.8402143387854396,125.82141876220703,40.07916259765625
1698744753871.0,352.80066211989333,31.68644841511955,-1.2962782119610585,125.82141876220703,40.07916259765625
1698744753887.0,352.68746862098175,31.74784008472723,-1.7834972844861086,125.82141876220703,40.07916259765625
1698744753905.0,352.65202565940405,31.890712200942737,-2.370927887960997,125.82141876220703,40.07916259765625
1698744753921.0,352.7205720940184,32.210488535403556,-3.2523861457894023,125.82141876220703,40.07916259765625
1698744753938.0,352.8616600274607,32.46803335457457,-4.000027507796896,125.82141876220703,40.07916259765625
1698744753955.0,353.02070379897833,32.6906162711983,-4.815396019563442,125.82141876220703,40.07916259765625
1698744753971.0,353.1512109681299,33.00272622085138,-6.016772555189758,126.87220001220703,40.07915496826172
1698744753987.0,353.17223941452437,33.32968683427148,-7.073294385947148,126.87220001220703,40.07915496826172
1698744754005.0,353.1372767247263,33.711728530516325,-8.304773011290285,126.87220001220703,40.07915496826172
1698744754022.0,353.06069082186,34.073095633808016,-10.116570678566553,126.87220001220703,40.07915496826172
1698744754038.0,353.056912571662,34.234126927812994,-11.304880289134038,128.51148986816406,40.079158782958984
1698744754055.0,353.1410533080822,34.34473690624259,-12.232724623597274,128.51148986816406,40.079158782958984
1698744754071.0,353.34441861038704,34.41107363684203,-13.109631890987295,128.51148986816406,40.079158782958984
1698744754088.0,353.4743215880295,34.44810788334038,-13.502952398162549,128.51148986816406,40.079158782958984
1698744754105.0,353.5147265422563,34.586120679104084,-13.703919872482714,128.51148986816406,40.079158782958984
1698744754121.0,353.4831532439106,35.24615803757113,-13.893555171501335,128.51148986816406,40.079158782958984
1698744754138.0,353.46206080375333,36.193101283155706,-13.94926358950251,128.51148986816406,40.079158782958984
1698744754155.0,353.4494375881333,37.59557201623204,-13.658311849130707,129.51820373535156,40.079166412353516
1698744754171.0,354.8175900341884,43.41752235675879,-14.269172891718117,129.51820373535156,40.079166412353516
1698744754188.0,355.052283509349,46.138645381354785,-12.928827770861368,129.51820373535156,40.079166412353516
1698744754204.0,355.48955624599535,49.052349189436185,-11.709583580974744,129.51820373535156,40.079166412353516
1698744754221.0,356.5181566692772,52.45970765757609,-10.590420798703496,127.92772674560547,35.8233642578125
1698744754238.0,357.4930309551107,54.3457346387432,-10.103848766283281,126.71088409423828,35.76383972167969
1698744754255.0,358.48014345950986,55.98891908392317,-9.595490117797787,125.31718444824219,35.71937561035156
1698744754272.0,359.77415854796465,58.43260597250968,-8.722179694834633,123.84100341796875,35.685184478759766
1698744754288.0,0.9440071949658455,60.58467842564223,-7.843679270377827,121.9728775024414,35.657352447509766
1698744754305.0,3.482750829321865,63.86738252602217,-6.848203407000999,121.9728775024414,35.657352447509766
1698744754321.0,7.104246647268303,66.63098929902615,-8.209499147476148,119.12206268310547,35.633056640625
1698744754338.0,13.064407187060299,69.41928351420714,-13.172117050426825,115.84323120117188,35.60972595214844
1698744754355.0,25.004859550315715,72.53009685122338,-25.505454152495727,113.22054290771484,35.585811614990234
1698744754371.0,35.7249274374685,73.5590818599841,-37.334823109247566,111.35474395751953,35.56011962890625
1698744754389.0,45.818671128978366,73.66149657122331,-48.433077185530585,109.74700164794922,35.53258514404297
1698744754405.0,57.952527456134746,74.0917491439365,-62.06124993445908,109.74700164794922,35.53258514404297
1698744754421.0,66.80044616585091,74.31414395198577,-71.93844404881895,109.74700164794922,35.53258514404297
1698744754439.0,75.62820300012066,73.92302836264395,-82.48386356487144,109.74700164794922,35.53258514404297
1698744754454.0,267.5275136753021,108.07258719377728,81.53242777783504,109.74700164794922,35.53258514404297
1698744754472.0,276.87038040767237,110.0756447069079,67.99327445812109,112.50568389892578,35.4383544921875
1698744754488.0,286.46091765487705,112.02507714468906,53.91317753822398,117.80408477783203,35.419776916503906
1698744754505.0,297.3132481280961,114.27885314883873,37.7400806564641,117.80408477783203,35.419776916503906
1698744754521.0,302.99291182592884,115.49773748749048,28.60951324457154,125.23584747314453,35.40370559692383
1698744754539.0,306.7901717677553,116.40090720237609,21.20635814921024,133.47238159179688,35.38970947265625
1698744754555.0,310.7605565870077,117.85971588194697,12.565165387239103,142.4868621826172,35.376678466796875
1698744754571.0,313.50976323622154,119.1273243421533,8.109869161786015,150.0395965576172,35.36378479003906
1698744754588.0,316.3755205839863,119.84121462598755,5.683677837788377,152.13516235351562,35.35096740722656
1698744754605.0,317.85476682700994,119.65196678714777,4.726771705429037,152.13516235351562,35.35096740722656
1698744754621.0,319.01950327391467,119.16969956163148,2.533880334971211,152.13516235351562,35.35096740722656
1698744754638.0,320.65217396006875,120.38001551483026,-1.3260255981764177,156.2228546142578,35.32267761230469
1698744754655.0,321.7300791005194,122.49867889445419,-2.826369012657338,160.87460327148438,35.303932189941406
1698744754671.0,321.9726598656389,124.52941860128104,-1.3535935731698536,160.87460327148438,35.303932189941406
1698744754688.0,320.8941612909899,125.45371196828138,3.612964055172727,152.66619873046875,35.24510955810547
1698744754704.0,320.21568961038287,125.95287211994834,6.716374805765143,152.66619873046875,35.24510955810547
1698744754722.0,319.61970072456234,127.03246705582377,7.61796931115453,144.96456909179688,35.19108963012695
1698744754738.0,318.021484795216,127.96107508364854,8.145455529562584,143.4129638671875,35.137542724609375
1698744754755.0,316.79972960363597,128.1672908520916,8.64399301223454,143.4129638671875,35.137542724609375
1698744754771.0,316.2807844105272,128.24462085827238,8.963391754394628,143.4129638671875,35.137542724609375
1698744754788.0,316.85659127172687,128.6869618166114,8.719647986823047,143.4129638671875,35.137542724609375
1698744754805.0,317.66077505145097,129.3522495931041,8.241555946685608,143.4129638671875,35.137542724609375
1698744754821.0,318.27953604694613,130.04735005164102,7.82530560093203,143.4129638671875,35.137542724609375
1698744754838.0,318.738520787335,130.76308580736927,7.51657339944068,143.4129638671875,35.137542724609375
1698744754855.0,319.04882173775263,131.2347498644339,7.23084074069432,143.4129638671875,35.137542724609375
1698744754871.0,319.5352054677918,131.76629091577237,6.773768664582405,143.4129638671875,35.137542724609375
1698744754888.0,320.33235135552974,132.44230249453932,6.113013319680669,143.4129638671875,35.137542724609375
1698744754904.0,320.89874101583035,132.8484421865561,5.70735305879894,143.4129638671875,35.137542724609375
1698744754921.0,321.44418592736116,133.21668817872902,5.311845385261096,143.4129638671875,35.137542724609375
1698744754938.0,322.2012813394749,133.67541608131936,4.784100853766337,144.68856811523438,34.92909622192383
1698744754955.0,322.80030362438146,134.0121735518509,4.381005516464773,144.68856811523438,34.92909622192383
1698744754971.0,323.39132670715634,134.337166530832,3.9952279617086144,144.68856811523438,34.92909622192383
1698744754988.0,324.08000697473983,134.72036821501945,3.5992614392801627,144.68856811523438,34.92909622192383
1698744755005.0,324.5002922817266,135.00575360613934,3.3732547634022745,144.68856811523438,34.92909622192383
1698744755021.0,324.89916583816745,135.30338601390773,3.1563960948674095,144.68856811523438,34.92909622192383
1698744755038.0,325.47826018556935,135.7307665602586,2.8265684333322056,332.01959228515625,34.835838317871094
1698744755055.0,325.86763908974245,136.01783928486603,2.5871339380441833,332.01959228515625,34.835838317871094
1698744755071.0,326.2109921992614,136.22784984999902,2.4198136681890516,332.01959228515625,34.835838317871094
1698744755088.0,326.616446004202,136.3587999690359,2.3927623947412533,330.8458251953125,34.7669677734375
1698744755105.0,326.87382643288726,136.37816839838936,2.443746797785234,330.8458251953125,34.7669677734375
1698744755121.0,327.13325679340795,136.4188520410896,2.442949643581692,330.8458251953125,34.7669677734375
1698744755138.0,327.46327761865734,136.48937632517104,2.3670058746912654,330.8458251953125,34.7669677734375
1698744755154.0,327.7237949810462,136.4874139987057,2.2759419708079043,329.8415832519531,34.66767883300781
1698744755172.0,328.04211039401144,136.46020478561226,2.081061537190115,329.8415832519531,34.66767883300781
1698744755188.0,328.44588940280363,136.4394459768482,1.7299210965583771,329.8415832519531,34.66767883300781
1698744755204.0,328.6595814269901,136.43383648925675,1.53720869885864,329.8415832519531,34.66767883300781
1698744755221.0,328.85469036514996,136.46659096556485,1.3142954099613486,329.8415832519531,34.66767883300781
1698744755238.0,329.08501824682855,136.4763436812119,1.0133599035783791,329.8415832519531,34.66767883300781
1698744755254.0,329.2406676694943,136.44123556555044,0.7811821433175508,328.8045654296875,34.246280670166016
1698744755271.0,329.3842776349945,136.31895563185293,0.5694227816644174,328.8045654296875,34.246280670166016
1698744755288.0,329.63486977331974,136.060505987122,0.2384866553159758,328.8045654296875,34.246280670166016
1698744755305.0,329.79053915508734,135.77905611053308,-0.03528657465825953,328.8045654296875,34.246280670166016
1698744755321.0,329.8860871477461,135.43511771214523,-0.29678194519503465,328.8045654296875,34.246280670166016
1698744755338.0,330.00325485427805,134.92790173677437,-0.7176238686911381,328.8045654296875,34.246280670166016
1698744755355.0,330.11108590974385,134.49865318767047,-1.108623942403888,150.2989959716797,34.170433044433594
1698744755371.0,330.1851576691098,134.00478271739965,-1.5218328526981417,151.41549682617188,34.16051483154297
1698744755388.0,330.2570759484098,133.31633030168072,-2.1450525144763253,152.67401123046875,34.151615142822266
1698744755405.0,330.3226653781276,132.85756956952045,-2.685423460558095,152.67401123046875,34.151615142822266
1698744755422.0,330.426036273562,132.4657133930715,-3.2689403296444564,154.14073181152344,34.143943786621094
1698744755439.0,330.62102847326116,131.98348975284745,-4.02076825239795,155.66831970214844,34.13750457763672
1698744755455.0,330.7923341011815,131.6235289685251,-4.550208587956461,157.02777099609375,34.132083892822266
1698744755471.0,330.9534816638055,131.22425710240265,-5.011068478822075,158.15455627441406,34.12728500366211
1698744755488.0,331.0898363689675,130.60987029040038,-5.494054929292122,158.15455627441406,34.12728500366211
1698744755505.0,331.0828019349286,130.16569883560538,-5.707673884076259,159.48036193847656,34.11866760253906
1698744755522.0,330.975742313437,129.74188525948696,-5.754910783081499,159.48036193847656,34.11866760253906
1698744755538.0,330.7497274829772,129.17223462501238,-5.620851682125897,159.48036193847656,34.11866760253906
1698744755555.0,330.57269201735943,128.78047408666765,-5.447711119426731,159.48036193847656,34.11866760253906
1698744755571.0,330.3817828285863,128.43643334828548,-5.236745772460365,159.48036193847656,34.11866760253906
1698744755588.0,330.12450767554856,128.08306129124904,-4.928434398865574,158.40623474121094,34.10272979736328
1698744755604.0,329.9232965972578,127.90459168715326,-4.681321548868401,158.40623474121094,34.10272979736328
1698744755622.0,329.6813485203634,127.78622190570847,-4.400500725975988,158.40623474121094,34.10272979736328
1698744755638.0,329.35891309769687,127.66719869044083,-3.9921943342695925,158.40623474121094,34.10272979736328
1698744755655.0,329.1772695335109,127.53264427227965,-3.652274979416643,156.90878295898438,34.09092330932617
1698744755671.0,329.01140606645504,127.32386915256644,-3.1912987031855566,156.90878295898438,34.09092330932617
1698744755688.0,328.91987107227254,127.23342190090582,-2.90990371802732,155.40562438964844,34.08306121826172
1698744755705.0,328.87248654502565,127.21228721057805,-2.689414386737629,155.40562438964844,34.08306121826172
1698744755722.0,328.91966019016695,127.26818102991984,-2.4897671578866523,155.40562438964844,34.08306121826172
1698744755738.0,329.0430990780526,127.36425107876367,-2.442664945887123,155.40562438964844,34.08306121826172
1698744755755.0,329.30270433265656,127.38798325233999,-2.5735003362835043,154.15492248535156,34.07064437866211
1698744755771.0,329.51879223997327,127.32920367339406,-2.662892998517921,154.15492248535156,34.07064437866211
1698744755788.0,329.8065414762977,126.96139960773517,-2.7889079274389466,154.15492248535156,34.07064437866211
1698744755822.0,330.0188847281173,126.483966331676,-2.9178401807475254,154.15492248535156,34.07064437866211
1698744755859.0,329.9896480371613,126.32390441828309,-2.5842040533965838,154.15492248535156,34.07064437866211
1698744755876.0,329.8270323016719,126.4704477618318,-2.251843091227447,154.15492248535156,34.07064437866211
1698744755888.0,329.7026713698866,126.5007762811915,-2.033214164587261,152.76177978515625,33.30178451538086
1698744755904.0,329.45227219211193,126.54024597842692,-1.642274171680404,152.76177978515625,33.30178451538086
1698744755922.0,329.2622451749877,126.45123483547204,-1.2744916899221828,151.5787353515625,33.19330978393555
1698744755939.0,329.14573853024024,126.29929621655472,-1.0201662416013348,151.5787353515625,33.19330978393555
1698744755955.0,328.9490426535803,126.07892987273469,-0.6415439663145327,151.5787353515625,33.19330978393555
1698744755975.0,328.74544760267395,125.92335427552673,-0.2553970942765349,150.46926879882812,33.13420486450195
1698744755999.0,328.5573784546743,125.8782026912488,0.022063240941362996,150.46926879882812,33.13420486450195
1698744756012.0,327.69005980743003,125.97256785791768,1.0416339149380662,150.46926879882812,33.13420486450195
1698744756026.0,327.3615413557006,126.02065532366375,1.295003401067044,148.9303741455078,33.05099868774414
1698744756044.0,327.2080017255519,126.09729030708822,1.3405022464529133,148.9303741455078,33.05099868774414
1698744756064.0,326.96339924312207,126.27570871850772,1.252481032321223,148.9303741455078,33.05099868774414
1698744756075.0,326.73338300453275,126.31213441669952,1.1715460992814128,148.9303741455078,33.05099868774414
1698744756087.0,326.44385402958727,126.24887063937018,1.1687323873239892,148.9303741455078,33.05099868774414
1698744756104.0,326.051506069463,126.17726320272031,1.17754813714685,148.9303741455078,33.05099868774414
1698744756126.0,325.73799440139777,126.1460274347496,1.197431718710021,148.9303741455078,33.05099868774414
1698744756138.0,325.4300790722489,126.09922375503793,1.2441108090870037,150.22198486328125,32.686866760253906
1698744756158.0,325.03463830842117,126.00469237212454,1.3318670133410315,150.22198486328125,32.686866760253906
1698744756183.0,324.7373662940842,125.92763724327625,1.4106075814012777,150.22198486328125,32.686866760253906
1698744756189.0,324.44379729750256,125.84091666141522,1.5212541569381204,150.22198486328125,32.686866760253906
1698744756205.0,324.07893994249974,125.69603910294346,1.6942009238891218,150.22198486328125,32.686866760253906
1698744756221.0,323.82285384644564,125.58122348901006,1.843229019431117,150.22198486328125,32.686866760253906
1698744756237.0,323.55441128088256,125.48078098843855,2.02572541848082,150.22198486328125,32.686866760253906
1698744756254.0,323.20722457664397,125.40201803603199,2.2678665966128517,150.22198486328125,32.686866760253906
1698744756271.0,322.94413405729176,125.31827841316708,2.484493030271614,150.22198486328125,32.686866760253906
1698744756287.0,322.7092146703194,125.26545414345709,2.688354697430323,150.22198486328125,32.686866760253906
1698744756304.0,322.4359631395324,125.18113326300453,2.9811918535168376,150.22198486328125,32.686866760253906
1698744756326.0,322.17677163641423,125.10613559722508,3.272416206108944,150.22198486328125,32.686866760253906
1698744756337.0,322.0280120490408,125.04860488178447,3.4468320921901467,150.22198486328125,32.686866760253906
1698744756354.0,321.7481746707718,124.99693624843415,3.813409964732709,150.22198486328125,32.686866760253906
1698744756371.0,321.5192485453984,124.98567961958355,4.09737972972583,149.14064025878906,32.55851364135742
1698744756387.0,321.28626990248506,125.0498788320512,4.369034600307063,149.14064025878906,32.55851364135742
1698744756407.0,320.95634948342365,125.13391288022319,4.7581020781734455,149.14064025878906,32.55851364135742
1698744756424.0,320.7144946027267,125.20292258295292,5.064873962299494,147.84771728515625,32.54377365112305
1698744756440.0,320.36446439736994,125.2972103883352,5.524399604541675,147.84771728515625,32.54377365112305
1698744756457.0,320.064110363019,125.37642588591534,5.904549263514165,147.84771728515625,32.54377365112305
1698744756474.0,319.6892303056763,125.43050665228404,6.44607778494326,146.6824493408203,32.536643981933594
1698744756500.0,319.44643591147667,125.49744365940842,6.879330056005837,146.6824493408203,32.536643981933594
1698744756513.0,319.38124463795316,125.59673233999592,7.125539644770967,146.6824493408203,32.536643981933594
1698744756559.0,319.80847691286755,126.02778690125253,7.616864911006312,144.1511993408203,32.485042572021484
1698744756570.0,320.09790965708237,126.2429351281913,7.721625028095771,144.1511993408203,32.485042572021484
1698744756587.0,320.39143622540576,126.4837636846111,7.806006910217616,144.1511993408203,32.485042572021484
1698744756605.0,320.7529897629173,126.84748407767398,7.8714936900735,142.68731689453125,32.442901611328125
1698744756621.0,321.07392478272465,127.17997066156997,7.8273116217539185,142.68731689453125,32.442901611328125
1698744756655.0,321.419909299015,127.59587807872956,7.698003973547233,141.55581665039062,32.43210220336914
1698744756655.0,321.89901337376745,128.31081107251688,7.352791625649788,141.55581665039062,32.43210220336914
1698744756670.0,322.27225236355406,128.9393013852927,6.989845374784709,141.55581665039062,32.43210220336914
1698744756691.0,322.6657603171484,129.61665533642625,6.567560673583622,141.55581665039062,32.43210220336914
1698744756704.0,323.2414481658958,130.57929998527592,5.946582247673801,141.55581665039062,32.43210220336914
1698744756720.0,323.6898685101443,131.33371177990983,5.476749264975844,141.55581665039062,32.43210220336914
1698744756737.0,324.1397613099456,132.08029310820456,5.055344066989311,141.55581665039062,32.43210220336914
1698744756754.0,324.73681032535495,132.99678476554053,4.594142825354467,142.90478515625,32.40402603149414
1698744756770.0,325.17664988154957,133.5992656281078,4.331171187565773,142.90478515625,32.40402603149414
1698744756787.0,325.6100283047945,134.13691635931852,4.119186878373753,142.90478515625,32.40402603149414
1698744756803.0,326.20548945572256,134.73653900839446,3.9412583540342117,142.90478515625,32.40402603149414
1698744756820.0,326.6421663148461,135.07610996832378,3.887316618088913,142.90478515625,32.40402603149414
1698744756837.0,327.0372726699043,135.36771331681675,3.856408270082924,142.90478515625,32.40402603149414
1698744756853.0,327.4900402148154,135.72010621136755,3.7995371592920772,329.58502197265625,32.36054611206055
1698744756871.0,327.8160318165846,135.973491724061,3.7520683965887702,329.58502197265625,32.36054611206055
1698744756887.0,328.13214648673375,136.2403601569223,3.6915878110587683,329.58502197265625,32.36054611206055
1698744756903.0,328.5063667648731,136.62440077120843,3.566094514231434,328.4613342285156,32.32906723022461
1698744756920.0,328.7447009047005,136.92786563059738,3.4478293192447023,328.4613342285156,32.32906723022461
1698744756937.0,328.9565428718449,137.2320462389195,3.317826929027207,328.4613342285156,32.32906723022461
1698744756954.0,329.213292167774,137.6257410853622,3.110616109646452,328.4613342285156,32.32906723022461
1698744756971.0,329.3966491959594,137.89069162484503,2.938332819640872,328.4613342285156,32.32906723022461
1698744756987.0,329.5733737687383,138.13396050711756,2.7767487417740555,328.4613342285156,32.32906723022461
1698744757004.0,329.79743528000654,138.40102667627662,2.5979677992283543,328.4613342285156,32.32906723022461
1698744757021.0,329.94611618520736,138.5535004640357,2.5097981507878777,327.4215087890625,32.257904052734375
1698744757038.0,330.1039149002261,138.7061925203871,2.4778933510783734,327.4215087890625,32.257904052734375
1698744757054.0,330.1889766988312,138.79910182398976,2.511826771174537,327.4215087890625,32.257904052734375
1698744757072.0,330.2698795896929,138.9046533164918,2.6210776695416764,327.4215087890625,32.257904052734375
1698744757088.0,330.3689568115178,139.16213250114978,2.647736623355156,327.4215087890625,32.257904052734375
1698744757104.0,330.4656164891584,139.37587530651476,2.675706229759261,327.4215087890625,32.257904052734375
1698744757121.0,330.61393954048805,139.6235230794316,2.6531630456901265,327.4215087890625,32.257904052734375
1698744757138.0,330.73423226113226,139.74960560027063,2.7273463119226764,327.4215087890625,32.257904052734375
1698744757156.0,330.7888218593701,139.79637690520755,2.8365471350912292,327.4215087890625,32.257904052734375
1698744757172.0,330.8269780623742,139.8809998043051,3.0026239858139556,327.4215087890625,32.257904052734375
1698744757188.0,330.8209883052393,139.9591924718708,3.107712556075512,326.3775939941406,32.061405181884766
1698744757206.0,330.7855472382257,139.96404723467043,3.205871062443163,326.3775939941406,32.061405181884766
1698744757222.0,330.750932714935,139.94721128271024,3.2623767606358234,326.3775939941406,32.061405181884766
1698744757238.0,330.7346152508216,139.89223211389046,3.239763202054979,326.3775939941406,32.061405181884766
1698744757255.0,330.71362467052916,139.74371782720974,3.162395324744015,326.3775939941406,32.061405181884766
1698744757271.0,330.6978031511305,139.48403504055975,2.8927958527887827,326.3775939941406,32.061405181884766
1698744757288.0,330.6980545484335,139.22977498036278,2.5496434975259894,326.3775939941406,32.061405181884766
1698744757304.0,330.73545507238225,138.82017990348368,2.0470445835936917,326.3775939941406,32.061405181884766
1698744757321.0,330.86229484908904,138.2274467419736,1.0873830695638182,326.3775939941406,32.061405181884766
1698744757338.0,330.9973515818404,137.78456908960143,0.14562640232355709,326.3775939941406,32.061405181884766
1698744757354.0,331.16420772079056,137.3595608174372,-0.990042439068917,326.3775939941406,32.061405181884766
1698744757371.0,331.44871100932716,136.7840074006091,-2.803719350881422,327.6434020996094,31.48908805847168
1698744757388.0,331.6867559126285,136.30470444264196,-4.343281469706619,327.6434020996094,31.48908805847168
1698744757404.0,331.9627062230598,135.7705601782715,-6.062574646851833,328.66748046875,31.35730743408203
1698744757420.0,332.33728862665015,135.15222611460754,-8.01718572454087,165.25552368164062,31.306791305541992
1698744757439.0,333.05070749521593,134.2230132990796,-10.972672887761604,165.25552368164062,31.306791305541992
1698744757454.0,333.74785324917656,133.55279543745596,-13.399400257599387,170.89999389648438,31.268356323242188
1698744757471.0,334.593853637423,133.0269316038819,-15.952347724443005,176.6175537109375,31.238420486450195
1698744757489.0,335.7935727306422,132.58255253960414,-19.377127731332305,182.282958984375,31.21441650390625
1698744757505.0,336.619328564506,132.40090950888774,-21.78402980232792,187.6095733642578,31.193931579589844
1698744757520.0,337.2802443470009,132.34183733730364,-23.8819106934289,192.20947265625,31.17555809020996
1698744757539.0,337.80959187506295,132.53164251229725,-25.998659445582767,192.20947265625,31.17555809020996
1698744757555.0,337.9628213297516,132.88119332352275,-27.000059951330254,195.91082763671875,31.158794403076172
1698744757572.0,338.0022981525199,133.48145510837256,-27.87552332034398,198.64427185058594,31.143224716186523
1698744757587.0,337.95414729591494,133.9231432233058,-28.36106120253179,200.83567810058594,31.128721237182617
1698744757606.0,337.8638716474777,134.24905809143453,-28.72794786388216,202.61590576171875,31.11482810974121
1698744757621.0,337.73882614263897,134.42612315625652,-29.106052002437465,203.7882537841797,31.10120964050293
1698744757638.0,337.59190990325504,134.4479843787422,-29.32552233896201,203.7882537841797,31.10120964050293
1698744757654.0,337.3687079119116,134.38012792769027,-29.41346133512846,203.7882537841797,31.10120964050293
1698744757671.0,337.0128321452143,134.12909539007825,-29.26600065084403,204.8898468017578,31.07472801208496
1698744757688.0,336.6748035857574,133.89618990925263,-28.92339140962991,204.8898468017578,31.07472801208496
1698744757704.0,336.32993747185077,133.59081834729292,-28.487640014602,203.54754638671875,31.04964828491211
1698744757721.0,335.94729575358747,133.07204042089427,-27.906158394453332,202.27581787109375,31.037681579589844
1698744757738.0,335.7110849940748,132.6432427233058,-27.525227153535816,200.97607421875,31.02604866027832
1698744757754.0,335.52907915698256,132.23238276727216,-27.224338154140796,200.97607421875,31.02604866027832
1698744757771.0,335.3480481539611,131.80345448164906,-26.872975615595767,199.88616943359375,31.014652252197266
1698744757788.0,335.2774740646382,131.53158174108273,-26.576873986631806,199.88616943359375,31.014652252197266
1698744757804.0,335.3298247554443,131.21359888974013,-26.20248795395696,197.7181854248047,30.992673873901367
1698744757821.0,335.55235986360987,130.75583476530417,-25.670924185643585,196.0623321533203,30.9824275970459
1698744757838.0,335.74319920941804,130.44376721464963,-25.235037552348086,196.0623321533203,30.9824275970459
1698744757854.0,335.9247845851441,130.17685636955238,-24.795640855840887,194.31448364257812,30.97271156311035
1698744757871.0,336.1494617349076,129.98627640671197,-24.330279211473513,192.68048095703125,30.96343994140625
1698744757887.0,336.2973526503792,129.94324869875248,-24.09601397532734,191.54161071777344,30.95442771911621
1698744757904.0,336.4718531940727,129.97661042398568,-23.932411505158196,191.54161071777344,30.95442771911621
1698744757921.0,336.6591019480706,130.08748712780044,-23.65934940469582,190.3002471923828,30.93657684326172
1698744757937.0,336.634699226031,130.06933112628215,-23.204636350513717,189.27610778808594,30.927642822265625
1698744757954.0,336.47535377808464,129.90773170533845,-22.517217635147603,189.27610778808594,30.927642822265625
1698744757971.0,336.03191665701416,129.5561485797157,-21.25276730022595,187.4764862060547,30.918859481811523
1698744757987.0,335.49981166194164,129.21471611387864,-20.025446420795262,185.06195068359375,30.910215377807617
1698744758004.0,334.74028250524304,128.85995332855995,-18.500261328316796,182.0270538330078,30.90166473388672
1698744758021.0,333.34162578049086,128.47430728157647,-15.978053580307153,178.3887481689453,30.89322853088379
1698744758038.0,332.0702141706014,128.3232590718343,-13.824350618779317,174.3563690185547,30.8848934173584
1698744758054.0,330.7942690221409,128.21693928023615,-11.632001711258685,174.3563690185547,30.8848934173584
1698744758071.0,329.32569984586354,127.85801946068985,-8.690009906383468,170.13726806640625,30.876567840576172
1698744758087.0,328.40802547930514,127.43078656614355,-6.384835348084892,165.39990234375,30.86814308166504
1698744758105.0,327.6546379679275,127.01143823056113,-4.045841540305124,160.11183166503906,30.859539031982422
1698744758121.0,326.48301820458704,126.58886965253373,-0.762833630943086,154.71038818359375,30.850587844848633
1698744758137.0,325.4475351110051,126.38567427596276,1.7558106022877946,149.39535522460938,30.84096908569336
1698744758154.0,324.4804043174862,126.31789936746948,4.030783012337756,149.39535522460938,30.84096908569336
1698744758171.0,323.32051168423294,126.49382850078881,6.64142815975519,144.819091796875,30.83039093017578
1698744758191.0,322.49218862331776,126.7597107803791,8.336591907372409,140.9567413330078,30.818458557128906
1698744758260.0,317.03957075071753,126.38239060123234,15.690892984793377,131.0543975830078,30.761327743530273
1698744758271.0,316.6592356230623,126.20798045601357,16.128555259426122,131.0543975830078,30.761327743530273
1698744758287.0,316.5830717055421,126.09909603906908,16.21945005269757,131.0543975830078,30.761327743530273
1698744758304.0,316.91849878722843,126.23048059577077,15.842060089520443,131.0543975830078,30.761327743530273
1698744758321.0,317.5926548445173,126.6127342923393,15.08165987576477,131.0543975830078,30.761327743530273
1698744758337.0,318.0800504217672,126.88178404939053,14.502728679268635,131.0543975830078,30.761327743530273
1698744758355.0,318.57345013896906,127.0904791812466,13.902048230862533,131.0543975830078,30.761327743530273
1698744758371.0,319.3749347765688,127.27628154816867,12.959189967169674,132.41453552246094,30.66880226135254
1698744758388.0,320.0535400135431,127.34047502975535,12.196649245966636,132.41453552246094,30.66880226135254
1698744758404.0,320.9026485436685,127.35552976339496,11.205941404747929,134.4376983642578,30.628856658935547
1698744758421.0,321.4571907659206,127.35437075450812,10.520213795021084,135.5148162841797,30.606801986694336
1698744758438.0,321.9978605653485,127.36792845967204,9.825414369829137,136.60104370117188,30.583019256591797
1698744758455.0,322.75132038525146,127.35714738836263,8.732573397163543,136.60104370117188,30.583019256591797
1698744758471.0,323.31282213061655,127.34049057030398,7.7233635737096,138.01748657226562,30.557050704956055
1698744758487.0,323.87671886584434,127.34833111298902,6.52819820528069,140.03378295898438,30.527671813964844
1698744758505.0,324.56003487465193,127.39689510001402,4.801168644329184,142.646484375,30.49139976501465
1698744758521.0,325.0021422836843,127.50976415988364,3.455637574374457,145.54502868652344,30.436046600341797
1698744758538.0,325.3828584843616,127.72385460439948,2.1202010238047553,145.54502868652344,30.436046600341797
1698744758556.0,325.91872547055124,128.17902993504356,0.37113966455518055,148.61497497558594,30.258350372314453
1698744758575.0,326.2967639482962,128.4458627008127,-0.7843558223426446,151.6341552734375,30.17905044555664
1698744758589.0,326.61620670279257,128.49063796808966,-1.829831318927488,154.27320861816406,30.150630950927734
1698744758606.0,326.9499606954162,128.36537235977585,-3.1327862183558812,156.68429565429688,30.131441116333008
1698744758621.0,327.12573611093427,128.35287952561956,-4.009984139195067,158.9330596923828,30.116519927978516
1698744758638.0,327.2346351560005,128.3632769258482,-5.059358209514106,161.01638793945312,30.104642868041992
1698744758655.0,327.26147142618265,128.2907062267904,-5.7590522549610705,161.01638793945312,30.104642868041992
1698744758671.0,327.28287937970305,128.14298318024137,-6.399602948955888,162.90711975097656,30.094581604003906
1698744758691.0,327.41124838567663,127.85116438108565,-7.248086882477341,164.5484161376953,30.08551597595215
1698744758704.0,327.61061631781047,127.56588863237461,-7.880146522527112,165.99244689941406,30.077041625976562
1698744758721.0,327.8481332074617,127.28706375901518,-8.523120998560392,167.2539825439453,30.068849563598633
1698744758738.0,328.2194803139337,127.07529349973395,-9.494275073580209,168.6412811279297,30.060821533203125
1698744758754.0,328.6508789383876,127.04895578746394,-10.367401290264164,168.6412811279297,30.060821533203125
1698744758771.0,329.2840625071544,127.0362269731088,-11.368385092973222,170.3125457763672,30.05316734313965
1698744758789.0,330.3544347358774,126.95364199325775,-12.756715256944231,172.05384826660156,30.045841217041016
1698744758805.0,331.1792373863548,126.831653678093,-13.717702887426805,173.54946899414062,30.03849220275879
1698744758821.0,331.88850321239,126.72601200374304,-14.569894570950789,174.74441528320312,30.030879974365234
1698744758838.0,332.6421052937596,126.71411858812041,-15.553053770678138,175.8550262451172,30.02306365966797
1698744758856.0,333.1350389110616,126.78352490183508,-16.20954289554447,175.8550262451172,30.02306365966797
1698744758871.0,333.5492292122785,126.93584421569298,-16.78096030420521,176.92002868652344,30.01514434814453
1698744758888.0,333.97119388041904,127.30930618344429,-17.428117990005024,177.9425811767578,30.00697898864746
1698744758905.0,334.2309356682737,127.69079280287306,-17.842863026301654,179.00958251953125,29.998422622680664
1698744758921.0,334.4672449245788,128.083153891126,-18.177844476993354,180.01487731933594,29.9893798828125
1698744758938.0,334.73806547549987,128.57256793901445,-18.493204636381257,180.01487731933594,29.9893798828125
1698744758955.0,334.8906468323614,128.90208193123823,-18.60242686773813,180.01487731933594,29.9893798828125
1698744758972.0,334.9935869202364,129.20562816208715,-18.581928127182863,181.2504425048828,29.96930694580078
1698744758988.0,335.0445555443803,129.54314502830158,-18.366342893240635,181.2504425048828,29.96930694580078
1698744759005.0,335.03079774594124,129.76246075114034,-18.11899593208541,181.2504425048828,29.96930694580078
1698744759021.0,334.995601402432,129.96666372575473,-17.817139982892062,181.2504425048828,29.96930694580078
1698744759038.0,334.9331940897666,130.14154483548063,-17.28794752506156,179.85667419433594,29.905044555664062
1698744759055.0,334.83601290117724,130.157746263504,-16.758071071796355,179.85667419433594,29.905044555664062
1698744759072.0,334.6668594629613,130.08951775155305,-16.104067754328305,178.65899658203125,29.859405517578125
1698744759088.0,334.3473722306512,129.97943242831585,-15.101402857419712,177.0308380126953,29.759469985961914
1698744759105.0,334.0446066363908,129.9421084493597,-14.245444058381713,175.21807861328125,29.73905372619629
1698744759122.0,333.7326008993982,129.95126875143512,-13.338735771897724,173.22193908691406,29.729026794433594
1698744759138.0,333.3220530498207,130.02157710208806,-12.091971043949695,171.1290740966797,29.72237777709961
1698744759155.0,333.0144682686139,130.16262442759862,-11.14614725593581,171.1290740966797,29.72237777709961
1698744759172.0,332.7302048939195,130.419585985626,-10.213629966903744,169.02525329589844,29.717267990112305
1698744759188.0,332.3953477064196,130.85990964225857,-9.075574359371364,166.99459838867188,29.712860107421875
1698744759205.0,332.1681921950118,131.23185502813757,-8.339826534356336,165.19398498535156,29.708730697631836
1698744759221.0,331.9332322490852,131.68364963976376,-7.7086286454728405,163.7581787109375,29.704612731933594
1698744759238.0,331.6254643194185,132.4142858530813,-7.060264383649498,163.7581787109375,29.704612731933594
1698744759255.0,331.4463227354344,133.05768693286643,-6.711612639116188,163.7581787109375,29.704612731933594
1698744759271.0,331.3280538976267,133.78058685861043,-6.457760440724587,162.2519989013672,29.695751190185547
1698744759288.0,331.2350714289341,134.811994785009,-6.17014205996397,162.2519989013672,29.695751190185547
1698744759305.0,331.152668581664,135.60426159268138,-5.8969259394887805,162.2519989013672,29.695751190185547
1698744759321.0,331.0196462130067,136.31257701002394,-5.5386881660943885,329.5321960449219,29.679094314575195
1698744759337.0,330.7397881645031,136.89185468570707,-4.8915199272309575,329.5321960449219,29.679094314575195
1698744759355.0,330.5177146134427,137.02437097217756,-4.305009979002953,329.5321960449219,29.679094314575195
1698744759371.0,330.3705233155741,137.01307191486868,-3.6704426240443695,329.5321960449219,29.679094314575195
1698744759388.0,330.2903145823453,136.89807568768296,-2.710007768209009,329.5321960449219,29.679094314575195
1698744759405.0,330.28658339594244,136.79160843513753,-2.0219753701253276,329.5321960449219,29.679094314575195
1698744759422.0,330.3326529019157,136.7757307039999,-1.4517779244502245,329.5321960449219,29.679094314575195
1698744759438.0,330.49618332587136,136.9767693658603,-0.8827138550379223,328.2711181640625,29.63957977294922
1698744759455.0,330.69179430756765,137.23628104334017,-0.5635109171191853,328.2711181640625,29.63957977294922
1698744759472.0,330.9225000524916,137.5275940016415,-0.3042011327414768,328.2711181640625,29.63957977294922
1698744759487.0,331.2310969580766,137.85460267587726,-0.03365350257837257,328.2711181640625,29.63957977294922
1698744759503.0,331.4666848254403,138.03358479010708,0.11360512973643391,327.0023498535156,29.62148666381836
1698744759521.0,331.74884715537127,138.2142350156932,0.2153375248916748,327.0023498535156,29.62148666381836
1698744759538.0,332.2417594745189,138.47475284425906,0.28710723385074105,327.0023498535156,29.62148666381836
1698744759555.0,332.6992231332221,138.67488102476634,0.30760655804334364,325.5019226074219,29.606212615966797
1698744759572.0,333.2404759603375,138.8967199541859,0.2742692108471886,325.5019226074219,29.606212615966797
1698744759588.0,334.0727484406394,139.1723496672387,0.21438588496705538,325.5019226074219,29.606212615966797
1698744759606.0,335.0271571412855,139.4104693226653,0.16560923504249506,323.93951416015625,29.597545623779297
1698744759621.0,335.53526350310983,139.5234506472436,0.1253574066520184,323.93951416015625,29.597545623779297
1698744759638.0,336.6118281202799,139.78221819375878,0.02490947677720928,321.9611511230469,29.589797973632812
1698744759655.0,337.43421916501046,140.0225190198117,-0.07924561095694087,320.9117431640625,29.586132049560547
1698744759673.0,338.4628370006786,140.37769413226627,-0.2414987244103471,320.9117431640625,29.586132049560547
1698744759688.0,339.15700601070637,140.65632297169603,-0.36614693718505337,320.9117431640625,29.586132049560547
1698744759705.0,339.7865780496769,140.9207986962694,-0.5033331383001354,319.0893859863281,29.579120635986328
1698744759721.0,340.5363239139147,141.2104058743381,-0.7341094904493438,319.0893859863281,29.579120635986328
1698744759739.0,341.0369423829921,141.37742739515426,-0.9438155519179853,317.7469787597656,29.572500228881836
1698744759755.0,341.4883150202645,141.5265844691985,-1.167801751683711,317.7469787597656,29.572500228881836
1698744759772.0,341.9796916980615,141.7215552355133,-1.4444996891106028,317.7469787597656,29.572500228881836
1698744759788.0,342.24806830874286,141.84317616736018,-1.5903664849283652,317.7469787597656,29.572500228881836
1698744759804.0,342.4373781180925,141.95125003774254,-1.705004282265494,316.56109619140625,29.562772750854492
1698744759821.0,342.55334142057677,142.06288002784044,-1.8026562418085554,316.56109619140625,29.562772750854492
1698744759838.0,342.6219874322466,142.20569963187802,-1.9158507738960684,316.56109619140625,29.562772750854492
1698744759855.0,342.6085639149736,142.30780745046465,-1.984468472936363,316.56109619140625,29.562772750854492
1698744759871.0,342.48728736289655,142.41357412884201,-2.018614677868692,316.56109619140625,29.562772750854492
1698744759888.0,342.33169024616404,142.44308984526324,-1.991793677676945,316.56109619140625,29.562772750854492
1698744759905.0,342.1527235939128,142.51649487085695,-1.929635181604325,316.56109619140625,29.562772750854492
1698744759921.0,341.9372143413235,142.54796742605237,-1.814690950997495,316.56109619140625,29.562772750854492
1698744759937.0,341.7955704901725,142.5345207079393,-1.73214555291705,316.56109619140625,29.562772750854492
1698744759955.0,341.64741548085755,142.51394890400343,-1.6745787657312519,316.56109619140625,29.562772750854492
1698744759971.0,341.52425757131704,142.46622825038537,-1.61790534358753,316.56109619140625,29.562772750854492
1698744759988.0,341.38931709978334,142.35693739512513,-1.560041520442733,316.56109619140625,29.562772750854492
1698744760004.0,341.27629642266646,142.26906226030337,-1.5466331181659587,316.56109619140625,29.562772750854492
1698744760021.0,341.1506316704982,142.13133065359398,-1.5714433602511664,317.6396484375,28.90975570678711
1698744760039.0,341.07732431532247,142.01393594565232,-1.609071739865769,317.6396484375,28.90975570678711
1698744760055.0,341.0195050053114,141.83847839504298,-1.6836285675487612,317.6396484375,28.90975570678711
1698744760072.0,341.00552657297254,141.72127633642967,-1.7199613754114544,317.6396484375,28.90975570678711
1698744760087.0,340.97672063581643,141.48654325527465,-1.7545197110879647,317.6396484375,28.90975570678711
1698744760105.0,340.93616231314036,141.23176083452438,-1.7769189159608179,317.6396484375,28.90975570678711
1698744760121.0,340.9120176329555,141.02587156603664,-1.7867249775746208,317.6396484375,28.90975570678711
1698744760138.0,340.8873697850889,140.84153266250348,-1.7753775986253142,317.6396484375,28.90975570678711
1698744760155.0,340.8336438314903,140.64024400337073,-1.736824336330515,317.6396484375,28.90975570678711
1698744760171.0,340.75213069613255,140.52105449668562,-1.6766088221806383,317.6396484375,28.90975570678711
1698744760188.0,340.6689064687474,140.4135256114675,-1.6302307776768408,317.6396484375,28.90975570678711
1698744760204.0,340.5657930772315,140.2863901057799,-1.5677945631684678,317.6396484375,28.90975570678711
1698744760221.0,340.46130260275595,140.16272507906314,-1.5140185736323994,317.6396484375,28.90975570678711
1698744760240.0,340.39518010936257,140.0723431964417,-1.5098774162120283,317.6396484375,28.90975570678711
1698744760254.0,340.3217107550017,139.93906351885533,-1.5689230040668116,317.6396484375,28.90975570678711
1698744760273.0,340.2858097715668,139.82915502416847,-1.6426454408231308,317.6396484375,28.90975570678711
1698744760287.0,340.25326251353226,139.7380279818373,-1.7002157616360694,317.6396484375,28.90975570678711
1698744760306.0,340.1938436636332,139.6452725735721,-1.727244663478484,318.7050476074219,27.633304595947266
1698744760321.0,340.1280940509623,139.57833806836254,-1.7208958050516232,318.7050476074219,27.633304595947266
1698744760340.0,340.0598581894646,139.5296907399934,-1.7132088901497167,318.7050476074219,27.633304595947266
1698744760355.0,339.9703085396089,139.4424680560508,-1.6779058832880893,318.7050476074219,27.633304595947266
1698744760372.0,339.91124121344325,139.3642361038783,-1.6205786616340512,318.7050476074219,27.633304595947266
1698744760389.0,339.84534326338996,139.30966387077424,-1.5439049528297872,318.7050476074219,27.633304595947266
1698744760404.0,339.74747363533766,139.25640670859713,-1.4516576172324924,318.7050476074219,27.633304595947266
1698744760421.0,339.68282205715514,139.21577546768003,-1.3835126162663782,318.7050476074219,27.633304595947266
1698744760438.0,339.6297879943575,139.21240291942658,-1.314205461752331,318.7050476074219,27.633304595947266
1698744760455.0,339.56462483143173,139.20562487545448,-1.230848504167255,318.7050476074219,27.633304595947266
1698744760472.0,339.51490242757166,139.1864849524579,-1.1732927763831682,318.7050476074219,27.633304595947266
1698744760488.0,339.4619653224418,139.16247442906354,-1.1218050980584608,318.7050476074219,27.633304595947266
1698744760505.0,339.38451253562766,139.10109944963912,-1.0697860192080417,318.7050476074219,27.633304595947266
1698744760521.0,339.33828438823343,139.05772630333064,-1.0658857170837925,318.7050476074219,27.633304595947266
1698744760538.0,339.3120208569945,139.04355678700162,-1.0904192104773975,318.7050476074219,27.633304595947266
1698744760555.0,339.2854822773894,139.03000838974108,-1.1611492688984177,318.7050476074219,27.633304595947266
1698744760571.0,339.2603207949993,139.02003779816303,-1.2190813328169183,318.7050476074219,27.633304595947266
1698744760588.0,339.2342971774345,139.02487362461255,-1.2949703680006965,318.7050476074219,27.633304595947266
1698744760605.0,339.17562680326074,139.0252855675265,-1.384320426290411,318.7050476074219,27.633304595947266
1698744760621.0,339.121414322813,139.01476164305123,-1.4271188315588692,318.7050476074219,27.633304595947266
1698744760638.0,339.0596000598841,139.01133504486197,-1.4505882325703032,319.7754211425781,27.5257568359375
1698744760655.0,338.9197549155834,139.00648345680347,-1.4097965893624342,319.7754211425781,27.5257568359375
1698744760671.0,338.763122736212,138.9913989911105,-1.329497285475389,319.7754211425781,27.5257568359375
1698744760688.0,338.57103894612095,138.96294776929844,-1.2300658855287208,319.7754211425781,27.5257568359375
1698744760705.0,338.2622513434944,138.88525273615736,-1.0932868842736707,319.7754211425781,27.5257568359375
1698744760721.0,338.01970534397583,138.82976374542818,-1.0045554998664739,319.7754211425781,27.5257568359375
1698744760738.0,337.7386091119881,138.7607587227971,-0.8861116215033294,320.82855224609375,27.437036514282227
1698744760755.0,337.3220801373955,138.653450728793,-0.6749203879985677,320.82855224609375,27.437036514282227
1698744760772.0,336.9683461599778,138.56997374292655,-0.4479982004568524,320.82855224609375,27.437036514282227
1698744760788.0,336.5603794435923,138.47243308041308,-0.1381735424354338,320.82855224609375,27.437036514282227
1698744760804.0,335.94991072823547,138.36594709537079,0.32232423449335645,321.91033935546875,27.401308059692383
1698744760822.0,335.4357027456713,138.27294100952645,0.6919432382685193,321.91033935546875,27.401308059692383
1698744760839.0,334.890270446404,138.16982342464823,1.0775521566132917,321.91033935546875,27.401308059692383
1698744760855.0,334.1346470472858,138.00972354279224,1.5647737964112274,323.4375915527344,27.396459579467773
1698744760871.0,333.5848543079976,137.90916809193385,1.8976880344721587,323.4375915527344,27.396459579467773
1698744760888.0,333.09091542345715,137.8389600341091,2.192789429023095,323.4375915527344,27.396459579467773
1698744760905.0,332.49590257022004,137.76066794675626,2.509308895524548,324.50103759765625,27.395702362060547
1698744760921.0,332.0863229715397,137.7094272223237,2.6984280634880795,324.50103759765625,27.395702362060547
1698744760938.0,331.7083657809967,137.65901727613218,2.8725415738496225,324.50103759765625,27.395702362060547
1698744760955.0,331.2571190996754,137.58894280832598,3.071248753110508,325.779052734375,27.394636154174805
1698744760971.0,330.9591894407061,137.54406170347065,3.1826500324408764,325.779052734375,27.394636154174805
1698744760987.0,330.68308089864996,137.4980964504145,3.2816136317503934,325.779052734375,27.394636154174805
1698744761005.0,330.3188422655362,137.43050721269353,3.4316022258501153,325.779052734375,27.394636154174805
1698744761021.0,330.0502991583459,137.38197016807032,3.5508469635953768,325.779052734375,27.394636154174805
1698744761038.0,329.7911501256638,137.33504220149297,3.6819903955155744,327.0204772949219,27.39324188232422
1698744761054.0,329.45546662348255,137.26246546455988,3.8853768424970077,327.0204772949219,27.39324188232422
1698744761070.0,329.20593579813374,137.19308953747137,4.058067444643834,327.0204772949219,27.39324188232422
1698744761088.0,328.8815701839748,137.09087173016835,4.295272321965211,327.0204772949219,27.39324188232422
1698744761105.0,328.65394470661977,137.02348795809385,4.470853342306584,327.0204772949219,27.39324188232422
1698744761121.0,328.4557298306067,136.96532462708853,4.6222994891768225,327.0204772949219,27.39324188232422
1698744761138.0,328.2727618526941,136.92212949753994,4.753054340218623,328.12567138671875,27.375408172607422
1698744761155.0,328.0765638026803,136.87772988512677,4.886891583007917,328.12567138671875,27.375408172607422
1698744761171.0,327.9599173998782,136.85188936006415,4.9605778433961785,328.12567138671875,27.375408172607422
1698744761188.0,327.849926637046,136.84829349162828,5.018917610167423,328.12567138671875,27.375408172607422
1698744761205.0,327.7972400200314,136.86508895326102,5.048616443895281,328.12567138671875,27.375408172607422
1698744761221.0,327.7704455202094,136.8903110342016,5.0713176032077305,328.12567138671875,27.375408172607422
1698744761238.0,327.7799439557021,136.91924975604493,5.080076897225766,328.12567138671875,27.375408172607422
1698744761254.0,327.82298311690306,136.94110402148172,5.109369308164191,328.12567138671875,27.375408172607422
1698744761272.0,327.85734641117494,136.9294788648463,5.162340306247653,328.12567138671875,27.375408172607422
1698744761288.0,327.88352398409506,136.87526992516544,5.264616838770148,328.12567138671875,27.375408172607422
1698744761305.0,327.8975946254347,136.82804346497096,5.337615152649846,328.12567138671875,27.375408172607422
1698744761321.0,327.909219403226,136.76417022471847,5.458025278713916,328.12567138671875,27.375408172607422
1698744761338.0,327.9073791080703,136.7017339370201,5.5736260135556295,328.12567138671875,27.375408172607422
1698744761355.0,327.87848475733375,136.6134282840636,5.725602356929628,328.12567138671875,27.375408172607422
1698744761371.0,327.8448606564958,136.5209198227718,5.864477891747349,328.12567138671875,27.375408172607422
1698744761388.0,327.8395360057578,136.43190544755464,6.031903534378129,328.12567138671875,27.375408172607422
1698744761405.0,327.8456847027303,136.37254726582373,6.16310123749393,328.12567138671875,27.375408172607422
1698744761422.0,327.8452196898664,136.2892660825911,6.358082972492803,328.12567138671875,27.375408172607422
1698744761438.0,327.84286209428427,136.19119941631516,6.513001174360671,328.12567138671875,27.375408172607422
1698744761455.0,327.8043937407367,136.00677726735444,6.701008557786813,328.12567138671875,27.375408172607422
1698744761471.0,327.7258851385274,135.60716145438434,7.002197206291707,328.12567138671875,27.375408172607422
1698744761488.0,327.68166315816467,135.15457581340013,7.290847590483286,328.12567138671875,27.375408172607422
1698744761505.0,327.60256707485644,134.5454227578848,7.705149747710559,133.08099365234375,27.249698638916016
1698744761522.0,327.35917116115695,133.71601909755648,8.527901256928928,133.08099365234375,27.249698638916016
1698744761540.0,327.00646256889183,133.1946500439299,9.401201569519381,130.75390625,27.249303817749023
1698744761555.0,326.38431958656247,132.72479346919775,10.748649036508827,128.50637817382812,27.249099731445312
1698744761571.0,325.29877879921867,132.06945336170307,13.347371023464762,124.63909912109375,27.24888801574707
1698744761588.0,324.4945511982555,131.2505369879313,15.748727868941888,124.63909912109375,27.24888801574707
1698744761605.0,323.42452764700016,129.8877949514055,18.779640442906015,119.87275695800781,27.248672485351562
1698744761621.0,320.8271313977548,127.23949062608332,24.100804907956157,114.6423110961914,27.248462677001953
1698744761639.0,317.73072457343477,124.93671826680715,29.061372089840173,109.76013946533203,27.248260498046875
1698744761655.0,314.1325524958313,122.67660055848924,34.255328816676126,106.0580825805664,27.248065948486328
1698744761671.0,308.9748987701249,119.97549366688472,41.341467356545984,103.57496643066406,27.247873306274414
1698744761688.0,304.87793430005615,118.23413755040713,46.881322554446584,103.57496643066406,27.247873306274414
1698744761705.0,300.51716872527976,116.73209422260122,52.65387565247099,101.55841064453125,27.247678756713867
1698744761722.0,294.1728718984302,115.06730888841163,60.62690635186619,99.87663269042969,27.24747657775879
1698744761738.0,289.07308847485257,114.0782704759415,66.646243476134,98.76744842529297,27.247257232666016
1698744761754.0,283.6731737000001,113.35687888440687,72.72182497538404,98.76744842529297,27.247257232666016
1698744761771.0,276.00847816758716,112.91554876944048,81.02591030545175,98.76744842529297,27.247257232666016
1698744761788.0,270.10088511240247,112.97517809086419,87.18968793938427,98.76744842529297,27.247257232666016
1698744761805.0,84.22396862890008,66.66821280878922,-86.87770301609254,98.76744842529297,27.247257232666016
1698744761821.0,76.56531805010374,65.7833717399408,-79.29745355849766,98.76744842529297,27.247257232666016
1698744761837.0,70.93867839219199,64.83406738623358,-73.76188682629055,98.76744842529297,27.247257232666016
1698744761855.0,65.2438003248152,63.60331144265386,-68.15856255361122,98.76744842529297,27.247257232666016
1698744761871.0,57.424079116099826,61.37227011861498,-60.49014719110958,97.3087158203125,23.865022659301758
1698744761888.0,51.71952263010287,59.21699672417875,-54.88694733474523,97.3087158203125,23.865022659301758
1698744761905.0,46.38186562895891,56.676022424760546,-49.701041035324636,97.3087158203125,23.865022659301758
1698744761921.0,40.018911309716984,53.0032309278097,-43.74451847376688,98.7188949584961,22.059547424316406
1698744761938.0,35.92076259423383,50.3590727852239,-40.150487327253714,98.7188949584961,22.059547424316406
1698744761954.0,32.4633533088751,48.04586306849066,-37.30427343531344,100.75953674316406,20.89301300048828
1698744761971.0,28.775336230694318,45.73329041551765,-34.49095365326378,102.24588775634766,20.839618682861328
1698744761988.0,26.54616516285677,44.48668645763109,-32.88078836133401,103.69415283203125,20.839214324951172
1698744762005.0,24.66981563746983,43.5183802320324,-31.48070611758085,103.69415283203125,20.839214324951172
1698744762021.0,22.418217319426127,42.35324189947873,-29.47046312080722,104.93234252929688,20.839096069335938
1698744762038.0,20.769096076174247,41.412993204138935,-27.638050215173276,104.93234252929688,20.839096069335938
1698744762055.0,19.18133605864788,40.41707747894065,-25.696826942840158,106.71144104003906,20.838977813720703
1698744762071.0,17.32382087923351,39.20545988182259,-23.41725166142163,106.71144104003906,20.838977813720703
1698744762088.0,16.175162747273678,38.52030666199748,-22.052859262608095,108.0927734375,20.83890724182129
1698744762105.0,15.230039817036703,38.07880646940574,-20.90308016792386,108.0927734375,20.83890724182129
1698744762121.0,14.273803486945374,37.86500196475689,-19.503455564667007,108.0927734375,20.83890724182129
1698744762138.0,13.769822023642934,37.949095964266945,-18.547091757010612,108.0927734375,20.83890724182129
1698744762155.0,13.402166507104507,38.22793469400786,-17.765476617914686,109.22721099853516,20.838834762573242
1698744762171.0,12.982245251074398,38.76012133812332,-17.009435541099872,109.22721099853516,20.838834762573242
1698744762188.0,12.609754567365092,39.10985770492298,-16.459660641701596,109.22721099853516,20.838834762573242
1698744762205.0,12.102656204542487,39.27012270421614,-15.851890894293081,109.22721099853516,20.838834762573242
1698744762221.0,11.107697073986694,39.14562332643348,-14.941637386012415,109.22721099853516,20.838834762573242
1698744762238.0,10.158074706704152,38.98541124279242,-14.227128778588053,110.9163818359375,20.838764190673828
1698744762255.0,9.165949101154888,38.99911898591928,-13.659341186956537,110.9163818359375,20.838764190673828
1698744762271.0,7.8921277796149605,39.47819524341137,-13.243791589397585,113.0513916015625,20.838729858398438
1698744762288.0,7.039554292092202,40.157013357393026,-13.047158157050294,114.2252197265625,20.83871078491211
1698744762305.0,6.376088778403407,40.97021716856345,-12.831188354768647,114.2252197265625,20.83871078491211
1698744762321.0,5.758982194765912,42.00385350516743,-12.330406409483745,114.2252197265625,20.83871078491211
1698744762338.0,5.38797437631713,42.66133561989185,-11.712856740627334,115.55565643310547,20.83867645263672
1698744762355.0,5.090619717142664,43.22207004874629,-10.964967205544731,115.55565643310547,20.83867645263672
1698744762371.0,4.863021081903988,43.967069173444855,-10.075542697781627,115.55565643310547,20.83867645263672
1698744762388.0,4.826140510499408,44.634429535630424,-9.59110260793143,115.55565643310547,20.83867645263672
1698744762405.0,4.875011652826296,45.39424000122307,-9.283724000008993,115.55565643310547,20.83867645263672
1698744762421.0,5.077680799350799,46.53524699747885,-9.1550581134271,115.55565643310547,20.83867645263672
1698744762438.0,5.328070705453362,47.445955141330565,-9.236515553715636,115.55565643310547,20.83867645263672
1698744762455.0,5.753140754713211,48.57441310881015,-9.452204881954751,115.55565643310547,20.83867645263672
1698744762471.0,6.093494886548314,49.29590992566636,-9.685006061684055,115.55565643310547,20.83867645263672
1698744762488.0,6.289907784217918,49.976843526864684,-10.074558568810904,115.55565643310547,20.83867645263672
1698744762504.0,6.255073644651497,50.609733312372185,-10.39006684247183,115.55565643310547,20.83867645263672
1698744762521.0,5.939858727832407,51.17186099097079,-10.400215818701854,115.55565643310547,20.83867645263672
1698744762538.0,5.70730833289919,51.404855606695726,-10.315381453669849,115.55565643310547,20.83867645263672
1698744762554.0,5.51907620639531,51.595899081938796,-10.217825799723332,115.55565643310547,20.83867645263672
1698744762571.0,5.492801813298653,51.64699657155721,-10.142552399977253,115.55565643310547,20.83867645263672
1698744762588.0,5.495472128384439,51.63906368989068,-10.076333039722083,115.55565643310547,20.83867645263672
1698744762605.0,5.443790485782232,51.58442462139835,-9.985646079409412,115.55565643310547,20.83867645263672
1698744762621.0,5.3600928468362845,51.57519608333686,-9.962272248403737,115.55565643310547,20.83867645263672
1698744762638.0,5.284317106608613,51.57665816519751,-9.95607283684543,115.55565643310547,20.83867645263672
1698744762655.0,5.2778128649583085,51.55484747368741,-9.961001202808298,115.55565643310547,20.83867645263672
1698744762671.0,5.348338353516564,51.545950992806446,-10.012024036594902,115.55565643310547,20.83867645263672
1698744762688.0,5.520222437419829,51.5703100969468,-10.243327512846749,115.55565643310547,20.83867645263672
1698744762704.0,5.668914726360988,51.589849223439735,-10.452859791592198,115.55565643310547,20.83867645263672
1698744762721.0,5.757582147117905,51.561309941352555,-10.561019441910158,115.55565643310547,20.83867645263672
1698744762738.0,5.7184860065616965,51.39316054417482,-10.422181597884626,115.55565643310547,20.83867645263672
1698744762755.0,5.6190708328535015,51.19571223665967,-10.13402890527578,115.55565643310547,20.83867645263672
1698744762771.0,5.481645264279661,51.015557701135826,-9.781472629979831,115.55565643310547,20.83867645263672
1698744762788.0,5.302310103796946,50.88841435955763,-9.314826024265683,115.55565643310547,20.83867645263672
1698744762805.0,5.212385257350485,50.87541719340036,-9.077505565742738,115.55565643310547,20.83867645263672
1698744762821.0,5.159659135117231,51.02955670453348,-9.217949051054116,115.55565643310547,20.83867645263672
1698744762875.0,4.9853609629199065,51.44355994336807,-9.841597483851453,115.55565643310547,20.83867645263672
1698744762888.0,4.904441777594718,51.374234673326846,-9.621905408736222,115.55565643310547,20.83867645263672
1698744762907.0,4.726606434437317,51.14745190863559,-8.984266341940927,115.55565643310547,20.83867645263672
1698744762921.0,4.6017386662214435,50.95055396649804,-8.54184652955759,115.55565643310547,20.83867645263672
1698744762937.0,4.324916411063126,50.401558382457516,-7.592255980690193,115.55565643310547,20.83867645263672
