52187,1698422546007,5,47,-1018,65,39,54,9,-2970,5649,259,32,222,708,613
52188,1698422546022,3,46,-1019,67,36,50,9,-2970,5648,250,34,228,711,619
52189,1698422546044,2,46,-1019,67,36,51,10,-2971,5648,251,37,232,717,616
52190,1698422546059,0,46,-1019,62,38,52,11,-2971,5649,253,36,234,725,613
52191,1698422546082,0,46,-1019,63,38,51,11,-2970,5649,257,42,229,713,615
52192,1698422546104,0,47,-1019,63,38,55,11,-2969,5649,256,43,229,719,618
52193,1698422546121,0,47,-1018,63,38,54,10,-2970,5649,257,32,228,721,630
52194,1698422546142,0,47,-1018,66,40,52,11,-2969,5650,256,39,226,711,636
52195,1698422546157,0,46,-1019,63,40,53,11,-2969,5649,255,37,218,700,645
52196,1698422546180,-1,46,-1019,65,37,54,10,-2968,5650,255,38,208,698,614
52197,1698422546208,-1,47,-1019,69,36,53,11,-2967,5649,257,41,210,706,621
52198,1698422546217,11,46,-1019,68,33,54,11,-2967,5648,257,42,212,699,602
52199,1698422546240,8,47,-1018,67,38,54,9,-2967,5649,255,47,218,695,587
52200,1698422546269,7,47,-1017,66,38,54,9,-2967,5649,256,47,208,695,593
52201,1698422546277,5,46,-1016,68,38,54,8,-2966,5650,255,53,215,696,588
52202,1698422546307,4,46,-1017,64,36,53,7,-2966,5650,254,49,213,763,576
52203,1698422546322,3,46,-1017,61,35,49,8,-2966,5649,257,50,216,706,582
52204,1698422546337,2,47,-1017,59,34,53,9,-2966,5651,248,47,214,674,584
52205,1698422546360,-10,47,-1017,65,38,50,7,-2966,5650,243,45,214,666,602
52206,1698422546382,-9,47,-1017,64,38,53,6,-2967,5649,249,45,214,670,599
52207,1698422546412,-7,47,-1018,62,37,52,7,-2968,5649,251,50,223,680,601
52208,1698422546419,-6,47,-1017,63,36,53,7,-2968,5648,248,45,225,675,581
52209,1698422546442,-5,47,-1017,63,34,53,8,-2968,5647,249,45,224,677,571
52210,1698422546457,-4,47,-1018,65,38,55,8,-2969,5646,245,46,223,674,591
52211,1698422546480,-3,46,-1017,68,36,54,9,-2968,5645,243,49,221,687,596
52212,1698422546502,-3,47,-1017,66,36,55,9,-2968,5645,247,43,226,678,588
52213,1698422546518,-3,47,-1017,67,38,55,9,-2968,5645,240,38,226,677,596
52214,1698422546539,-3,47,-1017,69,36,53,9,-2969,5644,239,38,213,689,615
52215,1698422546562,-3,47,-1018,68,38,52,9,-2969,5641,240,32,216,686,602
52216,1698422546577,-2,47,-1018,66,40,55,9,-2970,5642,240,22,216,684,629
52217,1698422546599,-2,48,-1017,64,37,52,9,-2969,5643,239,14,210,675,700
52218,1698422546622,-1,48,-1017,68,38,51,9,-2970,5643,242,0,212,686,710
52219,1698422546637,-1,47,-1018,66,39,50,8,-2970,5642,239,2,216,673,702
52220,1698422546660,-2,48,-1019,65,37,54,8,-2971,5642,238,0,217,664,676
52221,1698422546682,-2,47,-1019,67,34,55,8,-2971,5642,231,0,198,647,704
52222,1698422546697,-1,47,-1019,66,36,55,10,-2971,5644,232,0,200,639,635
52223,1698422546720,-1,47,-1019,64,37,55,9,-2970,5643,233,0,199,645,641
52224,1698422546742,-2,47,-1019,66,39,54,8,-2971,5643,226,4,192,642,691
52225,1698422546757,-2,47,-1020,62,37,55,10,-2971,5645,225,4,204,635,711
52226,1698422546786,-2,47,-1020,62,40,53,11,-2971,5647,234,0,199,636,708
52227,1698422546802,-2,47,-1020,65,35,54,11,-2971,5648,232,0,205,641,710
52228,1698422546824,-2,47,-1020,67,35,54,11,-2971,5648,231,0,208,655,711
52229,1698422546846,-2,47,-1019,64,40,56,11,-2971,5649,232,0,213,659,700
52230,1698422546862,-2,47,-1020,62,40,56,11,-2971,5649,228,0,213,655,707
52231,1698422546877,-1,47,-1019,64,38,54,10,-2972,5648,230,0,214,665,700
52232,1698422546899,-2,46,-1019,66,37,53,11,-2971,5648,228,0,219,676,703
52233,1698422546929,-2,46,-1020,65,37,52,12,-2971,5648,230,0,213,689,693
52234,1698422546937,-3,47,-1021,63,37,52,11,-2971,5648,234,0,216,685,690
52235,1698422546960,-2,46,-1020,63,39,55,9,-2971,5646,233,0,218,712,697
52236,1698422546982,-2,47,-1019,62,38,54,9,-2971,5646,229,0,213,708,699
52237,1698422546997,-1,46,-1018,65,39,57,9,-2972,5645,228,0,219,718,696
52238,1698422547027,-1,46,-1019,65,37,54,8,-2972,5646,228,0,216,708,695
52239,1698422547043,-1,46,-1019,63,38,54,9,-2972,5645,225,0,216,715,693
52240,1698422547057,-1,46,-1020,64,38,54,10,-2972,5644,226,0,217,716,700
52241,1698422547079,-1,46,-1021,63,35,54,9,-2972,5644,224,0,207,717,697
52242,1698422547102,-1,46,-1021,65,36,55,9,-2972,5645,224,0,181,706,700
52243,1698422547117,-1,46,-1021,65,35,58,10,-2972,5644,230,0,183,717,704
52244,1698422547139,-2,46,-1021,62,36,58,11,-2972,5644,231,0,184,719,711
52245,1698422547164,-3,47,-1020,61,40,57,11,-2972,5644,229,0,180,732,707
52246,1698422547177,-3,47,-1020,62,39,55,10,-2972,5643,228,0,179,752,707
52247,1698422547207,-3,46,-1018,63,41,55,9,-2972,5643,228,0,172,767,702
52248,1698422547223,-3,47,-1017,64,42,54,9,-2971,5644,228,0,176,816,698
52249,1698422547237,-4,47,-1016,65,42,55,9,-2971,5644,232,0,175,800,688
52250,1698422547267,-4,47,-1017,65,38,54,9,-2971,5643,234,0,172,773,718
52251,1698422547282,-3,46,-1017,63,36,56,9,-2971,5642,232,0,179,766,719
52252,1698422547297,-2,46,-1018,64,36,52,10,-2971,5643,235,0,177,772,730
52253,1698422547327,-3,47,-1019,65,37,56,11,-2971,5644,234,6,178,770,729
52254,1698422547341,-3,46,-1019,63,34,52,11,-2972,5644,234,8,181,787,696
52255,1698422547357,-2,46,-1018,69,32,51,10,-2972,5642,238,7,180,790,702
52256,1698422547379,-2,46,-1017,65,31,52,9,-2973,5641,232,10,179,784,696
52257,1698422547402,-1,46,-1018,64,35,53,8,-2973,5642,236,6,184,795,701
52258,1698422547417,-1,47,-1018,63,35,55,9,-2972,5643,243,0,187,795,707
52259,1698422547439,-1,47,-1020,63,38,57,9,-2971,5644,243,0,193,794,713
52260,1698422547470,-1,47,-1020,66,40,56,9,-2971,5643,239,0,194,793,709
52261,1698422547484,-2,47,-1020,64,38,52,9,-2971,5644,237,22,194,790,715
52262,1698422547499,-2,47,-1020,64,37,56,8,-2971,5644,243,24,192,779,691
52263,1698422547522,-2,47,-1020,62,32,57,9,-2970,5643,234,28,193,774,692
52264,1698422547544,-3,47,-1019,61,30,53,9,-2971,5643,235,20,192,767,686
52265,1698422547559,-2,47,-1018,63,28,54,10,-2971,5643,234,23,190,778,690
52266,1698422547582,-2,47,-1019,62,26,53,10,-2972,5643,234,36,193,774,692
52267,1698422547597,-2,47,-1018,62,27,54,11,-2972,5644,234,36,190,784,687
52268,1698422547619,-1,46,-1018,63,29,54,11,-2972,5645,234,42,193,786,690
52269,1698422547642,-1,46,-1018,61,33,54,11,-2973,5644,229,40,192,787,686
52270,1698422547657,-1,46,-1018,62,36,53,11,-2973,5643,235,31,194,792,698
52271,1698422547679,-1,46,-1018,66,39,52,11,-2974,5642,240,38,201,812,709
52272,1698422547702,-1,47,-1018,63,43,53,10,-2974,5643,235,2,197,785,704
52273,1698422547717,-2,47,-1020,61,42,55,8,-2974,5644,237,0,198,791,705
52274,1698422547747,-1,47,-1019,64,42,55,9,-2973,5645,238,5,196,790,689
52275,1698422547762,-1,47,-1019,66,43,53,10,-2973,5647,234,3,195,787,698
52276,1698422547777,-2,47,-1018,66,39,54,10,-2973,5646,236,4,196,793,687
52277,1698422547799,-1,47,-1019,65,39,52,9,-2974,5646,236,2,197,804,652
52278,1698422547822,-1,48,-1019,65,37,51,8,-2974,5646,234,3,198,792,659
52279,1698422547837,-1,48,-1019,64,35,54,7,-2974,5646,233,3,199,786,691
52280,1698422547859,-1,48,-1019,65,36,54,8,-2975,5645,229,3,198,787,701
52281,1698422547882,-1,48,-1019,63,34,53,9,-2975,5644,229,1,197,775,731
52282,1698422547897,0,47,-1019,62,34,56,10,-2976,5644,229,0,195,774,741
52283,1698422547920,0,46,-1018,64,35,53,11,-2976,5643,229,0,199,775,714
52284,1698422547942,0,47,-1019,64,35,54,10,-2976,5643,233,0,200,779,691
52285,1698422547957,-1,47,-1018,64,34,52,12,-2975,5642,232,0,198,779,719
52286,1698422547980,0,46,-1017,64,35,52,13,-2976,5642,231,0,198,779,715
52287,1698422548002,-1,46,-1018,62,38,55,13,-2976,5643,233,0,201,787,718
52288,1698422548018,-2,46,-1017,64,38,53,13,-2975,5644,232,0,204,792,743
52289,1698422548039,-2,47,-1018,67,42,51,13,-2975,5645,235,0,205,792,669
52290,1698422548061,-2,47,-1019,65,37,53,13,-2975,5644,233,0,205,793,676
52291,1698422548077,-2,48,-1020,67,35,50,12,-2975,5643,234,0,203,795,706
52292,1698422548100,-3,47,-1020,65,36,52,12,-2975,5643,233,0,201,793,718
52293,1698422548122,-2,47,-1020,65,34,53,11,-2975,5643,235,0,202,769,735
52294,1698422548137,-2,47,-1019,65,36,54,11,-2975,5643,232,0,202,758,736
52295,1698422548159,-1,47,-1018,67,35,54,11,-2976,5642,233,0,203,771,728
52296,1698422548189,-2,47,-1019,65,37,51,11,-2975,5641,235,0,204,773,734
52297,1698422548197,-2,47,-1020,65,36,52,10,-2974,5640,233,1,204,793,727
52298,1698422548220,-14,46,-1019,65,32,52,11,-2975,5640,240,0,204,784,738
52299,1698422548242,-12,46,-1018,62,34,56,12,-2974,5641,242,0,203,786,744
52300,1698422548257,-9,46,-1017,65,35,51,13,-2975,5641,241,0,206,723,750
52301,1698422548279,-8,47,-1018,63,38,53,12,-2975,5641,246,0,209,719,742
52302,1698422548302,-7,47,-1019,60,38,54,12,-2975,5641,242,0,208,729,741
52303,1698422548317,-5,47,-1018,60,40,56,12,-2974,5641,240,0,208,724,748
52304,1698422548339,-4,46,-1019,59,39,56,12,-2974,5641,244,0,208,720,745
52305,1698422548362,-4,46,-1020,62,38,55,12,-2974,5641,243,0,211,766,763
52306,1698422548377,-3,46,-1019,60,37,54,13,-2975,5641,248,0,210,773,730
52307,1698422548400,-3,47,-1021,63,34,52,13,-2975,5642,246,0,213,806,760
52308,1698422548430,-3,47,-1022,64,34,52,12,-2976,5643,249,0,208,822,728
52309,1698422548437,-3,47,-1022,62,37,51,11,-2975,5642,246,0,208,772,690
52310,1698422548459,-2,47,-1021,63,35,49,11,-2975,5642,248,0,204,781,734
52311,1698422548481,-3,48,-1021,63,37,49,12,-2974,5644,251,0,208,726,753
52312,1698422548497,-2,47,-1019,63,36,54,13,-2974,5644,251,0,212,697,750
52313,1698422548519,-2,47,-1017,64,40,54,14,-2974,5646,247,0,208,715,757
52314,1698422548542,-2,47,-1017,63,39,54,14,-2974,5646,249,0,205,722,711
52315,1698422548557,-2,48,-1019,61,37,53,13,-2975,5646,253,0,209,717,715
52316,1698422548579,-1,47,-1018,59,34,55,12,-2975,5645,254,1,212,732,671
52317,1698422548602,-2,47,-1019,60,35,51,11,-2974,5644,253,1,209,729,673
52318,1698422548617,-1,47,-1018,64,33,53,11,-2975,5644,255,0,209,726,694
52319,1698422548640,-1,47,-1017,63,32,51,11,-2975,5643,253,0,209,729,702
52320,1698422548662,-2,47,-1017,65,34,52,9,-2974,5642,253,0,213,740,716
52321,1698422548677,-2,47,-1018,67,33,53,8,-2975,5642,254,0,208,725,703
52322,1698422548699,-1,48,-1019,65,35,57,8,-2974,5641,255,0,208,731,705
52323,1698422548722,-1,47,-1019,62,33,54,7,-2974,5641,256,0,212,737,712
52324,1698422548737,-1,46,-1019,62,36,53,8,-2974,5640,255,0,211,739,709
52325,1698422548760,-1,46,-1018,59,37,51,7,-2975,5642,251,0,214,726,712
52326,1698422548782,-1,46,-1018,63,36,55,7,-2975,5642,252,0,214,738,709
52327,1698422548797,-1,47,-1018,62,36,55,7,-2975,5642,256,0,214,732,711
52328,1698422548820,-2,47,-1017,64,37,52,6,-2974,5643,251,0,215,736,713
52329,1698422548841,-1,46,-1017,61,36,53,6,-2973,5644,254,0,218,742,717
52330,1698422548857,-1,46,-1018,61,39,52,7,-2973,5645,252,1,215,734,717
52331,1698422548879,-1,46,-1016,62,37,52,7,-2973,5645,254,0,214,738,720
52332,1698422548895,-1,46,-1016,63,36,55,7,-2972,5646,255,0,216,728,722
52333,1698422548917,-1,46,-1017,64,37,54,7,-2972,5646,254,0,215,728,723
52334,1698422548947,-1,47,-1017,62,36,55,6,-2972,5645,254,0,215,721,720
52335,1698422548969,-1,47,-1018,62,38,52,7,-2972,5644,252,0,212,722,715
52336,1698422548984,-1,47,-1019,61,35,52,7,-2972,5643,252,0,210,713,712
52337,1698422549000,-1,47,-1021,63,36,52,7,-2972,5644,252,0,212,723,729
52338,1698422549022,-1,47,-1020,61,35,50,8,-2972,5644,251,0,212,718,725
52339,1698422549044,-1,46,-1020,61,36,52,7,-2972,5644,255,0,213,723,712
52340,1698422549074,-1,47,-1021,64,40,50,7,-2973,5644,258,0,216,703,731
52341,1698422549082,-2,47,-1021,61,37,51,7,-2973,5645,256,0,212,703,753
52342,1698422549097,-2,47,-1022,63,37,52,8,-2974,5646,251,0,213,694,742
52343,1698422549119,-2,47,-1022,64,35,53,7,-2974,5647,251,1,210,687,741
52344,1698422549149,-2,46,-1021,65,34,55,7,-2974,5647,261,0,212,704,744
52345,1698422549157,-2,46,-1021,65,37,54,7,-2974,5647,261,0,216,697,770
52346,1698422549179,-2,46,-1021,63,36,49,8,-2973,5647,263,0,220,702,723
52347,1698422549202,-2,46,-1021,63,37,51,9,-2972,5648,263,0,218,702,742
52348,1698422549217,-2,46,-1021,62,35,52,10,-2972,5648,263,0,218,710,764
52349,1698422549239,-2,46,-1020,62,37,53,10,-2972,5647,261,0,217,716,741
52350,1698422549254,-2,46,-1020,61,38,54,9,-2972,5646,258,8,218,722,722
52351,1698422549277,-2,47,-1021,62,36,53,9,-2973,5646,263,7,219,748,706
52352,1698422549300,-1,46,-1020,64,33,53,10,-2972,5645,263,9,219,720,690
52353,1698422549315,0,47,-1018,65,34,55,9,-2972,5644,267,6,220,721,724
52354,1698422549337,-1,47,-1018,62,36,54,9,-2973,5643,265,2,216,745,745
52355,1698422549359,-1,48,-1020,63,34,49,8,-2973,5644,265,1,217,741,742
52356,1698422549382,-1,48,-1018,59,36,52,9,-2973,5644,263,0,216,788,732
52357,1698422549397,-2,48,-1018,62,36,53,9,-2973,5646,269,0,215,798,738
52358,1698422549426,-2,47,-1019,60,36,54,9,-2972,5645,266,2,220,750,746
52359,1698422549442,-2,48,-1018,60,36,56,9,-2972,5643,267,2,215,765,741
52360,1698422549457,-2,48,-1018,62,35,55,10,-2973,5644,268,0,215,756,708
52361,1698422549487,-2,47,-1017,61,35,52,10,-2972,5643,268,2,217,704,716
52362,1698422549502,-2,47,-1018,61,35,52,10,-2972,5642,266,0,221,709,718
52363,1698422549517,-1,47,-1018,62,37,53,10,-2972,5641,268,18,219,745,710
52364,1698422549540,-2,47,-1019,62,39,53,9,-2972,5641,266,15,219,729,730
52365,1698422549562,-2,47,-1018,62,39,52,10,-2972,5641,266,22,222,732,718
52366,1698422549577,-1,48,-1019,63,33,51,10,-2971,5641,267,15,218,733,715
52367,1698422549599,-1,47,-1018,59,34,54,10,-2971,5641,271,10,227,756,721
52368,1698422549614,-1,47,-1017,57,34,55,11,-2971,5641,270,13,249,758,719
52369,1698422549637,-1,48,-1016,58,37,58,10,-2971,5639,262,14,239,774,729
52370,1698422549661,0,47,-1017,61,37,56,10,-2971,5640,268,16,238,765,725
52371,1698422549689,-1,47,-1017,63,36,55,11,-2971,5642,263,18,238,772,709
52372,1698422549697,-1,47,-1017,64,35,51,10,-2971,5641,260,15,238,782,719
52373,1698422549720,-1,47,-1017,65,34,52,10,-2971,5643,258,15,234,774,719
52374,1698422549742,-1,47,-1016,60,38,54,9,-2970,5643,255,14,231,774,723
52375,1698422549757,-1,46,-1016,61,36,53,8,-2970,5642,256,16,232,780,726
52376,1698422549779,-2,47,-1017,63,35,55,8,-2970,5641,255,17,234,780,729
52377,1698422549795,-1,46,-1018,64,36,51,9,-2970,5642,257,23,233,786,729
52378,1698422549817,-2,46,-1018,64,35,51,9,-2970,5641,259,17,235,789,730
52379,1698422549839,-2,46,-1017,64,38,52,9,-2970,5642,258,12,236,789,732
52380,1698422549862,-2,46,-1017,65,37,56,9,-2970,5639,261,9,235,793,732
52381,1698422549878,-2,45,-1019,61,36,55,10,-2970,5638,263,11,234,787,734
52382,1698422549900,-1,46,-1017,65,34,54,10,-2970,5638,263,10,237,785,729
52383,1698422549922,-1,46,-1018,65,36,52,10,-2970,5639,266,12,236,789,728
52384,1698422549938,-1,46,-1018,65,38,52,9,-2971,5637,266,10,236,789,730
52385,1698422549959,-1,46,-1017,64,38,56,10,-2971,5637,268,19,237,788,726
52386,1698422549974,-1,46,-1017,65,43,57,10,-2971,5637,272,13,234,788,722
52387,1698422549997,0,46,-1016,67,40,55,9,-2971,5638,273,9,238,781,717
52388,1698422550026,0,46,-1016,68,41,54,8,-2971,5638,272,7,242,788,715
52389,1698422550042,-1,46,-1015,65,36,52,9,-2971,5638,271,11,240,787,709
52390,1698422550057,-2,47,-1015,63,39,51,10,-2971,5640,273,23,245,799,719
52391,1698422550080,-2,47,-1016,64,39,51,10,-2972,5641,271,11,241,788,721
52392,1698422550094,-2,47,-1016,65,35,53,11,-2972,5642,270,38,241,793,717
52393,1698422550117,-1,47,-1016,62,38,55,10,-2972,5644,272,18,240,800,723
52394,1698422550139,-1,47,-1016,63,40,52,10,-2972,5643,270,22,242,794,725
52395,1698422550162,-1,47,-1017,61,39,50,11,-2973,5643,274,26,245,798,732
52396,1698422550177,-1,47,-1017,64,36,49,11,-2973,5642,273,17,246,806,729
52397,1698422550206,-1,47,-1017,64,36,52,10,-2972,5641,273,24,250,807,728
52398,1698422550229,-2,47,-1019,65,38,54,9,-2972,5639,273,30,246,801,724
52399,1698422550237,-1,47,-1018,65,39,56,8,-2972,5639,270,28,248,795,726
52400,1698422550259,-2,47,-1018,64,38,53,8,-2972,5638,275,27,246,798,725
52401,1698422550275,-2,47,-1018,62,38,50,8,-2972,5638,273,28,246,798,724
52402,1698422550304,-2,47,-1019,64,37,52,8,-2972,5637,274,27,249,802,720
52403,1698422550319,-3,47,-1018,61,37,52,8,-2972,5637,275,32,248,802,727
52404,1698422550341,-3,47,-1018,62,38,51,9,-2973,5638,275,26,249,807,731
52405,1698422550357,9,47,-1018,67,38,53,9,-2972,5638,276,21,249,799,730
52406,1698422550379,6,47,-1017,66,38,52,9,-2972,5639,277,30,247,804,728
52407,1698422550409,4,46,-1016,67,41,53,10,-2971,5639,277,16,244,801,732
52408,1698422550417,4,47,-1017,63,36,54,10,-2970,5641,274,16,244,802,728
52409,1698422550439,3,47,-1017,62,36,54,11,-2970,5641,271,18,243,802,729
52410,1698422550461,2,46,-1016,64,37,51,11,-2970,5640,272,19,240,804,723
52411,1698422550477,1,46,-1018,65,35,52,11,-2970,5640,276,18,242,806,722
52412,1698422550499,0,47,-1019,64,39,53,11,-2970,5641,272,18,242,804,716
52413,1698422550515,0,47,-1018,64,36,52,11,-2969,5643,272,29,242,805,713
52414,1698422550537,0,47,-1018,64,38,53,12,-2970,5643,273,16,241,800,719
52415,1698422550559,-1,47,-1019,62,35,52,13,-2969,5643,276,17,239,800,722
52416,1698422550574,-1,47,-1019,61,35,51,13,-2970,5643,275,25,241,802,719
52417,1698422550597,-2,47,-1020,61,35,52,13,-2970,5643,274,19,241,803,718
52418,1698422550619,10,46,-1020,60,36,53,13,-2969,5644,277,16,241,809,717
52419,1698422550634,7,46,-1020,62,36,51,13,-2969,5643,278,21,240,808,715
52420,1698422550657,5,46,-1020,64,36,55,13,-2969,5642,277,18,243,818,717
52421,1698422550679,4,47,-1019,65,35,55,13,-2969,5641,278,14,244,810,710
52422,1698422550702,2,46,-1019,65,35,52,13,-2968,5642,274,21,242,809,707
52423,1698422550717,2,46,-1018,63,33,51,14,-2968,5643,278,21,242,815,704
52424,1698422550739,1,45,-1017,64,33,52,13,-2967,5643,279,22,240,818,713
52425,1698422550762,1,46,-1017,65,36,53,13,-2966,5642,277,29,242,815,703
52426,1698422550777,0,46,-1016,62,39,55,14,-2967,5642,280,15,242,811,708
52427,1698422550799,0,47,-1017,63,36,55,14,-2967,5642,275,15,239,806,713
52428,1698422550815,0,46,-1018,59,35,54,14,-2967,5642,277,13,238,805,714
52429,1698422550837,0,46,-1019,64,38,50,14,-2967,5644,277,13,241,807,713
52430,1698422550859,0,47,-1020,65,39,52,14,-2969,5644,277,16,242,807,717
52431,1698422550875,0,47,-1019,68,39,54,14,-2969,5645,277,12,242,817,718
52432,1698422550897,-1,47,-1019,68,38,53,14,-2969,5646,279,13,242,808,719
52433,1698422550926,-1,47,-1018,69,38,52,15,-2968,5647,279,17,239,814,711
52434,1698422550934,-1,47,-1018,67,39,51,15,-2969,5645,280,24,240,816,715
52435,1698422550957,-1,46,-1018,66,38,54,15,-2968,5645,281,18,238,818,710
52436,1698422550980,-2,46,-1020,65,38,54,15,-2969,5644,280,12,239,809,704
52437,1698422551001,-1,47,-1020,64,38,52,16,-2969,5645,279,15,238,816,709
52438,1698422551024,-1,47,-1018,64,36,51,15,-2970,5646,285,27,238,824,702
52439,1698422551039,-1,47,-1019,67,37,51,14,-2970,5645,283,25,239,825,699
52440,1698422551062,-2,47,-1019,71,38,51,14,-2970,5644,279,22,238,822,699
52441,1698422551077,-1,47,-1018,67,38,52,14,-2970,5643,278,26,240,820,700
52442,1698422551100,-1,46,-1017,66,38,51,14,-2971,5643,282,8,236,822,702
52443,1698422551114,-2,46,-1016,65,39,54,14,-2971,5644,282,9,237,830,707
52444,1698422551137,-2,46,-1016,61,37,55,14,-2971,5644,283,9,239,824,702
52445,1698422551159,-2,46,-1016,62,36,51,15,-2971,5645,281,26,237,832,703
52446,1698422551174,-2,46,-1016,66,36,49,14,-2969,5646,280,10,237,827,701
52447,1698422551197,-2,47,-1017,62,37,50,14,-2970,5647,284,19,238,833,705
52448,1698422551220,-2,47,-1017,63,36,52,14,-2969,5646,284,22,239,838,704
52449,1698422551234,-3,46,-1017,65,38,51,13,-2969,5646,281,17,235,832,701
52450,1698422551257,-3,46,-1017,64,38,49,13,-2968,5645,285,25,233,836,703
52451,1698422551280,-2,46,-1019,63,38,51,13,-2968,5643,282,17,234,832,701
52452,1698422551294,-2,47,-1019,65,38,52,13,-2969,5643,285,21,234,826,700
52453,1698422551324,-2,47,-1019,67,38,53,13,-2968,5643,280,22,237,834,704
52454,1698422551339,-4,47,-1021,64,38,53,14,-2968,5644,281,28,234,831,701
52455,1698422551354,-3,47,-1018,65,37,52,15,-2967,5645,281,26,234,831,696
52456,1698422551377,-4,47,-1018,65,33,53,14,-2967,5645,276,25,237,832,697
52457,1698422551400,-4,48,-1018,66,34,54,14,-2968,5645,280,29,235,831,697
52458,1698422551429,-4,48,-1018,67,35,51,12,-2968,5646,279,24,236,832,697
52459,1698422551437,-3,47,-1018,66,38,53,12,-2968,5646,279,27,236,831,702
52460,1698422551460,-3,47,-1017,62,38,52,11,-2968,5646,279,29,238,828,701
52461,1698422551482,-3,48,-1017,61,36,51,10,-2968,5646,278,33,234,829,699
52462,1698422551497,-3,47,-1020,64,37,51,10,-2967,5647,277,35,234,828,700
52463,1698422551519,-3,47,-1020,60,40,51,10,-2967,5647,281,30,237,836,705
52464,1698422551542,-2,47,-1020,61,37,52,10,-2966,5647,282,25,240,827,702
52465,1698422551557,-3,46,-1020,62,34,52,10,-2966,5646,282,24,238,827,705
52466,1698422551580,-4,46,-1019,61,35,51,10,-2966,5646,281,37,236,822,704
52467,1698422551594,-4,47,-1020,62,34,53,10,-2967,5645,281,30,236,823,704
52468,1698422551617,-3,47,-1019,64,39,54,10,-2966,5644,280,31,234,820,706
52469,1698422551640,-2,47,-1018,67,37,52,11,-2967,5644,282,33,236,821,693
52470,1698422551655,-2,46,-1018,64,40,55,10,-2967,5646,282,35,235,826,698
52471,1698422551677,-2,46,-1016,60,40,55,11,-2966,5646,281,36,235,829,703
52472,1698422551699,-2,47,-1016,61,39,54,10,-2966,5647,281,35,244,829,700
52473,1698422551714,-3,47,-1017,60,35,53,11,-2966,5647,283,34,241,828,695
52474,1698422551738,-4,47,-1019,59,34,51,10,-2965,5646,281,33,238,827,689
52475,1698422551759,-3,47,-1020,61,36,52,11,-2966,5646,284,30,241,828,687
52476,1698422551782,-4,47,-1021,66,37,52,12,-2967,5647,281,35,242,835,671
52477,1698422551797,-4,46,-1020,64,35,55,12,-2968,5647,282,38,245,830,667
52478,1698422551827,-3,46,-1020,63,34,53,12,-2967,5646,286,33,242,831,670
52479,1698422551842,-4,47,-1021,65,34,54,12,-2967,5646,280,28,237,827,665
52480,1698422551857,-4,47,-1021,64,37,52,11,-2967,5645,279,31,242,824,672
52481,1698422551879,-3,47,-1019,63,35,51,11,-2967,5644,285,15,247,828,668
52482,1698422551903,-2,46,-1019,63,35,53,11,-2967,5644,288,18,249,829,673
52483,1698422551917,-2,46,-1019,64,37,53,11,-2968,5644,286,22,251,826,669
52484,1698422551939,-1,46,-1020,66,39,55,12,-2968,5644,281,36,253,828,663
52485,1698422551954,-1,47,-1019,66,38,54,12,-2967,5644,280,24,252,832,666
52486,1698422551977,-2,46,-1020,65,37,54,11,-2967,5644,280,33,254,829,667
52487,1698422551999,-2,47,-1019,66,38,53,11,-2968,5642,283,33,253,826,666
52488,1698422552014,-2,47,-1020,66,38,56,12,-2982,5642,284,26,256,829,668
52489,1698422552037,-3,48,-1020,63,37,54,13,-2979,5641,288,20,253,834,672
52490,1698422552060,-3,47,-1021,63,38,54,13,-2977,5641,285,30,255,833,671
52491,1698422552075,-3,47,-1021,64,38,54,13,-2976,5640,284,29,255,831,670
52492,1698422552098,-3,46,-1020,64,38,54,13,-2974,5641,284,29,255,827,676
52493,1698422552119,-3,45,-1019,61,40,53,13,-2973,5641,286,29,258,822,679
52494,1698422552141,-2,45,-1019,64,38,55,13,-2972,5643,282,29,260,827,680
52495,1698422552157,-4,45,-1018,67,36,55,13,-2972,5642,283,25,259,833,683
52496,1698422552180,-3,45,-1018,64,40,54,13,-2972,5641,285,26,259,827,683
52497,1698422552194,-4,46,-1017,67,40,54,13,-2972,5641,281,27,262,825,680
52498,1698422552217,8,46,-1017,63,38,54,13,-2971,5643,281,33,258,826,681
52499,1698422552248,5,47,-1017,61,38,54,12,-2971,5643,283,33,262,828,677
52500,1698422552254,4,47,-1017,62,39,53,12,-2971,5644,276,41,253,831,679
52501,1698422552277,2,47,-1016,61,41,55,12,-2971,5644,279,37,254,825,679
52502,1698422552299,0,47,-1017,63,41,52,13,-2971,5642,278,35,257,826,673
52503,1698422552322,0,46,-1017,62,40,53,13,-2970,5643,274,34,257,829,676
52504,1698422552337,0,47,-1018,63,39,54,14,-2969,5644,273,35,259,828,684
52505,1698422552359,-1,47,-1017,63,38,57,13,-2968,5644,274,39,258,832,688
52506,1698422552374,-2,47,-1019,62,39,56,13,-2968,5644,275,41,258,833,687
52507,1698422552397,-2,47,-1020,63,37,53,14,-2968,5643,274,38,256,828,687
52508,1698422552420,-2,46,-1020,63,38,54,14,-2968,5643,273,37,257,829,689
52509,1698422552434,-2,46,-1019,64,40,54,13,-2969,5643,274,34,254,834,688
52510,1698422552458,-1,46,-1020,63,38,50,13,-2969,5643,272,36,253,831,689
52511,1698422552480,-2,46,-1020,60,39,54,12,-2971,5643,272,36,254,828,690
52512,1698422552494,-3,47,-1019,62,38,52,12,-2971,5641,273,38,253,837,689
52513,1698422552517,-3,47,-1019,62,34,55,13,-2972,5642,270,39,254,847,692
52514,1698422552540,-2,46,-1020,63,37,53,13,-2973,5641,268,38,253,834,693
52515,1698422552561,-3,47,-1020,61,36,55,14,-2972,5642,267,41,254,834,701
52516,1698422552577,-4,47,-1019,62,37,55,14,-2972,5642,265,37,253,836,701
52517,1698422552599,-3,47,-1018,63,38,52,14,-2972,5643,270,30,259,837,702
52518,1698422552614,-4,46,-1017,62,37,53,15,-2973,5642,270,26,265,836,705
52519,1698422552651,-3,46,-1017,63,38,54,15,-2973,5641,270,28,263,835,702
52520,1698422552659,-3,46,-1017,64,37,55,16,-2973,5643,271,30,270,831,709
52521,1698422552674,-3,46,-1018,62,37,56,16,-2972,5644,272,29,269,827,726
52522,1698422552697,-4,45,-1018,63,35,55,16,-2972,5645,271,28,271,830,703
52523,1698422552719,-4,46,-1018,64,40,52,15,-2972,5646,270,29,268,847,696
52524,1698422552734,-4,46,-1018,63,41,50,15,-2972,5647,267,26,268,847,719
52525,1698422552757,-4,46,-1017,61,39,52,15,-2972,5647,270,29,266,851,720
52526,1698422552780,-3,46,-1017,62,39,54,14,-2972,5647,264,32,268,840,736
52527,1698422552794,-2,45,-1015,61,39,54,13,-2972,5646,266,29,269,813,714
52528,1698422552818,-2,46,-1016,62,41,53,13,-2973,5646,259,28,255,805,754
52529,1698422552839,-3,46,-1017,62,39,51,13,-2972,5644,238,30,248,799,689
52530,1698422552855,-3,46,-1018,62,43,50,14,-2972,5643,217,24,195,855,649
52531,1698422552877,-3,46,-1018,66,44,50,15,-2973,5642,187,118,169,778,696
52532,1698422552899,-5,46,-1020,64,71,55,15,-2974,5640,172,9,151,794,617
52533,1698422552929,-6,46,-1021,62,72,61,16,-2975,5638,173,0,139,714,625
52534,1698422552944,-7,46,-1019,53,83,73,16,-2975,5637,174,0,103,605,588
52535,1698422552968,-8,46,-1018,51,79,70,16,-2976,5636,167,0,43,675,524
52536,1698422552975,-7,46,-1019,53,72,67,17,-2977,5634,161,0,21,559,522
52537,1698422552997,-7,46,-1019,55,70,66,16,-2977,5633,141,0,21,406,602
52538,1698422553020,-9,46,-1020,53,70,72,17,-2978,5630,154,0,0,268,509
52539,1698422553035,-13,47,-1020,47,75,84,17,-2978,5627,134,0,0,285,486
52540,1698422553057,-15,48,-1019,41,85,111,17,-2979,5626,150,0,0,221,514
52541,1698422553080,-17,47,-1022,29,102,146,17,-2980,5625,75,0,0,181,492
52542,1698422553095,-19,46,-1025,14,122,188,17,-2980,5624,28,0,0,169,477
52543,1698422553117,-26,47,-1027,-2,146,245,16,-2982,5622,5,0,0,102,375
52544,1698422553140,-37,47,-1026,-8,190,330,16,-2984,5620,34,0,0,73,270
52545,1698422553162,-44,43,-1023,9,262,442,14,-2986,5617,35,0,0,27,267
52546,1698422553177,-47,29,-1019,54,339,549,12,-2987,5615,36,0,0,61,185
52547,1698422553200,-43,13,-1015,100,375,573,11,-2988,5614,7,0,0,70,165
52548,1698422553214,-35,-8,-1008,135,322,499,9,-2990,5614,8,0,0,28,138
52549,1698422553237,-15,-18,-1000,131,168,352,7,-2993,5613,0,0,0,180,106
52550,1698422553260,0,5,-992,153,-38,140,5,-2994,5612,0,0,0,177,137
52551,1698422553274,2,70,-989,242,-157,-126,4,-2995,5613,25,0,0,146,152
52552,1698422553297,-6,84,-995,205,-102,-157,3,-2996,5615,71,0,0,339,196
52553,1698422553319,-13,83,-1008,154,-50,0,2,-2994,5619,70,0,0,147,254
52554,1698422553334,-11,72,-1013,121,111,40,2,-2993,5624,297,0,0,60,195
52555,1698422553357,-18,67,-1029,214,320,84,2,-2990,5627,616,0,0,25,213
52556,1698422553381,-34,75,-1022,272,375,121,0,-2988,5634,429,1,0,12,55
52557,1698422553394,-41,79,-1005,242,234,144,-3,-2983,5645,348,329,0,0,77
52558,1698422553425,-53,78,-997,151,13,126,-7,-2979,5657,755,158,0,50,179
52559,1698422553439,-52,72,-1008,78,-216,84,-11,-2970,5674,620,270,0,0,263
52560,1698422553455,-41,70,-1014,69,-219,47,-16,-2964,5689,838,340,0,2,221
52561,1698422553477,-46,70,-1017,24,-172,51,-19,-2957,5707,841,530,0,0,251
52562,1698422553499,-40,75,-1016,-2,-144,28,-23,-2950,5724,963,593,0,0,270
52563,1698422553514,-58,55,-1014,-14,-115,29,-25,-2944,5743,1101,744,0,0,263
52564,1698422553537,-49,56,-1014,-25,-114,11,-26,-2938,5757,1128,814,1,0,228
52565,1698422553560,-42,56,-1016,-73,-165,-2,-26,-2933,5771,1168,792,0,187,157
52566,1698422553574,-37,58,-1016,-114,-200,-10,-25,-2928,5782,1136,922,0,328,137
52567,1698422553597,-30,56,-1024,-130,-234,-14,-23,-2924,5792,1123,951,7,404,70
52568,1698422553620,-19,50,-1025,-74,-178,2,-20,-2920,5799,1153,927,57,178,159
52569,1698422553635,-12,50,-1026,-25,-103,17,-17,-2917,5803,1114,891,96,660,199
52570,1698422553657,-11,45,-1026,16,-77,30,-14,-2915,5806,1142,683,76,607,310
52571,1698422553687,-7,45,-1022,45,-53,28,-11,-2914,5809,1184,675,48,549,536
52572,1698422553702,-6,46,-1020,63,-20,26,-6,-2914,5808,1212,770,30,579,497
52573,1698422553717,-2,46,-1019,72,3,26,-2,-2914,5808,1208,765,31,577,498
52574,1698422553740,-6,40,-1016,73,28,22,0,-2914,5808,1256,748,39,559,536
52575,1698422553755,0,40,-1016,77,32,21,1,-2914,5808,1237,764,4,619,584
52576,1698422553777,2,44,-1017,75,27,28,3,-2915,5807,1254,786,12,674,641
52577,1698422553800,1,44,-1018,69,27,35,5,-2915,5809,1267,713,27,635,737
52578,1698422553814,4,44,-1019,59,52,42,5,-2915,5809,1289,681,88,648,789
52579,1698422553837,5,46,-1018,29,83,46,4,-2915,5811,1292,697,67,792,853
52580,1698422553859,3,47,-1020,-4,101,55,4,-2914,5814,1325,649,180,1021,979
52581,1698422553874,2,41,-1020,-26,101,64,2,-2912,5818,1323,698,265,1078,1180
52582,1698422553897,-6,31,-1019,-28,78,74,0,-2909,5821,1161,798,402,1166,1311
52583,1698422553919,-15,29,-1023,-6,18,84,-1,-2907,5823,1064,741,532,1299,1406
52584,1698422553935,-10,37,-1021,8,-24,81,-2,-2906,5823,1068,551,572,1370,1480
52585,1698422553957,-3,31,-1022,22,-44,71,-2,-2905,5823,1257,743,591,1455,1588
52586,1698422553987,-3,32,-1019,33,-53,66,-3,-2903,5823,1291,843,607,1571,1664
52587,1698422553994,-3,33,-1014,37,-59,66,-4,-2901,5823,1327,849,632,1569,1730
52588,1698422554017,9,33,-1017,57,-51,59,-4,-2900,5823,1343,883,654,1561,1797
52589,1698422554041,16,35,-1030,68,-29,60,-3,-2899,5824,1367,877,662,1546,1840
52590,1698422554054,13,33,-1031,66,-5,63,-3,-2898,5824,1380,854,718,1644,1865
52591,1698422554077,12,31,-1028,57,26,65,-3,-2898,5823,1443,692,687,1633,1877
52592,1698422554100,10,33,-1029,53,54,68,-3,-2898,5822,1237,316,802,1725,1891
52593,1698422554115,12,30,-1036,52,74,63,-2,-2898,5817,1114,204,779,1725,1900
52594,1698422554144,16,26,-1022,38,86,72,0,-2899,5812,917,130,913,1739,1914
52595,1698422554167,19,31,-1023,29,84,78,0,-2902,5803,830,149,1057,1767,1893
52596,1698422554175,11,32,-1028,15,116,75,3,-2904,5792,826,177,999,1852,1871
52597,1698422554198,9,37,-1046,-12,186,75,4,-2908,5783,857,283,1196,1865,1829
52598,1698422554226,-1,37,-1047,-49,221,76,6,-2912,5769,812,2,1216,1893,1858
52599,1698422554234,-8,34,-1046,-102,196,78,7,-2916,5756,863,0,1329,1941,1919
52600,1698422554264,-24,28,-1053,-192,188,92,10,-2920,5740,323,0,1509,2033,2023
52601,1698422554280,-34,19,-1064,-324,186,123,13,-2924,5728,6,0,1766,2096,2088
52602,1698422554295,-24,15,-1085,-489,199,138,17,-2927,5713,0,0,1738,2154,2149
52603,1698422554332,-41,11,-1109,-706,247,163,20,-2930,5701,0,0,1743,2235,2186
52604,1698422554340,-37,9,-1146,-1041,275,157,21,-2933,5688,0,0,1822,2267,2234
52605,1698422554355,-28,-5,-1161,-1440,226,153,20,-2934,5676,0,50,1770,2334,2282
52606,1698422554377,1,-3,-1171,-1871,171,137,19,-2936,5664,0,0,1891,2372,2326
52607,1698422554400,6,-26,-1230,-2262,71,103,17,-2936,5650,0,47,1774,2374,2332
52608,1698422554437,-9,-33,-1272,-2744,-21,99,14,-2935,5638,0,0,1780,2432,2351
52609,1698422554438,-27,-60,-1309,-3359,-163,98,10,-2932,5622,0,3,1787,2415,2338
52610,1698422554459,-61,-101,-1349,-4109,-292,296,7,-2927,5604,0,0,1591,2320,2318
52611,1698422554482,-107,-160,-1467,-4781,-540,547,4,-2919,5580,0,0,1414,2236,2296
52612,1698422554504,-234,-232,-1823,-5255,-772,702,5,-2906,5552,0,0,1186,2067,2193
52613,1698422554519,-291,-299,-2007,-5855,-934,891,3,-2894,5528,0,0,905,1887,2066
52614,1698422554534,-289,-249,-2282,-6241,-1094,1046,6,-2878,5501,0,0,626,1568,1840
52615,1698422554557,-373,-28,-2332,-6111,-1414,1094,9,-2862,5480,0,0,9,823,1159
52616,1698422554579,-502,28,-1989,-6029,-1499,1278,11,-2847,5471,0,0,0,67,86
52617,1698422554594,-486,286,-1693,-2900,-620,1078,16,-2832,5460,0,0,0,163,104
52618,1698422554625,-419,351,-1462,-218,-687,498,19,-2822,5449,0,0,0,167,135
52619,1698422554647,-410,375,-1237,1401,-430,152,22,-2815,5445,0,0,0,237,170
52620,1698422554662,-358,389,-1043,2151,360,44,24,-2810,5444,0,0,0,139,135
52621,1698422554692,-256,411,-892,2507,991,-159,24,-2809,5448,0,0,0,175,109
52622,1698422554707,-150,443,-803,2909,1037,-595,22,-2809,5453,0,0,0,127,166
52623,1698422554715,-113,454,-747,3513,762,-1122,20,-2812,5462,0,0,0,128,177
52624,1698422554737,-145,432,-735,4159,750,-1464,17,-2816,5470,0,0,0,198,208
52625,1698422554760,-190,385,-745,4610,952,-1620,14,-2821,5484,0,0,0,220,228
52626,1698422554782,-234,323,-778,4869,1130,-1626,11,-2828,5497,0,0,0,218,244
52627,1698422554797,-280,260,-821,4952,1183,-1505,8,-2839,5513,0,0,0,150,189
52628,1698422554819,-326,210,-873,4963,1158,-1276,5,-2855,5532,0,0,0,148,195
52629,1698422554835,-370,174,-959,4983,1094,-1034,2,-2871,5546,0,0,0,156,206
52630,1698422554858,-413,145,-1094,5052,1037,-833,0,-2889,5554,0,0,0,140,209
52631,1698422554887,-429,98,-1293,5119,1068,-714,-3,-2906,5559,0,0,0,124,199
52632,1698422554895,-426,2,-1541,5135,856,-706,-6,-2924,5560,0,0,0,116,236
52633,1698422554939,-462,-147,-1795,5235,512,-648,-7,-2941,5560,0,0,0,91,252
52634,1698422554940,-513,-370,-2019,5409,748,-311,-8,-2958,5559,0,0,0,85,250
52635,1698422554954,-469,-678,-2116,5429,1522,351,-9,-2976,5554,0,0,0,135,351
52636,1698422554984,-195,-1123,-2062,4945,2210,1169,-12,-2993,5548,0,0,0,174,295
52637,1698422555000,241,-1698,-1933,4001,1399,2139,-21,-3012,5544,0,0,0,194,485
52638,1698422555014,622,-2022,-1837,2211,-938,2430,-31,-3027,5540,0,0,0,160,535
52639,1698422555037,69,-839,-748,-2008,-3709,2047,-21,-3037,5558,206,40,0,108,461
52640,1698422555059,-21,-859,-790,-4017,-4983,946,-17,-3031,5574,516,432,0,61,555
52641,1698422555075,93,-685,-1018,-4914,-2755,-417,-17,-3018,5600,1110,578,0,130,628
52642,1698422555097,122,-527,-1241,-5082,-2019,-272,-18,-3000,5634,1152,736,24,63,497
52643,1698422555120,62,-483,-1240,-2897,-1221,-296,-17,-2977,5684,1384,1337,197,512,58
52644,1698422555135,44,-377,-1203,-1480,-541,-155,-21,-2952,5740,1758,1379,469,954,538
52645,1698422555157,27,-285,-1169,-743,-269,-73,-25,-2929,5788,1522,1655,636,1145,941
52646,1698422555179,20,-220,-1144,-363,23,-21,-30,-2910,5828,1846,1723,657,1247,1302
52647,1698422555210,12,-168,-1120,-164,35,6,-33,-2895,5861,1747,1804,739,1321,1415
52648,1698422555224,9,-127,-1100,-47,28,22,-35,-2885,5882,1675,1721,777,1377,1494
52649,1698422555240,2,-96,-1085,22,-11,42,-36,-2877,5892,1500,1774,808,1456,1604
52650,1698422555269,0,-72,-1071,74,-54,59,-34,-2873,5899,1401,1507,762,1444,1601
52651,1698422555277,0,-47,-1063,101,-78,67,-31,-2873,5898,1399,1282,621,1362,1602
52652,1698422555300,0,-36,-1050,107,-94,71,-28,-2874,5895,1522,1231,548,1419,1639
52653,1698422555321,5,-21,-1043,97,-99,71,-25,-2875,5887,1543,1314,401,1425,1665
52654,1698422555345,10,-10,-1039,87,-94,71,-23,-2877,5880,1568,1058,382,1395,1739
52655,1698422555359,11,0,-1033,68,-84,65,-20,-2880,5872,1598,1087,376,1482,1784
52656,1698422555375,4,15,-1027,43,-66,62,-18,-2883,5865,1469,1165,403,1507,1830
52657,1698422555397,5,23,-1024,26,-45,59,-16,-2883,5857,1438,899,510,1569,1880
52658,1698422555427,0,25,-1019,4,-27,60,-14,-2883,5849,1260,784,599,1687,1925
52659,1698422555434,10,24,-1025,-2,-25,67,-13,-2885,5842,958,383,649,1834,1976
52660,1698422555457,7,19,-1018,-15,-35,66,-11,-2887,5832,1089,281,796,1881,2042
52661,1698422555479,9,22,-1022,-3,-47,77,-9,-2889,5821,591,200,1005,1976,2143
52662,1698422555510,12,22,-1027,-12,-67,90,-4,-2893,5804,500,16,1132,2028,2217
52663,1698422555517,1,19,-1049,-56,17,219,0,-2897,5786,91,0,1231,2105,2271
52664,1698422555540,15,19,-1097,-362,3,190,1,-2903,5765,0,0,1308,2232,2314
52665,1698422555569,-11,26,-1086,-762,17,152,4,-2907,5743,0,0,1389,2215,2366
52666,1698422555592,10,27,-1122,-1122,138,62,7,-2912,5723,0,0,1457,2258,2390
52667,1698422555600,9,22,-1189,-1609,156,-14,9,-2917,5700,0,0,1492,2291,2402
52668,1698422555614,-15,6,-1269,-2128,21,-22,9,-2921,5678,0,0,1475,2350,2391
52669,1698422555637,-30,-5,-1334,-2680,-149,98,11,-2923,5655,0,0,1406,2366,2407
52670,1698422555667,-7,-10,-1288,-3406,-475,170,12,-2923,5633,0,0,1321,2372,2417
52671,1698422555674,-50,-80,-1379,-4118,-58,363,12,-2919,5606,0,0,1425,2329,2390
52672,1698422555697,-90,-97,-1636,-4847,466,586,12,-2914,5580,0,0,1276,2167,2273
52673,1698422555719,-106,-135,-1991,-5811,202,549,10,-2904,5555,0,0,929,1988,2144
52674,1698422555735,-98,-157,-2256,-6624,362,590,10,-2889,5528,0,0,897,1776,1989
52675,1698422555757,-115,-21,-2399,-7010,67,669,9,-2871,5504,0,0,179,1232,1515
52676,1698422555780,-194,272,-2318,-6804,-572,814,8,-2852,5488,0,0,0,238,195
52677,1698422555809,-331,447,-1810,-6302,-353,1390,8,-2832,5477,0,0,0,0,0
52678,1698422555817,-256,584,-1602,-2945,478,1595,6,-2814,5466,0,0,0,5,0
52679,1698422555840,-158,606,-1362,-437,290,940,4,-2800,5457,0,0,0,15,0
52680,1698422555854,-129,579,-1160,1136,-93,147,2,-2791,5455,0,0,0,6,0
52681,1698422555877,-134,558,-982,2021,-153,-380,1,-2787,5460,0,0,0,0,0
52682,1698422555900,-133,539,-851,2567,72,-602,1,-2785,5466,0,0,0,26,0
52683,1698422555930,-129,527,-783,3063,382,-669,0,-2787,5476,0,0,0,17,0
52684,1698422555945,-112,509,-745,3690,595,-654,-2,-2790,5488,0,0,0,48,0
52685,1698422555960,-100,457,-753,4283,805,-657,-4,-2798,5503,0,0,0,8,0
52686,1698422555974,-85,406,-785,4668,1004,-707,-7,-2808,5517,0,0,0,12,0
52687,1698422555997,-68,351,-842,4954,1006,-809,-9,-2821,5531,0,0,0,10,0
52688,1698422556020,-75,287,-918,5165,885,-826,-10,-2839,5547,0,0,0,0,0
52689,1698422556034,-88,224,-1021,5291,794,-672,-10,-2857,5560,0,0,0,6,0
52690,1698422556057,-80,154,-1144,5268,645,-521,-11,-2879,5569,0,0,0,23,0
52691,1698422556087,-76,72,-1289,5181,255,-666,-9,-2898,5575,0,0,0,15,0
52692,1698422556095,-126,-64,-1485,5104,-86,-1071,-8,-2919,5577,0,0,0,3,48
52693,1698422556117,-203,-219,-1707,4986,-98,-1511,-6,-2939,5575,0,0,0,0,57
52694,1698422556147,-295,-404,-1925,4899,-46,-1830,-2,-2956,5568,0,0,0,0,114
52695,1698422556155,-460,-636,-2080,4969,-68,-1822,1,-2971,5561,0,0,0,3,69
52696,1698422556178,-640,-945,-2066,5009,829,-1069,4,-2986,5551,0,0,0,83,3
52697,1698422556206,-577,-1372,-1928,4824,2931,366,2,-3001,5542,0,0,0,154,5
52698,1698422556215,-168,-1791,-1857,3900,4016,1311,-2,-3018,5533,0,0,0,100,13
52699,1698422556237,-107,-2031,-2100,-668,1847,587,-13,-3029,5529,0,0,0,49,47
52700,1698422556260,-530,-1304,-1859,-3821,1140,257,-30,-3032,5542,241,0,0,50,84
52701,1698422556275,-465,-1139,-1825,-4439,-411,-271,-34,-3026,5564,639,30,0,21,171
52702,1698422556297,-288,-877,-1728,-4357,-1044,-432,-37,-3017,5586,808,216,0,23,398
52703,1698422556319,-197,-673,-1665,-4151,-1409,62,-40,-3003,5612,491,431,36,76,412
52704,1698422556350,-193,-574,-1682,-3330,-1881,112,-44,-2986,5648,587,409,23,155,180
52705,1698422556357,-127,-482,-1603,-1798,-1344,42,-44,-2967,5692,1306,989,305,656,198
52706,1698422556379,-111,-394,-1484,-918,-708,46,-45,-2947,5738,1317,1387,423,987,688
52707,1698422556394,-95,-307,-1382,-473,-357,53,-46,-2929,5778,1375,1079,572,1217,1129
52708,1698422556417,-91,-241,-1308,-240,-148,63,-49,-2914,5811,1418,1295,689,1393,1357
52709,1698422556440,-63,-195,-1256,-116,-29,67,-51,-2901,5840,1670,1650,791,1471,1485
52710,1698422556454,-61,-139,-1213,-54,-32,72,-54,-2891,5862,1650,915,885,1561,1606
52711,1698422556477,-49,-98,-1171,-22,-68,73,-55,-2883,5879,1751,1009,954,1661,1675
52712,1698422556492,-36,-65,-1143,2,-102,77,-57,-2877,5888,1738,835,999,1760,1738
52713,1698422556515,-27,-37,-1121,19,-98,80,-57,-2874,5891,1269,859,1053,1810,1788
52714,1698422556537,-18,-24,-1099,23,-81,85,-57,-2872,5889,1348,425,1161,1855,1858
52715,1698422556552,-14,-8,-1085,32,-55,87,-55,-2872,5883,1207,415,1101,1893,1910
52716,1698422556574,-11,0,-1068,28,-30,88,-53,-2874,5876,966,136,1194,1947,1960
52717,1698422556598,-13,6,-1054,22,-23,90,-51,-2877,5862,790,138,1193,2000,2024
52718,1698422556619,-29,9,-1061,32,-17,93,-49,-2881,5850,923,76,1303,2042,2058
52719,1698422556635,-3,19,-1051,37,-23,105,-46,-2885,5831,471,17,1392,2114,2138
52720,1698422556657,5,21,-1057,3,9,120,-39,-2889,5808,175,0,1489,2145,2202
52721,1698422556680,0,23,-1087,-161,65,132,-36,-2892,5789,458,0,1400,2190,2220
52722,1698422556702,8,21,-1110,-300,40,98,-37,-2897,5770,201,0,1373,2206,2247
52723,1698422556717,26,26,-1115,-410,52,68,-38,-2903,5752,0,0,1413,2168,2255
52724,1698422556739,32,24,-1131,-631,142,37,-36,-2910,5734,0,0,1440,2180,2266
52725,1698422556755,31,24,-1144,-899,173,-7,-35,-2915,5717,0,0,1415,2186,2270
52726,1698422556777,32,22,-1150,-1232,227,-62,-33,-2921,5698,0,0,1378,2210,2282
52727,1698422556792,17,4,-1176,-1518,288,-87,-30,-2924,5679,0,0,1320,2190,2249
52728,1698422556815,30,-17,-1198,-1852,405,-99,-27,-2927,5661,0,0,1252,2172,2227
52729,1698422556837,12,-29,-1255,-2281,480,-107,-23,-2928,5641,0,0,1220,2171,2212
52730,1698422556859,4,-41,-1392,-2968,603,-52,-19,-2927,5622,0,0,1131,2112,2160
52731,1698422556875,9,-61,-1554,-3921,576,-61,-18,-2922,5599,0,0,952,2004,2026
52732,1698422556897,89,-82,-1698,-4748,210,-208,-18,-2916,5578,0,0,759,1682,1815
52733,1698422556912,177,-95,-1776,-5053,-441,-594,-19,-2903,5554,0,0,449,1469,1629
52734,1698422556934,252,-49,-1796,-4944,-1432,-1128,-20,-2886,5532,0,0,105,985,983
52735,1698422556965,294,77,-1621,-4480,-2700,-1905,-21,-2869,5518,0,0,0,191,20
52736,1698422556980,284,355,-1302,-3856,-4666,-3002,-22,-2851,5505,0,0,0,0,0
52737,1698422556995,93,448,-1255,-1961,-5341,-3866,-21,-2833,5489,0,0,0,0,0
52738,1698422557017,-62,449,-1200,-496,-5097,-3608,-15,-2817,5469,0,0,0,0,0
52739,1698422557040,-132,451,-1140,473,-4932,-2894,-11,-2804,5453,0,0,0,0,0
52740,1698422557055,-180,453,-1117,1419,-5172,-2313,-6,-2793,5434,0,0,0,0,0
52741,1698422557077,-256,439,-1128,2282,-5515,-1910,0,-2785,5419,0,0,0,0,0
52742,1698422557099,-358,427,-1164,3093,-5443,-1712,4,-2780,5404,0,0,0,0,0
52743,1698422557115,-455,405,-1201,3786,-4998,-2045,12,-2778,5389,0,0,0,9,0
52744,1698422557137,-556,369,-1249,4186,-4457,-3051,18,-2776,5377,0,0,0,2,0
52745,1698422557152,-679,337,-1276,4297,-3948,-4392,23,-2774,5366,0,0,0,32,0
52746,1698422557174,-856,304,-1305,4136,-3312,-5627,27,-2770,5359,0,0,0,10,0
52747,1698422557197,-1018,285,-1307,3771,-2570,-6599,28,-2765,5354,0,0,0,29,0
52748,1698422557212,-1165,295,-1285,3446,-1849,-7347,26,-2759,5351,0,0,0,4,0
52749,1698422557235,-1292,304,-1252,3218,-1200,-7905,19,-2751,5352,0,0,0,1,0
52750,1698422557257,-1402,304,-1204,2961,-691,-8185,6,-2744,5355,0,0,0,102,0
52751,1698422557272,-1488,305,-1154,2646,-214,-8068,-5,-2737,5360,0,0,0,7,16
52752,1698422557294,-1551,318,-1116,2476,97,-7575,-21,-2733,5368,0,0,0,16,9
52753,1698422557317,-1606,296,-1093,2506,314,-6891,-37,-2731,5376,0,0,0,31,4
52754,1698422557332,-1626,240,-1080,2567,486,-6359,-56,-2732,5386,0,0,0,31,17
52755,1698422557362,-1641,133,-1099,2481,629,-6100,-73,-2735,5396,0,0,0,26,27
52756,1698422557377,-1668,0,-1141,2236,660,-5951,-90,-2741,5404,0,0,0,42,67
52757,1698422557392,-1713,-149,-1193,2013,546,-5534,-106,-2745,5413,0,0,0,13,84
52758,1698422557423,-1763,-325,-1204,1951,735,-4327,-123,-2752,5423,0,0,0,15,134
52759,1698422557437,-1650,-493,-1194,1984,1161,-2475,-140,-2761,5431,0,0,0,95,143
52760,1698422557459,-1396,-661,-1161,1964,1022,-861,-154,-2769,5438,0,0,0,115,168
52761,1698422557474,-1109,-827,-1136,1706,317,149,-168,-2776,5445,0,0,0,127,78
52762,1698422557497,-819,-1128,-653,-919,-1576,392,-174,-2780,5453,0,0,0,12,31
52763,1698422557519,-846,-705,-941,-1080,-2758,54,-180,-2779,5472,98,7,0,42,71
52764,1698422557542,-583,-520,-1028,-1024,-1752,-507,-186,-2773,5497,573,533,0,99,152
52765,1698422557557,-384,-402,-1087,-757,-860,-167,-192,-2767,5524,643,613,0,220,173
52766,1698422557586,-317,-317,-1057,-399,-58,130,-198,-2760,5548,690,537,0,447,53
52767,1698422557594,-281,-241,-1039,-260,50,183,-203,-2755,5570,816,446,0,138,4
52768,1698422557617,-240,-180,-1035,-180,14,103,-209,-2747,5596,967,588,0,30,1
52769,1698422557632,-175,-138,-1045,-122,47,72,-215,-2740,5622,1260,1127,0,17,0
52770,1698422557655,-163,-96,-1034,-93,20,34,-220,-2733,5649,1537,1085,18,95,0
52771,1698422557678,-268,-159,-1093,-87,3,8,-224,-2726,5673,1625,1317,38,136,0
52772,1698422557692,-221,-110,-1077,-63,-53,-10,-228,-2719,5696,1697,1240,102,319,0
52773,1698422557715,-192,-76,-1066,-50,-164,-6,-230,-2711,5719,1652,1291,113,361,0
52774,1698422557737,-163,-49,-1053,-44,-311,0,-231,-2705,5740,1736,1408,199,607,0
52775,1698422557752,-131,-24,-1053,-11,-255,-1,-230,-2699,5758,1801,1421,217,786,119
52776,1698422557775,-110,-8,-1048,17,-153,15,-228,-2693,5774,1786,1475,269,855,348
52777,1698422557797,-91,4,-1041,40,-83,28,-225,-2690,5783,1760,1335,252,899,385
52778,1698422557819,-78,13,-1037,48,-52,40,-223,-2687,5789,1747,1357,249,871,518
52779,1698422557834,-67,22,-1032,47,-51,50,-221,-2685,5794,1710,1445,230,905,556
52780,1698422557857,-57,24,-1019,37,-41,50,-219,-2685,5796,1702,1437,211,954,642
52781,1698422557880,-47,30,-1019,24,4,54,-217,-2683,5799,1774,1589,458,1111,744
52782,1698422557895,-44,32,-1012,5,52,57,-215,-2681,5802,1642,1598,362,1131,839
52783,1698422557925,-42,35,-1013,-12,81,59,-214,-2679,5805,1577,1469,430,1211,870
52784,1698422557939,-37,41,-1018,-27,97,64,-212,-2677,5805,1461,1421,643,1341,968
52785,1698422557955,-15,42,-1021,-33,86,72,-211,-2676,5805,1391,1220,826,1450,1160
52786,1698422557977,3,69,-1017,-44,92,67,-211,-2674,5803,1364,1077,921,1588,1318
52787,1698422557992,7,66,-1024,-36,79,83,-211,-2673,5801,1333,747,1042,1691,1473
52788,1698422558015,12,70,-1020,-24,37,95,-209,-2672,5795,1171,615,1190,1813,1599
52789,1698422558045,5,59,-1021,-32,-14,94,-206,-2671,5787,851,524,1277,1918,1734
52790,1698422558052,11,55,-1024,-42,-16,99,-204,-2672,5777,723,339,1402,2041,1886
52791,1698422558075,3,56,-1043,-78,63,100,-200,-2674,5758,546,205,1559,2159,2010
52792,1698422558097,5,60,-1114,-379,296,84,-197,-2678,5736,102,57,1720,2262,2138
52793,1698422558112,0,58,-1176,-959,364,60,-191,-2686,5706,13,436,1895,2293,2175
52794,1698422558150,-2,61,-1191,-1654,428,39,-186,-2692,5675,0,22,1925,2372,2249
52795,1698422558165,-23,44,-1243,-2219,301,15,-184,-2696,5639,0,0,1927,2413,2273
52796,1698422558179,-45,30,-1296,-2754,144,60,-183,-2698,5600,0,0,1856,2448,2277
52797,1698422558195,-66,13,-1346,-3283,-238,162,-183,-2700,5563,0,0,1719,2427,2293
52798,1698422558217,-116,-9,-1382,-3978,-408,332,-184,-2700,5519,0,0,1601,2392,2296
52799,1698422558239,-162,-54,-1518,-4767,-752,576,-185,-2700,5476,0,0,1468,2353,2310
52800,1698422558254,-232,-138,-1829,-5028,-1063,713,-187,-2695,5427,0,0,1287,2177,2216
52801,1698422558277,-231,-182,-1917,-5888,-967,997,-184,-2689,5381,0,0,889,1976,2084
52802,1698422558299,-231,-141,-2130,-6174,-1232,1096,-181,-2682,5332,0,0,560,1682,1838
52803,1698422558315,-301,43,-2179,-6165,-1888,1115,-176,-2676,5288,0,0,41,1004,1060
52804,1698422558337,-393,264,-1968,-6428,-2466,1198,-171,-2670,5254,0,0,0,40,10
52805,1698422558352,-560,613,-1681,-4073,-1347,1250,-166,-2666,5221,0,0,0,166,0
52806,1698422558375,-497,749,-1520,-786,-576,831,-161,-2661,5195,0,0,0,129,0
52807,1698422558397,-451,781,-1318,1341,-507,277,-157,-2658,5179,0,0,0,100,0
52808,1698422558419,-429,758,-1164,2532,-324,-111,-153,-2654,5171,0,0,0,67,0
52809,1698422558442,-411,741,-1031,3222,139,-322,-152,-2652,5172,0,0,0,87,0
52810,1698422558457,-370,723,-944,3819,676,-517,-151,-2649,5182,0,0,0,29,0
52811,1698422558472,-322,689,-890,4411,1052,-737,-153,-2649,5196,0,0,0,100,0
52812,1698422558495,-292,637,-904,4997,1188,-933,-154,-2651,5215,0,0,0,52,0
52813,1698422558517,-292,561,-957,5483,1258,-958,-157,-2654,5239,0,0,0,18,0
52814,1698422558532,-308,480,-1035,5774,1415,-740,-160,-2661,5272,0,0,0,74,0
52815,1698422558555,-310,409,-1131,5920,1631,-404,-163,-2671,5304,0,0,0,35,0
52816,1698422558577,-304,338,-1248,5994,1741,-147,-167,-2684,5336,0,0,0,63,0
52817,1698422558607,-310,241,-1412,5931,1852,-97,-170,-2699,5366,0,0,0,58,0
52818,1698422558615,-320,98,-1629,5811,1973,-351,-173,-2714,5397,0,0,0,46,0
52819,1698422558651,-355,-136,-1900,5683,1960,-902,-176,-2734,5432,0,0,0,24,29
52820,1698422558653,-413,-490,-2161,5618,1991,-1389,-178,-2754,5466,0,0,0,29,60
52821,1698422558674,-438,-958,-2309,5629,2470,-1346,-184,-2786,5497,0,0,0,35,65
52822,1698422558705,-274,-1582,-2235,5270,3128,-877,-191,-2816,5519,0,0,0,130,55
52823,1698422558712,582,-2686,-2830,3063,1794,-18,-203,-2847,5528,0,0,0,232,105
52824,1698422558734,386,-1913,-2337,-919,-2701,640,-216,-2868,5548,242,109,0,136,204
52825,1698422558757,277,-1652,-2129,-3902,-3306,209,-221,-2868,5585,295,83,0,10,235
52826,1698422558772,244,-1278,-2093,-4350,-2121,-208,-220,-2860,5625,748,735,0,90,425
52827,1698422558817,228,-1020,-2017,-4060,-1575,81,-222,-2849,5659,1012,631,0,156,428
52828,1698422558832,88,-848,-1929,-2764,-1587,-2,-225,-2832,5708,1065,880,82,170,189
52829,1698422558834,103,-681,-1766,-1528,-1108,-55,-225,-2813,5758,1562,1178,379,828,356
52830,1698422558855,74,-545,-1619,-783,-591,-35,-226,-2794,5811,1703,1011,593,1208,880
52831,1698422558891,69,-432,-1485,-384,-337,-8,-226,-2777,5855,1603,1232,648,1359,1263
52832,1698422558893,65,-335,-1383,-178,-210,10,-227,-2763,5892,1681,1689,632,1490,1486
52833,1698422558915,54,-258,-1312,-62,-141,21,-229,-2751,5922,1693,1556,681,1527,1585
52834,1698422558938,41,-198,-1251,-11,-82,29,-230,-2741,5948,1762,1554,775,1600,1679
52835,1698422558959,30,-152,-1205,14,-54,39,-231,-2735,5965,1748,1694,766,1660,1762
52836,1698422558975,23,-115,-1171,35,-50,52,-232,-2731,5977,1740,1522,821,1673,1788
52837,1698422558998,17,-85,-1138,41,-58,59,-231,-2728,5982,1468,1414,822,1723,1839
52838,1698422559012,16,-59,-1114,40,-34,64,-229,-2727,5984,1392,966,808,1791,1856
52839,1698422559035,16,-39,-1095,31,-2,72,-227,-2728,5979,1356,953,868,1820,1881
52840,1698422559057,19,-25,-1077,19,39,82,-225,-2729,5973,1346,910,960,1843,1880
52841,1698422559079,19,-9,-1067,10,91,84,-223,-2731,5963,893,649,1040,1861,1893
52842,1698422559102,15,0,-1060,7,109,81,-219,-2734,5950,913,367,1160,1948,1871
52843,1698422559117,11,8,-1052,5,104,79,-216,-2735,5935,1162,77,1270,1951,1884
52844,1698422559132,7,14,-1047,2,107,79,-213,-2737,5920,839,8,1337,1996,1938
52845,1698422559155,-6,18,-1041,-18,136,94,-211,-2739,5904,95,13,1509,2065,1984
52846,1698422559177,-5,21,-1046,-76,173,118,-210,-2744,5887,89,0,1481,2110,2030
52847,1698422559199,-12,20,-1048,-206,230,171,-208,-2748,5870,0,0,1548,2190,2083
52848,1698422559214,-5,26,-1054,-409,221,203,-205,-2753,5849,0,0,1663,2272,2132
52849,1698422559237,0,24,-1088,-653,218,217,-203,-2756,5825,0,0,1783,2280,2184
52850,1698422559252,17,32,-987,-706,232,172,-202,-2758,5804,0,0,1827,2319,2242
52851,1698422559274,15,25,-998,-1058,268,155,-203,-2760,5780,0,0,1795,2359,2279
52852,1698422559297,38,8,-955,-1287,241,54,-204,-2762,5757,0,0,1836,2383,2304
52853,1698422559312,30,17,-1115,-1715,106,21,-205,-2766,5726,0,0,1839,2396,2320
52854,1698422559342,-10,19,-1233,-2371,-69,93,-205,-2767,5697,0,3,1694,2415,2330
52855,1698422559365,-38,-38,-1081,-3232,-177,270,-205,-2766,5661,0,0,1682,2396,2286
52856,1698422559372,-85,-37,-1321,-4175,-305,551,-205,-2764,5617,0,0,1603,2352,2260
52857,1698422559396,-112,-125,-1762,-5268,-117,762,-203,-2757,5570,0,0,1331,2195,2196
52858,1698422559417,-110,-156,-2036,-6275,-135,769,-202,-2743,5514,0,0,975,1960,2074
52859,1698422559432,-186,-109,-2278,-6807,-223,960,-201,-2728,5459,0,0,587,1598,1808
52860,1698422559455,-264,175,-2267,-6929,-484,1251,-199,-2712,5406,0,0,82,838,958
52861,1698422559477,-334,378,-1891,-7391,-805,1598,-196,-2697,5362,0,0,0,109,3
52862,1698422559492,-384,733,-1595,-3231,-603,1516,-196,-2683,5320,0,0,0,178,0
52863,1698422559515,-309,841,-1338,-385,-354,938,-190,-2673,5283,0,0,0,198,0
52864,1698422559537,-288,804,-1133,1325,-370,426,-188,-2665,5259,0,0,0,197,0
52865,1698422559552,-290,760,-977,2199,-276,43,-186,-2661,5245,0,0,0,185,0
52866,1698422559589,-301,732,-850,2899,-113,-247,-185,-2658,5238,0,0,0,173,0
52867,1698422559598,-307,692,-786,3664,87,-511,-185,-2658,5239,0,0,0,136,0
52868,1698422559627,-318,638,-780,4407,292,-779,-184,-2658,5244,0,0,0,126,0
52869,1698422559635,-347,554,-808,5057,553,-940,-185,-2662,5256,0,0,0,142,0
52870,1698422559657,-380,457,-871,5469,909,-853,-186,-2665,5271,0,0,0,132,0
52871,1698422559672,-410,361,-970,5634,1334,-575,-186,-2673,5294,0,0,0,139,0
52872,1698422559702,-423,276,-1079,5641,1811,-153,-186,-2682,5319,0,0,0,122,0
52873,1698422559717,-409,196,-1216,5607,2128,250,-187,-2694,5343,0,0,0,163,0
52874,1698422559746,-395,109,-1386,5533,2268,509,-191,-2708,5367,0,0,0,163,0
52875,1698422559762,-393,8,-1588,5456,2375,642,-195,-2720,5389,0,0,0,200,0
52876,1698422559777,-380,-135,-1814,5347,2657,774,-200,-2736,5409,0,0,0,242,4
52877,1698422559792,-322,-348,-2038,5079,3171,1021,-204,-2751,5424,0,0,0,213,6
52878,1698422559822,-127,-601,-2160,4536,3961,1368,-210,-2767,5431,0,0,0,255,62
52879,1698422559837,179,-966,-2148,3921,3501,1680,-218,-2780,5435,0,0,0,263,177
52880,1698422559860,468,-1493,-1998,3576,2446,2405,-228,-2792,5439,0,0,0,329,129
52881,1698422559875,786,-1824,-1892,2336,1203,3100,-239,-2800,5440,0,0,0,283,229
52882,1698422559897,842,-934,-641,-2203,-1597,2682,-244,-2801,5447,88,0,0,191,41
52883,1698422559912,647,-873,-859,-3195,-5265,2154,-245,-2790,5482,388,229,0,28,269
52884,1698422559935,488,-712,-1068,-3752,-5085,654,-242,-2777,5516,581,529,0,42,368
52885,1698422559957,436,-542,-1305,-3616,-4666,-222,-240,-2759,5549,915,780,0,0,267
52886,1698422559980,405,-460,-1326,-2212,-3050,-275,-236,-2742,5589,1408,1338,139,205,85
52887,1698422559995,332,-385,-1278,-1138,-1550,-177,-228,-2719,5641,1624,1582,300,661,18
52888,1698422560032,266,-311,-1217,-585,-743,-132,-223,-2700,5685,1570,1446,476,967,454
52889,1698422560033,216,-245,-1186,-303,-382,-85,-220,-2684,5722,1678,1736,639,1152,995
52890,1698422560055,162,-185,-1150,-145,-202,-49,-220,-2670,5754,1680,1660,710,1292,1280
52891,1698422560077,121,-130,-1108,-57,-124,-17,-220,-2659,5779,1574,1573,709,1379,1452
52892,1698422560092,95,-95,-1094,-10,-66,-8,-219,-2652,5794,1658,1619,730,1471,1588
52893,1698422560122,76,-69,-1080,14,-36,3,-217,-2646,5805,1531,1444,764,1493,1619
52894,1698422560137,58,-49,-1068,28,-16,19,-215,-2644,5809,1566,994,868,1556,1698
52895,1698422560152,44,-31,-1059,37,-6,31,-213,-2644,5808,1557,992,915,1657,1771
52896,1698422560175,34,-19,-1052,45,-3,38,-209,-2644,5806,1499,795,1017,1642,1800
52897,1698422560205,15,-8,-1043,47,2,46,-206,-2645,5799,1135,995,996,1697,1831
52898,1698422560212,12,0,-1037,43,2,51,-204,-2649,5791,1153,724,1018,1754,1878
52899,1698422560235,8,4,-1033,43,3,54,-202,-2651,5781,872,510,1087,1807,1932
52900,1698422560258,5,11,-1033,38,8,59,-199,-2653,5772,1156,499,1161,1837,1946
52901,1698422560272,8,14,-1028,24,27,69,-197,-2656,5762,899,586,1174,1869,1955
52902,1698422560295,8,22,-1034,7,70,72,-195,-2658,5752,1102,413,1263,1894,1942
52903,1698422560317,5,24,-1031,-9,106,66,-194,-2657,5743,965,415,1290,1894,1919
52904,1698422560347,4,26,-1033,-12,124,64,-193,-2658,5735,827,217,1319,1916,1933
52905,1698422560362,0,25,-1037,-19,164,75,-192,-2659,5726,639,358,1389,1920,1913
52906,1698422560377,-3,25,-1034,-45,225,74,-191,-2660,5719,986,283,1455,1960,1866
52907,1698422560392,-2,24,-1036,-55,115,80,-192,-2660,5711,499,121,1506,1867,1756
52908,1698422560415,-12,21,-1038,-96,223,95,-192,-2661,5702,184,11,1666,1868,1716
52909,1698422560437,-18,19,-1042,-132,283,112,-192,-2662,5693,21,5,1708,1785,1558
52910,1698422560452,-17,18,-1037,-176,336,145,-190,-2664,5679,0,0,1683,1773,1354
52911,1698422560475,-17,19,-1032,-204,369,192,-187,-2666,5663,0,0,1797,1672,1218
52912,1698422560497,-32,17,-1032,-262,387,282,-185,-2668,5650,0,0,1758,1578,916
52913,1698422560512,-25,9,-1066,-343,476,315,-184,-2669,5633,0,0,1834,1508,757
52914,1698422560535,-37,-24,-1045,-450,636,385,-184,-2670,5618,0,0,1677,1351,465
52915,1698422560557,-18,-30,-1094,-334,935,426,-184,-2671,5601,0,0,1597,1088,323
52916,1698422560573,-48,-23,-1114,-271,1445,503,-184,-2673,5585,0,0,1471,653,295
52917,1698422560595,-115,-5,-1135,-293,1852,749,-184,-2673,5566,0,0,1193,402,263
52918,1698422560617,-275,21,-1140,-588,1704,1070,-186,-2674,5545,0,0,1008,332,174
52919,1698422560632,-460,48,-1133,-907,1324,1748,-189,-2674,5527,0,0,809,269,199
52920,1698422560655,-699,96,-1020,-1195,1007,2750,-190,-2673,5504,0,0,421,254,116
52921,1698422560677,-888,123,-975,-938,927,4100,-191,-2673,5483,0,0,150,142,47
52922,1698422560700,-977,189,-850,-363,1053,5545,-187,-2670,5465,0,0,3,7,0
52923,1698422560715,-984,248,-747,346,903,6813,-182,-2668,5450,0,0,0,2,0
52924,1698422560751,-903,296,-702,1034,422,8374,-170,-2668,5440,0,0,0,0,0
52925,1698422560760,-807,336,-699,1931,-41,9561,-154,-2669,5433,0,0,0,0,0
52926,1698422560806,-707,313,-735,2361,-122,10187,-131,-2676,5434,0,0,0,0,0
52927,1698422560806,-606,291,-781,2270,59,10213,-102,-2689,5438,0,0,0,0,0
52928,1698422560827,-512,289,-835,1883,351,9939,-77,-2703,5443,0,0,0,0,0
52929,1698422560835,-411,333,-888,1366,794,9598,-50,-2725,5454,0,0,0,0,0
52930,1698422560857,-271,423,-937,978,1089,9102,-28,-2746,5465,0,0,0,0,0
52931,1698422560880,-145,506,-948,791,1117,8513,-9,-2770,5479,0,0,0,0,0
52932,1698422560895,-53,565,-981,750,795,7784,4,-2793,5493,0,0,0,0,0
52933,1698422560924,-12,598,-986,668,543,7026,16,-2818,5508,0,0,0,0,0
52934,1698422560933,10,605,-980,541,540,6288,25,-2844,5522,0,0,0,0,0
52935,1698422560955,19,592,-978,434,612,5481,32,-2866,5534,0,0,0,0,0
52936,1698422560977,10,557,-984,370,652,4498,35,-2888,5548,0,0,0,0,0
52937,1698422560992,-25,507,-1000,329,798,3461,37,-2906,5559,0,0,0,6,0
52938,1698422561014,-46,450,-1021,428,933,2416,37,-2921,5569,0,0,0,0,0
52939,1698422561037,-70,366,-1032,487,975,1448,36,-2934,5577,0,0,0,0,0
52940,1698422561052,112,405,-993,758,15,190,32,-2943,5585,0,0,0,0,0
52941,1698422561075,23,559,-1087,763,-703,-887,31,-2950,5592,0,0,0,0,0
52942,1698422561097,57,546,-1063,301,-850,-541,30,-2952,5604,0,0,0,136,0
52943,1698422561112,51,431,-1074,42,-600,-219,28,-2947,5631,26,0,93,249,0
52944,1698422561135,47,357,-1048,30,-166,-84,26,-2941,5658,751,84,137,383,0
52945,1698422561165,27,292,-1037,4,22,-19,24,-2934,5687,888,126,308,567,54
52946,1698422561172,18,239,-1036,-12,41,19,21,-2925,5716,770,444,632,761,0
52947,1698422561195,8,197,-1039,-2,57,34,18,-2915,5753,967,910,552,846,0
52948,1698422561217,3,165,-1040,21,82,50,14,-2903,5787,1138,1060,571,882,0
52949,1698422561232,-2,138,-1041,52,105,61,9,-2892,5819,1253,889,794,763,0
52950,1698422561254,-7,117,-1040,81,124,73,6,-2884,5843,1414,1060,683,662,0
52951,1698422561277,-14,100,-1036,102,133,82,2,-2878,5860,1521,1093,613,484,0
52952,1698422561292,-18,90,-1031,115,133,87,0,-2875,5874,1458,1105,553,475,0
52953,1698422561315,-24,81,-1028,93,94,86,-3,-2873,5884,1446,1093,610,494,0
52954,1698422561337,-20,75,-1029,78,71,78,-5,-2871,5890,1445,1137,623,462,0
52955,1698422561352,-24,68,-1022,67,62,74,-6,-2870,5895,1434,1111,686,437,7
52956,1698422561374,-25,61,-1023,46,-1,63,-8,-2869,5899,1464,1225,721,512,0
52957,1698422561397,-26,56,-1023,44,-12,58,-8,-2868,5901,1445,1183,715,758,0
52958,1698422561412,-27,52,-1026,40,-41,52,-9,-2867,5900,1488,1279,764,487,0
52959,1698422561435,-27,49,-1023,39,-62,45,-8,-2867,5900,1377,1243,727,670,0
52960,1698422561457,-26,46,-1024,33,-73,44,-6,-2868,5901,1467,1274,729,650,1
52961,1698422561479,-26,44,-1026,43,-65,42,-5,-2868,5900,1429,1266,741,721,34
52962,1698422561495,-23,41,-1025,45,-25,45,-3,-2868,5900,1394,1298,753,767,20
52963,1698422561524,-21,40,-1022,47,8,50,-1,-2868,5899,1385,1402,750,798,0
52964,1698422561532,-18,40,-1025,51,33,52,0,-2868,5898,1381,1491,760,788,0
52965,1698422561555,-14,37,-1020,54,45,54,1,-2867,5897,1360,1274,769,794,1
52966,1698422561577,-15,37,-1020,61,52,54,1,-2868,5894,1428,1270,764,796,11
52967,1698422561600,-16,37,-1022,61,62,55,1,-2868,5894,1392,1259,757,777,8
52968,1698422561615,-11,36,-1019,68,68,59,2,-2869,5894,1428,1207,778,716,0
52969,1698422561637,-12,35,-1020,77,88,56,2,-2869,5893,1378,1185,779,734,3
52970,1698422561652,-17,33,-1022,82,95,59,1,-2870,5891,1409,1060,737,649,0
52971,1698422561675,-19,30,-1024,90,79,59,2,-2871,5889,1538,1226,756,622,13
52972,1698422561697,-17,31,-1024,94,67,54,1,-2872,5886,1409,1070,682,575,32
52973,1698422561712,-19,31,-1022,92,57,53,2,-2873,5881,1395,1009,716,589,31
52974,1698422561735,-21,32,-1020,89,44,52,3,-2874,5877,1276,1141,511,458,16
52975,1698422561765,-22,33,-1021,83,46,51,5,-2875,5874,1241,1320,458,585,19
52976,1698422561772,-22,33,-1020,80,63,54,3,-2877,5872,1219,1333,438,363,49
52977,1698422561795,-23,35,-1018,78,57,50,2,-2878,5869,1325,1374,365,398,1
52978,1698422561817,-25,36,-1019,70,44,50,3,-2879,5868,1382,1319,395,481,0
52979,1698422561832,-25,36,-1019,71,29,51,2,-2880,5867,1448,1366,376,442,0
52980,1698422561855,-27,36,-1023,67,14,47,1,-2880,5866,1554,1354,369,535,0
52981,1698422561877,-26,35,-1024,67,5,47,1,-2881,5865,1527,1111,335,579,10
52982,1698422561892,-26,35,-1024,81,8,47,2,-2882,5860,1512,1017,353,393,1
52983,1698422561915,-25,36,-1024,95,17,46,2,-2883,5857,1474,1127,299,252,0
52984,1698422561937,-24,37,-1024,106,22,47,3,-2885,5851,1170,792,222,298,0
52985,1698422561952,-24,37,-1023,108,13,50,5,-2887,5843,1013,777,212,297,0
52986,1698422561975,-23,38,-1021,102,-8,52,7,-2891,5833,927,851,183,258,1
52987,1698422561997,-22,39,-1022,95,-24,51,8,-2895,5821,448,322,69,149,0
52988,1698422562013,-20,39,-1022,96,-14,47,10,-2900,5809,313,161,41,166,0
52989,1698422562035,-19,39,-1021,97,12,47,11,-2903,5798,330,102,1,76,0
52990,1698422562057,-19,40,-1020,98,20,48,12,-2907,5786,311,54,0,111,0
52991,1698422562072,-20,42,-1017,92,-13,51,14,-2911,5774,358,9,0,68,0
52992,1698422562095,-19,43,-1017,85,-49,55,15,-2914,5766,251,103,0,62,0
52993,1698422562117,-15,43,-1018,84,-47,51,16,-2917,5754,180,182,0,268,0
52994,1698422562133,-14,45,-1018,89,-5,48,18,-2920,5744,238,155,0,108,0
52995,1698422562155,-14,44,-1018,93,22,51,19,-2923,5736,259,25,0,1,0
52996,1698422562177,-13,46,-1018,85,12,46,20,-2925,5728,305,46,0,0,0
52997,1698422562192,-15,46,-1019,74,-13,47,21,-2928,5719,218,30,0,1,0
52998,1698422562214,-14,47,-1021,74,-48,48,21,-2931,5710,321,2,0,9,0
52999,1698422562238,-12,47,-1022,71,-61,44,23,-2934,5704,852,0,0,16,0
53000,1698422562252,-9,46,-1017,70,-44,44,24,-2937,5697,175,46,0,84,0
53001,1698422562290,-7,47,-1018,68,-11,45,26,-2939,5690,73,0,0,114,0
53002,1698422562291,-5,51,-1020,62,20,51,27,-2942,5683,1,0,0,34,0
53003,1698422562312,-5,51,-1021,60,47,53,27,-2946,5674,0,0,0,100,0
53004,1698422562341,-5,49,-1022,53,91,57,28,-2949,5667,0,0,0,187,0
53005,1698422562357,-15,42,-1039,49,109,43,30,-2953,5660,0,0,0,214,0
53006,1698422562379,-23,41,-1032,29,106,9,30,-2957,5653,0,0,0,178,0
53007,1698422562395,-21,42,-1024,17,107,-4,32,-2959,5647,0,0,0,148,0
53008,1698422562417,-22,41,-1020,32,82,-2,33,-2962,5641,0,0,0,130,0
53009,1698422562432,-21,41,-1020,38,46,0,34,-2963,5636,0,0,0,183,0
53010,1698422562455,-18,41,-1020,47,22,15,35,-2964,5633,0,0,0,224,0
53011,1698422562477,-17,42,-1019,57,27,38,36,-2966,5630,0,0,0,258,0
53012,1698422562492,-15,42,-1021,60,36,45,37,-2968,5627,0,0,0,250,0
53013,1698422562515,-15,43,-1020,67,42,58,36,-2970,5623,0,0,0,225,0
53014,1698422562536,-15,43,-1018,79,50,68,37,-2971,5621,0,0,0,198,0
53015,1698422562552,-15,43,-1018,91,48,68,37,-2970,5620,0,0,0,143,0
53016,1698422562576,-15,44,-1018,93,39,70,37,-2972,5619,0,0,0,110,0
53017,1698422562597,-15,44,-1021,81,30,74,37,-2973,5620,0,0,0,146,0
53018,1698422562612,-14,45,-1022,66,44,75,37,-2973,5620,0,0,0,137,0
53019,1698422562642,-13,45,-1023,53,71,74,36,-2974,5620,0,0,0,164,0
53020,1698422562657,-14,44,-1021,44,96,72,36,-2974,5620,0,0,0,138,0
53021,1698422562672,-15,44,-1019,37,102,75,34,-2975,5619,0,0,0,101,0
53022,1698422562695,-16,43,-1018,42,81,74,34,-2975,5618,0,0,0,137,0
53023,1698422562717,-16,42,-1016,52,47,70,34,-2975,5618,0,0,0,121,0
53024,1698422562732,-16,42,-1016,61,18,63,35,-2975,5618,0,0,0,118,0
53025,1698422562755,-16,42,-1016,65,2,62,35,-2975,5618,0,0,0,125,0
53026,1698422562777,-16,42,-1016,69,-5,60,35,-2974,5618,0,0,0,108,0
53027,1698422562792,-15,42,-1017,67,-5,58,35,-2975,5617,0,0,0,126,0
53028,1698422562815,-14,42,-1017,62,-3,59,34,-2973,5617,0,0,0,146,0
53029,1698422562837,-15,42,-1015,65,-8,57,35,-2973,5618,8,0,0,64,0
53030,1698422562867,-15,42,-1017,67,-18,61,35,-2973,5619,0,0,0,92,0
53031,1698422562875,-13,42,-1017,68,-25,59,36,-2972,5620,0,0,0,90,0
53032,1698422562897,-12,42,-1018,70,-24,58,35,-2972,5621,0,0,0,122,0
53033,1698422562912,-10,43,-1020,67,-10,58,34,-2971,5621,0,0,0,161,0
53034,1698422562935,-10,44,-1021,65,8,57,34,-2971,5622,0,0,0,166,0
53035,1698422562957,-9,44,-1022,67,26,58,34,-2971,5620,0,0,0,148,0
53036,1698422562972,-8,43,-1019,65,30,56,34,-2971,5619,0,0,0,143,0
53037,1698422563002,-8,43,-1017,61,36,58,35,-2971,5619,0,0,0,144,0
53038,1698422563018,-7,43,-1017,63,42,59,35,-2971,5618,0,0,0,285,0
53039,1698422563032,-8,43,-1017,63,47,60,36,-2970,5618,0,0,45,165,0
53040,1698422563055,-9,44,-1018,59,58,63,36,-2970,5617,0,0,67,153,0
53041,1698422563077,-10,45,-1019,57,64,65,36,-2970,5617,0,0,36,174,0
53042,1698422563092,-10,44,-1021,58,63,67,36,-2970,5616,0,0,36,177,0
53043,1698422563115,-11,44,-1020,56,57,71,35,-2971,5615,0,0,38,253,0
53044,1698422563137,-11,44,-1020,56,55,71,36,-2970,5616,0,0,39,190,0
53045,1698422563152,-10,44,-1021,55,55,68,37,-2969,5617,0,0,1,229,0
53046,1698422563175,-10,44,-1021,55,59,67,38,-2969,5617,0,0,36,347,0
53047,1698422563197,-12,44,-1021,57,56,68,38,-2969,5618,0,0,71,435,0
53048,1698422563213,-12,44,-1020,60,57,67,37,-2969,5617,0,0,46,471,0
53049,1698422563235,-16,43,-1006,52,54,69,37,-2968,5616,0,0,15,457,0
53050,1698422563257,-18,43,-1014,66,29,67,36,-2968,5616,0,0,0,368,0
53051,1698422563272,-14,42,-1017,74,16,61,36,-2969,5617,0,0,0,471,0
53052,1698422563295,-13,43,-1015,70,14,61,36,-2968,5617,0,0,0,409,0
53053,1698422563318,-12,42,-1016,67,14,59,36,-2968,5618,0,0,0,302,0
53054,1698422563332,-12,42,-1017,64,16,57,37,-2968,5617,0,0,3,258,0
53055,1698422563362,-11,43,-1019,63,17,56,37,-2967,5618,0,0,13,265,0
53056,1698422563377,-10,43,-1020,61,23,58,37,-2967,5617,0,0,0,226,0
53057,1698422563392,-10,43,-1020,59,34,59,37,-2968,5617,0,0,0,401,0
53058,1698422563414,-10,44,-1019,64,38,59,38,-2968,5618,0,0,0,368,0
53059,1698422563437,-10,43,-1020,66,37,62,38,-2968,5617,0,0,0,369,0
53060,1698422563452,-11,43,-1021,67,39,62,38,-2969,5617,0,0,18,227,0
53061,1698422563475,-11,44,-1020,64,42,61,38,-2968,5618,0,0,19,217,0
53062,1698422563497,-10,44,-1017,66,43,64,38,-2968,5619,0,0,0,438,0
53063,1698422563512,-11,44,-1018,65,42,64,38,-2968,5618,0,0,0,536,0
53064,1698422563536,-10,44,-1019,65,44,63,37,-2967,5620,0,0,0,614,0
53065,1698422563557,-10,43,-1020,63,41,60,39,-2968,5621,0,0,0,460,0
53066,1698422563580,-10,43,-1020,67,38,59,38,-2968,5619,0,0,0,542,0
53067,1698422563595,-9,43,-1019,63,34,57,38,-2968,5618,0,0,0,461,0
53068,1698422563618,-10,44,-1020,63,34,56,39,-2968,5619,0,0,0,530,0
53069,1698422563632,-11,44,-1020,62,33,57,38,-2969,5618,0,0,0,505,0
53070,1698422563655,-11,44,-1020,66,33,54,39,-2968,5619,0,0,0,497,0
53071,1698422563677,-10,44,-1020,66,37,56,39,-2969,5620,0,0,0,505,0
53072,1698422563692,-11,44,-1019,67,36,56,39,-2968,5619,0,0,0,390,0
53073,1698422563715,-10,43,-1020,66,39,59,39,-2968,5619,0,0,0,459,0
53074,1698422563737,-10,42,-1019,66,40,56,39,-2968,5619,0,0,0,390,0
53075,1698422563752,-11,43,-1018,69,38,55,39,-2966,5619,0,0,0,432,0
53076,1698422563775,-11,42,-1019,68,37,57,39,-2966,5620,0,0,1,410,0
53077,1698422563797,-11,41,-1019,69,34,57,38,-2966,5621,0,0,0,430,0
53078,1698422563812,-11,42,-1020,66,40,56,38,-2965,5621,0,0,0,347,0
53079,1698422563835,-11,42,-1020,64,41,59,38,-2966,5621,0,0,0,324,0
53080,1698422563857,-10,42,-1021,64,39,60,38,-2966,5621,0,0,0,477,0
53081,1698422563872,-9,42,-1021,64,36,61,38,-2966,5621,0,0,0,547,0
53082,1698422563895,-9,42,-1020,65,36,64,39,-2967,5619,0,0,0,302,0
53083,1698422563917,-9,41,-1019,64,33,63,39,-2968,5619,0,0,0,236,0
53084,1698422563932,-8,41,-1018,64,32,63,39,-2967,5618,0,0,0,234,0
53085,1698422563955,-9,41,-1019,65,30,59,39,-2968,5618,0,0,0,236,0
53086,1698422563977,-9,42,-1019,67,30,59,39,-2968,5619,0,0,0,243,0
53087,1698422563992,-9,41,-1020,68,30,57,38,-2968,5619,0,0,0,198,147
53088,1698422564015,-11,42,-1020,69,33,55,37,-2968,5619,0,0,0,213,258
53089,1698422564037,-11,42,-1020,67,29,56,37,-2969,5619,0,0,0,266,19
53090,1698422564052,-10,42,-1019,63,31,56,36,-2968,5618,0,0,0,260,0
53091,1698422564082,-11,42,-1020,64,34,56,35,-2968,5620,0,0,0,256,0
53092,1698422564097,-11,42,-1020,59,38,53,36,-2967,5619,0,0,4,276,0
53093,1698422564113,-11,42,-1020,64,38,55,36,-2967,5619,0,0,0,383,0
53094,1698422564135,-11,42,-1020,64,41,57,37,-2968,5619,0,0,0,355,0
53095,1698422564157,-10,42,-1019,65,39,61,38,-2968,5621,0,0,0,410,0
53096,1698422564173,-8,42,-1019,64,40,60,37,-2968,5622,0,0,0,388,0
53097,1698422564195,-9,42,-1019,62,39,65,37,-2968,5623,0,0,2,351,0
53098,1698422564216,-9,42,-1018,66,38,62,36,-2968,5624,0,0,2,344,0
53099,1698422564232,-9,43,-1019,66,37,61,35,-2968,5624,0,0,0,359,0
53100,1698422564255,-9,43,-1019,66,38,60,35,-2969,5624,0,0,0,396,0
53101,1698422564277,-9,42,-1019,64,41,57,35,-2969,5623,0,0,0,377,0
53102,1698422564292,-9,42,-1018,60,38,58,34,-2969,5624,0,0,0,368,26
53103,1698422564315,-9,42,-1018,63,36,57,35,-2969,5624,0,0,0,412,23
53104,1698422564337,-9,41,-1018,64,33,56,35,-2968,5623,0,0,13,382,0
53105,1698422564352,-9,41,-1018,63,34,57,35,-2969,5622,0,0,0,394,4
53106,1698422564375,-9,42,-1019,63,33,58,36,-2971,5622,0,0,7,345,13
53107,1698422564397,-10,42,-1018,64,33,58,36,-2971,5622,0,0,16,340,1
53108,1698422564413,-10,42,-1018,63,38,57,36,-2972,5622,0,0,17,384,0
53109,1698422564435,-11,42,-1019,64,37,56,35,-2972,5622,0,0,23,380,0
53110,1698422564457,-12,42,-1019,69,37,54,36,-2971,5622,0,0,18,357,3
53111,1698422564472,-12,42,-1019,66,33,56,36,-2971,5622,0,0,14,473,0
53112,1698422564495,-12,42,-1018,68,33,56,36,-2971,5622,0,0,8,448,0
53113,1698422564509,-12,43,-1018,66,34,55,36,-2970,5621,0,0,10,442,1
53114,1698422564532,-11,43,-1017,68,33,56,36,-2970,5621,0,0,10,466,2
53115,1698422564554,-11,43,-1017,67,36,56,36,-2969,5620,0,0,18,466,0
53116,1698422564585,-10,43,-1018,67,32,56,37,-2968,5619,0,0,6,501,0
53117,1698422564592,-10,43,-1017,64,32,54,36,-2968,5619,0,0,4,511,3
53118,1698422564615,-11,43,-1018,66,32,53,37,-2968,5618,0,0,5,494,16
53119,1698422564651,-11,43,-1018,64,31,55,36,-2969,5619,0,0,3,493,8
53120,1698422564653,-10,43,-1019,64,31,55,36,-2969,5619,0,0,0,527,26
53121,1698422564675,-10,42,-1019,64,34,54,36,-2968,5619,0,0,8,498,27
53122,1698422564697,-10,43,-1019,64,38,55,36,-2968,5619,0,0,13,408,34
53123,1698422564712,-9,43,-1019,62,34,59,36,-2967,5619,0,0,30,347,27
53124,1698422564735,-10,43,-1018,66,33,57,35,-2968,5617,0,0,35,387,31
53125,1698422564756,-9,43,-1019,67,33,58,35,-2969,5618,0,0,45,428,25
53126,1698422564772,-9,43,-1020,68,36,58,34,-2968,5617,0,0,44,444,33
53127,1698422564810,-10,43,-1019,62,40,54,35,-2969,5619,0,0,30,412,34
53128,1698422564811,-9,43,-1018,65,37,56,35,-2969,5619,0,0,34,369,28
53129,1698422564832,-10,43,-1017,66,34,57,35,-2969,5618,0,0,30,402,11
53130,1698422564862,-10,43,-1019,61,36,57,36,-2969,5620,0,0,46,443,18
53131,1698422564871,-9,43,-1019,63,37,57,36,-2968,5621,0,0,31,422,9
53132,1698422564892,-9,43,-1017,63,39,56,37,-2968,5621,0,0,37,367,16
53133,1698422564915,-8,43,-1016,60,37,55,37,-2968,5621,0,0,40,403,12
53134,1698422564953,-8,43,-1016,63,36,55,37,-2969,5622,0,0,28,482,2
53135,1698422564954,-8,43,-1017,62,35,55,38,-2969,5620,0,0,27,469,2
53136,1698422564975,-9,43,-1019,63,37,55,38,-2969,5619,0,0,25,492,5
53137,1698422564989,-9,42,-1018,64,38,53,38,-2968,5619,0,0,35,408,5
53138,1698422565020,-10,42,-1019,63,38,52,38,-2968,5618,0,0,37,445,3
53139,1698422565035,-11,43,-1020,62,38,51,39,-2968,5619,0,0,46,608,9
53140,1698422565057,-12,44,-1020,65,39,52,38,-2969,5618,0,0,66,454,20
53141,1698422565073,-10,44,-1020,62,37,52,38,-2970,5620,0,0,64,456,32
53142,1698422565095,-11,44,-1020,63,35,57,38,-2970,5620,0,0,48,548,8
53143,1698422565116,-12,44,-1020,64,35,54,38,-2969,5619,0,0,31,572,1
53144,1698422565140,-11,43,-1021,63,34,55,38,-2969,5620,0,0,25,627,0
53145,1698422565155,-11,43,-1021,62,33,54,38,-2969,5621,0,0,34,553,0
53146,1698422565177,-11,43,-1021,64,35,54,37,-2969,5619,0,0,27,616,0
53147,1698422565193,-9,42,-1022,61,35,56,38,-2969,5620,0,0,20,650,0
53148,1698422565215,-9,43,-1021,61,36,53,38,-2969,5621,0,0,22,617,0
53149,1698422565230,-10,43,-1022,61,36,55,37,-2969,5621,0,0,27,531,2
53150,1698422565252,-10,43,-1021,61,35,51,36,-2969,5618,0,0,26,577,0
53151,1698422565275,-10,43,-1021,66,35,55,36,-2969,5618,0,0,22,631,0
53152,1698422565290,-10,43,-1020,68,34,57,37,-2969,5619,0,0,3,871,0
53153,1698422565312,-10,44,-1021,65,33,57,36,-2970,5619,0,0,9,854,0
53154,1698422565335,-11,44,-1021,66,34,55,37,-2970,5620,0,0,17,739,0
53155,1698422565350,-12,43,-1020,64,36,56,37,-2969,5620,0,0,36,626,1
53156,1698422565372,-12,43,-1021,67,36,56,37,-2968,5621,0,0,32,635,1
53157,1698422565395,-11,43,-1021,63,42,54,37,-2968,5621,0,0,36,700,8
53158,1698422565418,-11,43,-1020,64,42,55,38,-2968,5620,0,0,39,670,35
53159,1698422565432,-11,43,-1020,62,37,55,38,-2968,5620,0,0,78,597,53
53160,1698422565455,-11,43,-1020,63,32,57,38,-2969,5620,0,0,102,572,25
53161,1698422565477,-10,43,-1020,63,33,56,38,-2969,5621,0,0,94,687,12
53162,1698422565492,-10,43,-1019,64,32,54,38,-2969,5621,0,0,80,750,9
53163,1698422565515,-10,42,-1019,66,33,54,38,-2969,5620,0,0,60,799,4
53164,1698422565537,-9,42,-1019,66,35,52,37,-2968,5620,0,0,61,752,22
53165,1698422565560,-10,42,-1019,64,35,52,36,-2968,5620,0,0,39,776,33
53166,1698422565575,-10,42,-1019,65,34,52,36,-2968,5620,0,0,55,629,30
53167,1698422565590,-10,43,-1018,66,37,51,35,-2968,5620,0,0,48,651,29
53168,1698422565612,-10,43,-1017,65,36,51,35,-2969,5619,0,0,56,614,26
53169,1698422565635,-10,43,-1016,63,33,51,35,-2969,5619,0,0,50,612,33
53170,1698422565656,-10,43,-1015,65,33,53,36,-2970,5619,23,0,48,575,36
53171,1698422565672,-10,43,-1017,64,36,56,35,-2968,5619,55,0,46,607,42
53172,1698422565695,-10,42,-1017,67,37,55,35,-2968,5619,60,0,66,593,28
53173,1698422565716,-11,43,-1016,65,34,54,36,-2968,5618,66,0,72,537,37
53174,1698422565732,-10,43,-1018,65,35,56,37,-2969,5618,75,0,58,596,48
53175,1698422565755,-10,43,-1018,65,33,53,38,-2969,5618,76,0,56,563,35
53176,1698422565770,-10,43,-1019,68,35,54,37,-2970,5619,80,0,65,501,51
53177,1698422565792,-9,43,-1018,68,32,56,36,-2970,5617,81,0,67,485,37
53178,1698422565815,-9,43,-1017,66,37,57,35,-2968,5616,82,0,69,481,33
53179,1698422565836,-10,43,-1019,62,36,54,35,-2967,5616,85,0,74,469,23
53180,1698422565859,-11,42,-1019,65,38,54,35,-2967,5616,64,0,62,643,18
53181,1698422565875,-10,43,-1019,63,39,53,34,-2967,5615,65,0,58,666,18
53182,1698422565897,-11,42,-1019,63,39,55,35,-2966,5614,56,0,53,773,11
53183,1698422565913,-10,42,-1017,63,38,59,35,-2967,5614,59,0,63,825,11
53184,1698422565935,-9,42,-1017,63,39,56,35,-2967,5614,48,0,62,792,12
53185,1698422565950,-10,42,-1015,63,37,55,34,-2966,5614,46,0,52,908,1
53186,1698422565972,-11,43,-1015,63,37,51,35,-2967,5614,61,0,63,916,21
53187,1698422565995,-10,43,-1015,61,35,51,35,-2966,5614,66,0,60,948,27
53188,1698422566010,-9,42,-1014,62,31,54,35,-2967,5614,65,0,65,898,26
53189,1698422566034,-9,43,-1017,61,32,54,34,-2966,5613,48,0,68,874,32
53190,1698422566055,-10,43,-1018,61,34,55,34,-2966,5614,0,0,73,870,26
53191,1698422566077,-10,42,-1018,62,32,55,34,-2967,5614,0,0,76,890,25
53192,1698422566092,-9,42,-1018,65,32,55,33,-2967,5616,0,0,77,879,29
53193,1698422566115,-9,42,-1018,65,32,53,34,-2968,5618,0,0,78,885,32
53194,1698422566130,-9,43,-1019,65,36,53,34,-2968,5619,0,0,69,921,21
53195,1698422566152,-9,43,-1016,63,38,53,33,-2968,5619,0,0,82,875,18
53196,1698422566175,-9,43,-1018,68,37,53,34,-2968,5619,0,0,64,925,11
53197,1698422566190,-9,42,-1018,67,37,56,35,-2968,5619,0,0,69,920,13
53198,1698422566212,-9,42,-1017,64,39,57,36,-2968,5620,36,0,72,869,8
53199,1698422566235,-8,42,-1017,65,40,57,36,-2968,5621,44,0,57,873,10
53200,1698422566257,-8,42,-1017,66,38,55,36,-2969,5621,31,0,56,816,2
53201,1698422566280,-8,43,-1016,62,40,61,35,-2969,5622,45,0,52,809,7
53202,1698422566302,-7,42,-1018,63,35,65,35,-2970,5621,9,0,55,807,10
53203,1698422566310,-8,43,-1016,65,34,59,35,-2969,5620,0,0,53,804,17
53204,1698422566333,-8,42,-1017,64,38,57,35,-2969,5621,1,0,52,818,18
53205,1698422566355,-8,43,-1017,64,40,54,35,-2970,5619,9,0,55,808,12
53206,1698422566370,-9,43,-1018,63,39,53,36,-2970,5617,4,0,53,798,18
53207,1698422566392,-9,42,-1017,64,35,55,36,-2970,5616,22,0,54,795,21
53208,1698422566415,-9,42,-1017,67,38,55,35,-2970,5615,14,0,61,816,26
53209,1698422566430,-8,43,-1017,64,33,52,37,-2970,5616,26,0,59,808,22
53210,1698422566452,-8,42,-1019,68,32,50,38,-2970,5616,0,0,58,826,25
53211,1698422566475,-8,42,-1019,65,31,53,38,-2969,5616,0,0,59,811,20
53212,1698422566490,-8,43,-1017,65,36,54,38,-2969,5616,0,0,63,823,32
53213,1698422566512,-9,42,-1018,65,36,53,38,-2968,5616,0,0,67,819,27
53214,1698422566535,-9,42,-1019,63,38,54,38,-2969,5615,0,0,70,829,19
53215,1698422566557,-9,43,-1019,64,37,53,38,-2983,5615,0,0,68,827,21
53216,1698422566572,-10,42,-1018,63,38,51,38,-2981,5614,0,0,66,837,10
53217,1698422566595,-9,42,-1020,67,39,53,38,-2978,5616,0,0,71,837,22
53218,1698422566617,-9,42,-1021,63,37,52,39,-2976,5617,0,0,69,787,153
53219,1698422566632,-9,42,-1020,59,39,51,39,-2975,5617,0,0,74,822,6
53220,1698422566656,-9,43,-1019,58,41,52,40,-2973,5618,0,0,68,812,66
53221,1698422566677,-10,43,-1019,58,36,51,40,-2973,5619,0,0,68,805,55
53222,1698422566692,-9,43,-1018,58,36,51,39,-2973,5620,0,0,57,768,162
53223,1698422566715,-10,44,-1018,61,38,52,39,-2972,5620,0,0,70,798,42
53224,1698422566730,-10,43,-1018,61,33,55,39,-2972,5619,0,0,68,799,50
53225,1698422566752,-10,42,-1017,61,38,55,39,-2971,5618,0,0,61,784,102
53226,1698422566775,-10,42,-1018,60,41,53,38,-2970,5618,0,0,68,783,119
53227,1698422566797,-10,42,-1018,60,41,54,38,-2969,5617,0,0,69,772,83
53228,1698422566812,-11,43,-1018,61,40,52,38,-2968,5616,0,0,70,800,35
53229,1698422566835,-13,42,-1018,62,40,53,38,-2968,5615,0,0,79,809,13
53230,1698422566850,-12,42,-1018,63,37,55,37,-2968,5614,0,0,71,802,0
53231,1698422566872,-11,41,-1018,63,38,56,37,-2969,5614,0,0,61,807,6
53232,1698422566895,-11,41,-1018,63,38,54,37,-2969,5612,0,0,73,789,9
53233,1698422566910,-11,41,-1017,64,39,58,37,-2969,5612,0,0,57,779,6
53234,1698422566932,-10,42,-1018,64,42,54,38,-2970,5611,0,0,64,768,9
53235,1698422566955,-10,42,-1019,63,47,54,38,-2969,5612,0,0,75,756,4
53236,1698422566977,-10,42,-1018,61,51,53,37,-2969,5613,0,0,108,801,26
53237,1698422567000,-10,43,-1016,58,53,54,38,-2969,5613,0,0,104,722,33
53238,1698422567015,-9,43,-1019,61,45,55,39,-2969,5614,0,0,95,527,33
53239,1698422567030,-9,43,-1020,60,46,53,39,-2970,5615,1,0,113,299,45
53240,1698422567054,-9,43,-1021,61,50,55,38,-2969,5614,3,0,103,322,42
53241,1698422567075,-11,43,-1019,58,62,68,38,-2970,5614,0,0,89,290,55
53242,1698422567090,-16,43,-1020,54,79,95,37,-2970,5614,0,0,76,312,44
53243,1698422567112,-21,45,-1020,52,109,143,38,-2971,5615,0,0,18,317,2
53244,1698422567135,-28,51,-1019,56,155,228,38,-2971,5615,0,0,0,313,0
53245,1698422567150,-35,55,-1019,76,205,353,38,-2972,5615,0,0,0,68,0
53246,1698422567173,-40,57,-1018,89,262,499,37,-2974,5614,0,0,0,42,0
53247,1698422567195,-43,59,-1021,111,326,649,36,-2976,5614,0,0,0,17,0
53248,1698422567211,-40,59,-1021,149,400,805,35,-2979,5615,0,0,0,0,0
53249,1698422567232,-23,53,-1041,207,415,952,32,-2981,5614,0,0,0,1,0
53250,1698422567255,0,33,-1040,193,303,1151,30,-2984,5613,0,0,0,0,0
53251,1698422567270,32,18,-1042,194,-121,1248,28,-2988,5614,0,0,0,114,0
53252,1698422567292,26,1,-1038,167,-513,1298,26,-2991,5615,0,0,0,79,0
53253,1698422567315,17,-5,-1028,90,-598,1362,24,-2995,5614,0,0,0,4,0
53254,1698422567330,20,-3,-1018,39,-572,1339,23,-2998,5613,0,0,0,4,0
53255,1698422567360,25,-2,-1003,21,-528,1187,20,-3001,5610,2,0,0,34,0
53256,1698422567375,21,1,-991,5,-451,963,17,-3004,5609,0,0,0,87,0
53257,1698422567390,13,4,-976,-18,-329,738,17,-3007,5606,0,0,0,107,0
53258,1698422567412,5,5,-963,-43,-204,539,17,-3010,5605,3,0,0,139,0
53259,1698422567434,-40,63,-955,-103,-106,338,16,-3011,5602,0,0,0,215,0
53260,1698422567450,-11,33,-1060,333,118,176,15,-3013,5602,0,0,0,280,0
53261,1698422567473,-17,44,-1070,244,-50,131,16,-3014,5606,25,0,0,506,0
53262,1698422567495,-3,46,-1059,115,-87,111,16,-3015,5609,61,0,0,296,0
53263,1698422567510,6,47,-1049,62,37,113,16,-3014,5610,34,0,0,297,0
53264,1698422567532,4,45,-1040,54,77,86,15,-3014,5610,28,0,3,325,0
53265,1698422567555,3,46,-1035,55,34,73,14,-3014,5611,141,0,0,339,0
53266,1698422567570,5,46,-1034,46,4,67,14,-3013,5613,72,0,24,396,0
53267,1698422567599,6,49,-1030,44,15,66,16,-3012,5616,89,0,10,393,0
53268,1698422567615,8,48,-1027,41,36,63,16,-3010,5619,113,0,4,416,0
53269,1698422567630,8,47,-1026,44,49,62,16,-3009,5621,80,0,71,405,0
53270,1698422567652,9,46,-1024,47,50,62,17,-3008,5625,68,0,198,353,2
53271,1698422567675,9,45,-1024,48,48,62,16,-3007,5629,88,0,65,352,1
53272,1698422567690,9,46,-1023,51,46,62,16,-3006,5634,81,0,38,306,1
53273,1698422567712,9,46,-1022,54,43,62,16,-3005,5636,95,0,36,331,0
53274,1698422567742,8,46,-1021,55,44,63,15,-3004,5640,107,0,44,333,0
53275,1698422567757,8,46,-1020,58,42,58,14,-3003,5642,114,0,32,323,0
53276,1698422567772,8,44,-1021,56,41,54,13,-3001,5645,118,0,47,333,0
53277,1698422567795,7,44,-1022,60,39,61,14,-3000,5646,117,0,18,351,0
53278,1698422567810,7,44,-1024,59,41,59,14,-2998,5648,110,0,13,368,0
53279,1698422567832,7,44,-1023,60,40,60,13,-2998,5649,79,0,34,367,1
53280,1698422567855,7,45,-1021,63,37,58,13,-2997,5650,70,0,41,384,0
53281,1698422567870,6,45,-1022,59,35,58,12,-2997,5651,46,0,76,341,18
53282,1698422567892,6,45,-1021,60,37,57,13,-2997,5651,45,0,34,381,0
53283,1698422567915,7,44,-1021,62,43,56,13,-2996,5652,68,0,63,393,0
53284,1698422567930,-6,45,-1020,58,48,58,14,-2994,5653,69,0,52,417,0
53285,1698422567952,-2,44,-1022,66,49,61,14,-2993,5655,62,0,45,390,0
53286,1698422567975,0,43,-1020,63,49,60,13,-2993,5656,88,0,40,405,0
53287,1698422567991,0,43,-1019,64,48,59,13,-2992,5658,101,0,25,419,0
