timestamp,abs,alpha,beta,gamma
1698419347.038,False,89.4,80.0,0.2
1698419347.072,False,89.30000000000001,80.0,0.30000000000000004
1698419347.105,False,89.2,79.9,0.5
1698419347.138,False,89.0,79.9,0.6000000000000001
1698419347.188,False,88.80000000000001,79.9,0.8
1698419347.238,False,88.7,79.80000000000001,0.9
1698419347.372,False,88.60000000000001,79.80000000000001,1.1
1698419347.406,False,88.5,79.80000000000001,1.1
1698419347.439,False,88.4,79.80000000000001,1.2000000000000002
1698419347.505,False,88.2,79.7,1.4000000000000001
1698419347.655,False,88.2,79.7,1.3
1698419347.689,False,88.2,79.7,1.4000000000000001
1698419347.705,False,88.2,79.7,1.3
1698419347.721,False,88.2,79.7,1.4000000000000001
1698419347.738,False,88.2,79.7,1.3
1698419347.789,False,88.30000000000001,79.7,1.3
1698419347.839,False,88.2,79.7,1.3
1698419347.857,False,88.30000000000001,79.7,1.3
1698419348.305,False,88.4,79.5,1.2000000000000002
1698419348.355,False,88.4,79.5,1.1
1698419348.372,False,88.4,79.5,1.2000000000000002
1698419348.456,False,88.4,79.5,1.1
1698419348.472,False,88.5,79.5,1.0
1698419348.493,False,88.60000000000001,79.5,0.9
1698419348.555,False,88.80000000000001,79.5,0.8
1698419348.571,False,88.7,79.5,0.8
1698419348.588,False,88.80000000000001,79.5,0.8
1698419348.655,False,88.80000000000001,79.60000000000001,0.7000000000000001
1698419348.722,False,88.7,79.60000000000001,0.8
1698419348.805,False,88.60000000000001,79.60000000000001,1.0
1698419348.821,False,88.5,79.60000000000001,1.0
1698419348.855,False,88.60000000000001,79.7,1.0
1698419348.921,False,88.7,79.7,0.8
1698419348.971,False,88.7,79.80000000000001,0.8
1698419349.038,False,88.5,79.80000000000001,1.0
1698419349.122,False,88.60000000000001,79.9,1.0
1698419349.338,False,88.7,79.9,0.8
1698419349.355,False,89.0,79.80000000000001,0.6000000000000001
1698419349.371,False,89.30000000000001,79.80000000000001,0.4
1698419349.39,False,89.60000000000001,79.80000000000001,0.1
1698419349.422,False,89.7,79.80000000000001,0.2
1698419349.438,False,89.5,79.80000000000001,0.4
1698419349.488,False,89.60000000000001,79.7,0.2
1698419349.504,False,89.80000000000001,79.7,0.0
1698419349.554,False,89.80000000000001,79.7,0.1
1698419349.573,False,89.7,79.7,0.1
1698419349.621,False,89.7,79.60000000000001,0.2
1698419349.655,False,89.5,79.5,0.30000000000000004
1698419349.69,False,89.4,79.5,0.5
1698419349.721,False,89.2,79.4,0.6000000000000001
1698419349.771,False,89.0,79.4,0.7000000000000001
1698419349.79,False,89.10000000000001,79.4,0.7000000000000001
1698419349.838,False,89.2,79.5,0.5
1698419349.855,False,89.30000000000001,79.5,0.4
1698419349.905,False,89.4,79.60000000000001,0.30000000000000004
1698419349.988,False,89.60000000000001,79.7,0.2
1698419350.005,False,89.5,79.7,0.30000000000000004
1698419350.238,False,89.60000000000001,79.7,0.2
1698419350.287,False,89.7,79.7,0.1
1698419350.338,False,89.60000000000001,79.7,0.2
1698419350.456,False,89.5,79.7,0.30000000000000004
1698419350.605,False,89.30000000000001,79.7,0.5
1698419350.638,False,89.2,79.7,0.6000000000000001
1698419350.721,False,89.0,79.7,0.8
1698419350.804,False,88.80000000000001,79.7,1.0
1698419350.838,False,88.80000000000001,79.7,1.1
1698419350.855,False,88.7,79.7,1.1
1698419350.921,False,88.7,79.7,1.2000000000000002
1698419350.938,False,88.7,79.7,1.1
1698419350.989,False,88.60000000000001,79.60000000000001,1.2000000000000002
1698419351.021,False,88.5,79.60000000000001,1.3
1698419351.238,False,88.60000000000001,79.60000000000001,1.3
1698419351.304,False,88.5,79.60000000000001,1.3
1698419351.405,False,88.60000000000001,79.7,1.2000000000000002
1698419351.538,False,88.60000000000001,79.80000000000001,1.2000000000000002
1698419351.722,False,88.7,79.9,1.1
1698419351.738,False,88.80000000000001,79.9,1.0
1698419351.771,False,89.0,80.0,0.9
1698419351.805,False,89.0,80.10000000000001,0.8
1698419351.855,False,88.9,80.30000000000001,0.9
1698419351.888,False,88.9,80.5,0.8
1698419351.905,False,88.9,80.7,0.8
1698419351.938,False,88.9,80.80000000000001,0.8
1698419352.038,False,88.80000000000001,80.7,0.9
1698419352.121,False,89.0,80.7,0.7000000000000001
1698419352.138,False,89.10000000000001,80.7,0.6000000000000001
1698419352.155,False,89.2,80.7,0.5
1698419352.171,False,89.4,80.80000000000001,0.30000000000000004
1698419352.188,False,89.5,80.80000000000001,0.2
1698419352.205,False,89.60000000000001,80.9,0.1
1698419352.221,False,89.80000000000001,80.9,-0.1
1698419352.238,False,89.80000000000001,80.9,-0.2
1698419352.256,False,90.0,80.9,-0.30000000000000004
1698419352.288,False,90.10000000000001,81.0,-0.4
1698419352.338,False,90.0,81.0,-0.4
1698419352.355,False,90.10000000000001,80.9,-0.4
1698419352.421,False,90.30000000000001,81.0,-0.6000000000000001
1698419352.455,False,90.4,81.0,-0.8
1698419352.588,False,90.30000000000001,81.0,-0.6000000000000001
1698419352.638,False,90.2,81.10000000000001,-0.6000000000000001
1698419352.654,False,90.2,81.10000000000001,-0.5
1698419352.687,False,90.0,81.10000000000001,-0.4
1698419352.704,False,90.10000000000001,81.10000000000001,-0.4
1698419352.771,False,90.30000000000001,81.10000000000001,-0.6000000000000001
1698419352.805,False,90.2,81.10000000000001,-0.5
1698419352.821,False,90.2,81.0,-0.5
1698419352.921,False,89.9,80.9,-0.2
1698419352.937,False,89.7,80.9,0.0
1698419352.971,False,89.5,80.9,0.1
1698419352.987,False,89.2,80.80000000000001,0.4
1698419353.022,False,88.7,80.7,1.0
1698419353.038,False,88.10000000000001,80.60000000000001,1.5
1698419353.054,False,87.9,80.60000000000001,1.7000000000000002
1698419353.071,False,87.30000000000001,80.4,2.3000000000000003
1698419353.089,False,86.7,80.2,2.9000000000000004
1698419353.104,False,86.4,80.10000000000001,3.1
1698419353.121,False,85.80000000000001,79.9,3.6
1698419353.137,False,85.2,79.60000000000001,4.0
1698419353.154,False,85.0,79.5,4.2
1698419353.171,False,84.60000000000001,79.4,4.5
1698419353.187,False,84.30000000000001,79.2,4.7
1698419353.204,False,84.10000000000001,79.2,4.800000000000001
1698419353.221,False,83.9,79.10000000000001,5.0
1698419353.237,False,83.60000000000001,78.80000000000001,5.1000000000000005
1698419353.255,False,83.4,78.60000000000001,5.300000000000001
1698419353.271,False,82.9,78.0,5.7
1698419353.287,False,82.60000000000001,77.5,6.0
1698419353.304,False,82.5,77.2,6.1000000000000005
1698419353.321,False,82.80000000000001,76.80000000000001,6.0
1698419353.337,False,83.4,76.5,5.5
1698419353.354,False,84.30000000000001,76.2,4.9
1698419353.371,False,84.80000000000001,76.0,4.5
1698419353.387,False,86.0,75.8,3.5
1698419353.404,False,86.7,75.7,3.0
1698419353.421,False,87.9,75.7,2.0
1698419353.438,False,89.0,75.9,1.0
1698419353.456,False,90.2,76.10000000000001,-0.2
1698419353.471,False,90.7,76.2,-0.7000000000000001
1698419353.487,False,91.4,76.5,-1.6
1698419353.505,False,91.2,76.7,-1.8
1698419353.522,False,90.7,76.80000000000001,-1.5
1698419353.538,False,89.5,77.0,-0.6000000000000001
1698419353.555,False,88.7,77.2,0.0
1698419353.572,False,88.80000000000001,77.30000000000001,-0.1
1698419353.588,False,89.7,77.30000000000001,-1.0
1698419353.604,False,90.4,77.30000000000001,-1.7000000000000002
1698419353.621,False,91.80000000000001,77.2,-3.1
1698419353.639,False,93.10000000000001,77.10000000000001,-4.3
1698419353.655,False,94.0,76.9,-5.2
1698419353.675,False,94.5,76.80000000000001,-5.6000000000000005
1698419353.688,False,95.4,76.3,-6.7
1698419353.704,False,95.9,76.0,-7.2
1698419353.721,False,96.80000000000001,75.4,-8.3
1698419353.738,False,97.4,74.7,-9.0
1698419353.755,False,97.80000000000001,74.10000000000001,-9.4
1698419353.772,False,97.80000000000001,73.8,-9.5
1698419353.788,False,97.9,73.10000000000001,-9.600000000000001
1698419353.806,False,98.0,72.60000000000001,-9.600000000000001
1698419353.821,False,98.0,72.4,-9.600000000000001
1698419353.838,False,97.9,72.0,-9.5
1698419353.856,False,97.7,71.9,-9.3
1698419353.871,False,97.30000000000001,71.7,-8.8
1698419353.889,False,96.9,71.7,-8.4
1698419353.905,False,96.5,71.7,-8.0
1698419353.922,False,96.30000000000001,71.8,-7.800000000000001
1698419353.938,False,95.80000000000001,71.9,-7.4
1698419353.955,False,95.5,72.0,-7.0
1698419353.971,False,95.4,72.0,-6.800000000000001
1698419353.988,False,95.30000000000001,71.9,-6.6000000000000005
1698419354.004,False,95.7,71.8,-6.800000000000001
1698419354.021,False,96.4,71.60000000000001,-7.2
1698419354.038,False,96.80000000000001,71.5,-7.5
1698419354.054,False,98.4,71.9,-9.4
1698419354.071,False,99.9,72.2,-11.200000000000001
1698419354.088,False,101.9,72.5,-13.8
1698419354.105,False,101.10000000000001,72.8,-13.9
1698419354.121,False,100.30000000000001,72.8,-13.4
1698419354.138,False,99.0,73.0,-12.200000000000001
1698419354.154,False,98.60000000000001,74.0,-11.8
1698419354.172,False,99.10000000000001,74.7,-12.200000000000001
1698419354.189,False,101.2,76.3,-14.200000000000001
1698419354.205,False,102.0,76.60000000000001,-14.8
1698419354.222,False,101.60000000000001,76.10000000000001,-14.100000000000001
1698419354.238,False,101.7,75.2,-13.700000000000001
1698419354.255,False,101.9,74.60000000000001,-13.600000000000001
1698419354.271,False,102.10000000000001,74.3,-13.4
1698419354.288,False,102.0,74.3,-13.100000000000001
1698419354.305,False,101.2,74.5,-11.9
1698419354.322,False,100.80000000000001,74.5,-11.100000000000001
1698419354.339,False,100.2,74.4,-9.700000000000001
1698419354.354,False,100.30000000000001,74.10000000000001,-8.9
1698419354.371,False,100.7,73.8,-8.8
1698419354.388,False,102.0,73.3,-9.3
1698419354.405,False,103.5,72.9,-10.200000000000001
1698419354.421,False,104.2,72.7,-10.600000000000001
1698419354.437,False,105.10000000000001,72.4,-11.0
1698419354.455,False,105.4,72.2,-11.0
1698419354.472,False,105.30000000000001,72.0,-10.9
1698419354.505,False,105.4,72.0,-11.200000000000001
1698419354.521,False,105.4,72.2,-11.600000000000001
1698419354.538,False,105.30000000000001,72.4,-11.8
1698419354.555,False,104.60000000000001,72.9,-11.700000000000001
1698419354.572,False,103.4,73.5,-11.200000000000001
1698419354.589,False,102.5,73.8,-10.700000000000001
1698419354.605,False,100.0,74.2,-9.1
1698419354.621,False,96.60000000000001,74.2,-6.5
1698419354.638,False,94.9,74.0,-5.1000000000000005
1698419354.655,False,91.7,73.2,-2.6
1698419354.672,False,88.5,73.9,1.7000000000000002
1698419354.688,False,86.10000000000001,74.4,4.7
1698419354.705,False,82.2,76.10000000000001,9.8
1698419354.721,False,80.2,78.2,11.8
1698419354.738,False,80.2,78.30000000000001,11.700000000000001
1698419354.755,False,82.2,78.7,10.200000000000001
1698419354.771,False,81.60000000000001,79.9,10.4
1698419354.788,False,79.9,80.2,12.0
1698419354.805,False,75.10000000000001,79.9,17.6
1698419354.821,False,70.7,79.10000000000001,21.700000000000003
1698419354.838,False,70.3,78.60000000000001,21.900000000000002
1698419354.854,False,71.60000000000001,78.60000000000001,20.6
1698419354.872,False,75.4,78.4,16.8
1698419354.89,False,77.10000000000001,78.30000000000001,15.100000000000001
1698419354.905,False,79.4,77.80000000000001,12.9
1698419354.921,False,80.5,77.4,11.8
1698419354.938,False,80.9,77.30000000000001,11.3
1698419354.955,False,82.2,77.10000000000001,10.0
1698419354.971,False,83.60000000000001,77.10000000000001,8.4
1698419354.988,False,84.30000000000001,77.10000000000001,7.7
1698419355.005,False,85.4,77.0,6.7
1698419355.021,False,85.80000000000001,76.80000000000001,6.4
1698419355.038,False,85.7,76.60000000000001,6.5
1698419355.054,False,84.9,76.2,7.4
1698419355.072,False,83.7,75.7,8.9
1698419355.088,False,83.30000000000001,75.3,10.200000000000001
1698419355.106,False,83.80000000000001,75.2,10.200000000000001
1698419355.121,False,86.7,75.2,8.4
1698419355.138,False,88.80000000000001,75.3,6.7
1698419355.156,False,93.5,75.60000000000001,2.0
1698419355.172,False,95.30000000000001,75.7,0.2
1698419355.188,False,95.80000000000001,75.8,-0.2
1698419355.208,False,91.7,75.60000000000001,3.8000000000000003
1698419355.221,False,87.4,75.9,7.7
1698419355.238,False,88.60000000000001,77.4,5.5
1698419355.255,False,90.2,78.4,3.6
1698419355.271,False,95.30000000000001,80.7,-2.3000000000000003
1698419355.288,False,97.0,80.9,-4.5
1698419355.304,False,96.7,80.9,-4.3
1698419355.32,False,95.7,80.60000000000001,-3.1
1698419355.337,False,96.80000000000001,80.2,-4.3
1698419355.354,False,99.60000000000001,80.0,-7.1000000000000005
1698419355.371,False,105.80000000000001,79.5,-13.200000000000001
1698419355.389,False,107.5,79.2,-14.8
1698419355.404,False,108.10000000000001,78.5,-15.0
1698419355.421,False,107.0,77.7,-13.5
1698419355.438,False,106.10000000000001,76.80000000000001,-12.100000000000001
1698419355.456,False,105.80000000000001,76.5,-11.600000000000001
1698419355.472,False,105.5,75.8,-11.100000000000001
1698419355.488,False,105.4,75.3,-10.9
1698419355.504,False,105.30000000000001,75.10000000000001,-10.8
1698419355.522,False,105.10000000000001,74.8,-10.600000000000001
1698419355.541,False,105.0,74.7,-10.5
1698419355.555,False,105.0,74.7,-10.600000000000001
1698419355.571,False,105.60000000000001,74.7,-11.700000000000001
1698419355.588,False,106.60000000000001,74.60000000000001,-13.5
1698419355.604,False,106.9,74.4,-14.200000000000001
1698419355.621,False,105.5,73.8,-14.200000000000001
1698419355.638,False,102.0,73.3,-12.3
1698419355.655,False,99.80000000000001,73.0,-10.8
1698419355.672,False,95.4,72.4,-6.9
1698419355.688,False,91.30000000000001,72.2,-2.7
1698419355.705,False,89.60000000000001,72.10000000000001,-1.0
1698419355.721,False,88.4,72.10000000000001,0.5
1698419355.737,False,88.2,74.60000000000001,2.2
1698419355.754,False,85.9,77.30000000000001,6.4
1698419355.771,False,84.0,78.4,8.4
1698419355.788,False,80.4,78.9,12.5
1698419355.804,False,79.60000000000001,79.10000000000001,13.4
1698419355.821,False,77.2,80.4,15.3
1698419355.838,False,74.5,80.80000000000001,17.7
1698419355.855,False,72.10000000000001,80.10000000000001,20.3
1698419355.873,False,64.7,78.30000000000001,27.400000000000002
1698419355.888,False,63.400000000000006,77.10000000000001,28.900000000000002
1698419355.905,False,68.2,76.80000000000001,24.200000000000003
1698419355.921,False,71.3,76.7,21.1
1698419355.938,False,76.9,76.4,15.200000000000001
1698419355.955,False,80.9,76.10000000000001,11.0
1698419355.971,False,82.2,76.0,9.700000000000001
1698419355.989,False,83.7,75.8,8.0
1698419356.005,False,84.2,75.7,7.5
1698419356.022,False,84.9,75.7,6.6000000000000005
1698419356.038,False,85.7,75.60000000000001,5.9
1698419356.056,False,85.9,75.4,5.6000000000000005
1698419356.072,False,85.80000000000001,75.2,5.7
1698419356.088,False,85.10000000000001,74.8,6.6000000000000005
1698419356.104,False,83.7,74.4,8.5
1698419356.123,False,83.5,73.8,9.600000000000001
1698419356.139,False,84.4,73.60000000000001,9.3
1698419356.155,False,85.9,73.4,8.4
1698419356.174,False,92.2,73.0,3.0
1698419356.187,False,94.30000000000001,73.0,0.8
1698419356.205,False,97.30000000000001,72.8,-2.3000000000000003
1698419356.221,False,97.4,72.60000000000001,-2.4000000000000004
1698419356.238,False,95.7,74.0,-1.2000000000000002
1698419356.255,False,96.4,76.4,-3.5
1698419356.271,False,97.30000000000001,77.80000000000001,-5.2
1698419356.288,False,101.30000000000001,79.80000000000001,-10.0
1698419356.305,False,102.30000000000001,80.0,-11.4
1698419356.321,False,102.9,80.10000000000001,-11.9
1698419356.338,False,105.7,80.0,-14.600000000000001
1698419356.355,False,111.9,79.10000000000001,-20.5
1698419356.372,False,115.2,78.5,-23.8
1698419356.388,False,118.30000000000001,77.60000000000001,-26.8
1698419356.405,False,116.7,76.9,-24.900000000000002
1698419356.421,False,115.2,76.60000000000001,-23.200000000000003
1698419356.438,False,112.2,75.8,-19.6
1698419356.455,False,111.10000000000001,75.4,-18.3
1698419356.471,False,109.9,74.60000000000001,-16.8
1698419356.488,False,109.60000000000001,73.9,-16.3
1698419356.511,False,109.5,73.4,-16.2
1698419356.521,False,109.5,73.2,-16.1
1698419356.554,False,109.9,73.3,-16.5
1698419356.571,False,110.4,73.5,-17.2
1698419356.588,False,111.9,73.8,-19.6
1698419356.604,False,112.0,73.3,-21.400000000000002
1698419356.622,False,111.0,72.8,-21.3
1698419356.638,False,106.5,71.9,-18.7
1698419356.655,False,100.80000000000001,70.7,-14.200000000000001
1698419356.671,False,95.9,69.7,-9.4
1698419356.688,False,93.80000000000001,69.3,-7.300000000000001
1698419356.705,False,91.7,68.5,-5.300000000000001
1698419356.721,False,93.5,69.4,-6.6000000000000005
1698419356.738,False,94.10000000000001,71.0,-6.4
1698419356.755,False,93.60000000000001,75.10000000000001,-4.5
1698419356.771,False,93.10000000000001,78.0,-3.6
1698419356.788,False,89.4,80.30000000000001,-0.5
1698419356.805,False,87.9,80.9,2.1
1698419356.821,False,86.4,81.5,3.2
1698419356.838,False,84.2,81.10000000000001,5.7
1698419356.855,False,74.60000000000001,80.0,15.600000000000001
1698419356.872,False,69.7,79.10000000000001,21.0
1698419356.888,False,70.60000000000001,78.7,20.3
1698419356.904,False,76.0,78.2,15.200000000000001
1698419356.921,False,82.0,77.7,9.200000000000001
1698419356.938,False,84.4,77.4,6.7
1698419356.955,False,87.2,76.9,3.8000000000000003
1698419356.972,False,87.7,76.60000000000001,3.3000000000000003
1698419356.99,False,87.30000000000001,76.10000000000001,3.8000000000000003
1698419357.004,False,87.2,76.0,4.0
1698419357.021,False,87.5,75.8,3.9000000000000004
1698419357.043,False,88.30000000000001,75.60000000000001,3.4000000000000004
1698419357.055,False,88.5,75.5,3.2
1698419357.071,False,88.4,75.3,3.6
1698419357.088,False,87.9,75.2,4.3
1698419357.105,False,86.80000000000001,74.9,6.7
1698419357.121,False,86.9,74.5,7.9
1698419357.137,False,90.60000000000001,74.3,5.5
1698419357.155,False,93.30000000000001,74.2,3.0
1698419357.171,False,99.10000000000001,73.9,-3.0
1698419357.187,False,102.80000000000001,73.3,-6.7
1698419357.205,False,102.9,72.9,-6.7
1698419357.221,False,100.4,73.60000000000001,-4.6000000000000005
1698419357.237,False,100.80000000000001,75.7,-6.7
1698419357.254,False,102.0,77.10000000000001,-8.700000000000001
1698419357.272,False,109.5,80.0,-17.2
1698419357.29,False,112.2,80.30000000000001,-20.6
1698419357.305,False,112.4,80.2,-20.900000000000002
1698419357.321,False,111.9,79.7,-20.400000000000002
1698419357.338,False,114.4,78.80000000000001,-22.8
1698419357.355,False,117.60000000000001,78.2,-26.0
1698419357.371,False,123.0,77.30000000000001,-31.200000000000003
1698419357.39,False,124.2,76.5,-32.1
1698419357.405,False,123.60000000000001,76.10000000000001,-31.3
1698419357.421,False,121.30000000000001,75.3,-28.700000000000003
1698419357.437,False,118.9,74.5,-25.900000000000002
1698419357.454,False,118.0,74.10000000000001,-24.900000000000002
1698419357.471,False,116.9,73.4,-23.8
1698419357.487,False,116.5,72.9,-23.6
1698419357.504,False,116.5,72.7,-24.0
1698419357.521,False,116.7,72.60000000000001,-24.400000000000002
1698419357.537,False,117.5,72.8,-25.400000000000002
1698419357.554,False,117.9,73.0,-26.200000000000003
1698419357.571,False,118.10000000000001,73.2,-27.8
1698419357.588,False,117.4,73.10000000000001,-28.1
1698419357.605,False,114.0,72.2,-26.400000000000002
1698419357.621,False,108.80000000000001,71.0,-22.8
1698419357.637,False,103.0,69.7,-18.1
1698419357.654,False,98.80000000000001,68.7,-14.0
1698419357.673,False,97.30000000000001,68.60000000000001,-12.5
1698419357.688,False,95.5,68.3,-10.700000000000001
1698419357.706,False,96.10000000000001,68.7,-11.0
1698419357.721,False,98.30000000000001,71.10000000000001,-11.4
1698419357.737,False,100.2,74.60000000000001,-11.9
1698419357.755,False,101.7,76.80000000000001,-13.200000000000001
1698419357.771,False,102.0,79.2,-14.100000000000001
1698419357.789,False,101.4,80.30000000000001,-12.600000000000001
1698419357.805,False,99.80000000000001,80.9,-11.0
1698419357.821,False,89.60000000000001,80.60000000000001,-0.8
1698419357.837,False,79.60000000000001,79.4,9.8
1698419357.855,False,77.80000000000001,78.80000000000001,11.8
1698419357.872,False,81.10000000000001,77.80000000000001,9.200000000000001
1698419357.888,False,87.4,76.7,3.3000000000000003
1698419357.904,False,90.30000000000001,76.10000000000001,0.4
1698419357.921,False,94.7,75.0,-3.9000000000000004
1698419357.938,False,96.9,74.10000000000001,-5.800000000000001
1698419357.955,False,97.30000000000001,73.7,-6.1000000000000005
1698419357.971,False,97.60000000000001,73.10000000000001,-6.2
1698419357.988,False,98.30000000000001,72.60000000000001,-6.5
1698419358.004,False,98.7,72.4,-6.800000000000001
1698419358.027,False,99.7,72.2,-7.4
1698419358.037,False,99.7,72.2,-7.2
1698419358.054,False,99.4,72.2,-6.5
1698419358.07,False,98.2,72.2,-4.3
1698419358.087,False,97.60000000000001,72.0,-2.6
1698419358.104,False,99.9,71.7,-3.8000000000000003
1698419358.121,False,101.9,71.5,-5.4
1698419358.139,False,106.10000000000001,71.4,-9.200000000000001
1698419358.155,False,108.5,71.4,-11.700000000000001
1698419358.171,False,108.60000000000001,71.4,-11.9
1698419358.187,False,105.30000000000001,71.2,-8.9
1698419358.204,False,100.7,72.10000000000001,-5.2
1698419358.221,False,100.30000000000001,73.2,-5.6000000000000005
1698419358.238,False,103.10000000000001,75.8,-9.700000000000001
1698419358.255,False,110.30000000000001,78.60000000000001,-17.6
1698419358.271,False,113.2,79.30000000000001,-20.6
1698419358.288,False,113.60000000000001,78.9,-20.900000000000002
1698419358.304,False,114.5,77.9,-21.3
1698419358.322,False,116.2,77.4,-22.8
1698419358.337,False,121.2,76.2,-27.900000000000002
1698419358.354,False,123.80000000000001,75.3,-30.400000000000002
1698419358.371,False,123.5,74.9,-30.0
1698419358.388,False,121.10000000000001,74.0,-27.3
1698419358.405,False,119.5,73.5,-25.5
1698419358.423,False,116.2,72.60000000000001,-21.900000000000002
1698419358.438,False,113.7,71.7,-19.400000000000002
1698419358.454,False,113.0,71.3,-18.8
1698419358.47,False,112.30000000000001,70.7,-18.400000000000002
1698419358.488,False,112.10000000000001,70.4,-18.400000000000002
1698419358.505,False,111.9,70.5,-18.3
1698419358.521,False,111.80000000000001,70.7,-18.400000000000002
1698419358.538,False,111.9,71.2,-19.200000000000003
1698419358.554,False,111.5,71.3,-20.3
1698419358.572,False,110.7,71.0,-20.200000000000003
1698419358.588,False,107.4,70.0,-18.400000000000002
1698419358.605,False,102.9,68.60000000000001,-15.200000000000001
1698419358.621,False,100.80000000000001,67.9,-13.4
1698419358.639,False,97.60000000000001,66.8,-10.3
1698419358.655,False,95.80000000000001,66.2,-8.4
1698419358.672,False,95.60000000000001,65.9,-8.1
1698419358.69,False,97.5,66.7,-9.3
1698419358.705,False,97.80000000000001,70.2,-8.3
1698419358.722,False,97.80000000000001,72.5,-7.7
1698419358.738,False,99.2,77.9,-8.5
1698419358.755,False,97.5,79.30000000000001,-7.6000000000000005
1698419358.775,False,96.4,80.2,-5.7
1698419358.79,False,94.0,80.30000000000001,-3.5
1698419358.804,False,85.10000000000001,79.5,5.800000000000001
1698419358.82,False,78.5,78.60000000000001,12.8
1698419358.838,False,78.30000000000001,78.2,13.200000000000001
1698419358.855,False,81.9,77.2,10.0
1698419358.871,False,84.30000000000001,76.7,7.7
1698419358.888,False,88.7,75.7,3.1
1698419358.904,False,91.80000000000001,74.7,0.1
1698419358.921,False,93.0,73.9,-0.9
1698419358.938,False,93.10000000000001,73.7,-1.0
1698419358.956,False,93.0,73.2,-0.9
1698419358.971,False,93.60000000000001,72.8,-1.3
1698419358.988,False,94.10000000000001,72.7,-1.7000000000000002
1698419359.004,False,95.2,72.4,-2.7
1698419359.024,False,95.5,72.3,-2.7
1698419359.037,False,95.30000000000001,72.2,-2.0
1698419359.055,False,94.2,72.0,0.1
1698419359.07,False,94.10000000000001,71.5,1.7000000000000002
1698419359.087,False,95.10000000000001,71.2,1.3
1698419359.105,False,99.0,70.7,-1.8
1698419359.121,False,103.10000000000001,70.3,-5.7
1698419359.138,False,104.60000000000001,70.2,-7.1000000000000005
1698419359.154,False,105.10000000000001,69.9,-7.5
1698419359.171,False,101.7,70.4,-4.3
1698419359.187,False,100.7,73.10000000000001,-4.6000000000000005
1698419359.205,False,101.60000000000001,74.7,-6.300000000000001
1698419359.22,False,107.0,78.0,-12.9
1698419359.237,False,109.10000000000001,78.60000000000001,-15.4
1698419359.255,False,110.10000000000001,78.30000000000001,-16.8
1698419359.272,False,111.60000000000001,78.10000000000001,-18.3
1698419359.287,False,113.30000000000001,77.80000000000001,-19.900000000000002
1698419359.304,False,118.2,76.80000000000001,-25.0
1698419359.322,False,122.10000000000001,75.8,-29.200000000000003
1698419359.338,False,122.5,75.4,-29.700000000000003
1698419359.355,False,120.9,74.5,-28.200000000000003
1698419359.371,False,118.10000000000001,73.5,-25.200000000000003
1698419359.389,False,116.7,73.0,-23.8
1698419359.405,False,114.7,72.0,-21.900000000000002
1698419359.421,False,113.60000000000001,71.10000000000001,-21.200000000000003
1698419359.438,False,113.2,70.7,-21.1
1698419359.455,False,112.4,70.10000000000001,-20.700000000000003
1698419359.472,False,111.5,69.9,-19.900000000000002
1698419359.487,False,110.80000000000001,69.9,-19.6
1698419359.504,False,110.80000000000001,70.10000000000001,-19.900000000000002
1698419359.521,False,111.10000000000001,70.2,-21.200000000000003
1698419359.537,False,110.60000000000001,69.7,-22.400000000000002
1698419359.555,False,109.4,69.3,-22.0
1698419359.571,False,105.2,68.2,-19.3
1698419359.587,False,100.2,67.10000000000001,-15.200000000000001
1698419359.604,False,97.9,66.60000000000001,-13.100000000000001
1698419359.621,False,94.80000000000001,65.9,-10.200000000000001
1698419359.637,False,94.0,65.7,-9.5
1698419359.655,False,96.2,66.10000000000001,-11.5
1698419359.676,False,97.9,67.5,-12.4
1698419359.687,False,99.10000000000001,71.2,-12.200000000000001
1698419359.704,False,100.0,73.7,-12.8
1698419359.721,False,102.0,78.0,-15.100000000000001
1698419359.737,False,100.60000000000001,78.9,-13.5
1698419359.755,False,100.2,79.5,-12.5
1698419359.772,False,93.80000000000001,80.10000000000001,-6.7
1698419359.787,False,83.2,79.5,4.9
1698419359.804,False,80.10000000000001,79.10000000000001,8.200000000000001
1698419359.821,False,81.0,78.30000000000001,7.9
1698419359.837,False,86.80000000000001,77.4,2.6
1698419359.855,False,92.0,76.4,-2.5
1698419359.871,False,93.9,75.9,-4.4
1698419359.888,False,96.10000000000001,75.10000000000001,-6.2
1698419359.905,False,96.4,74.8,-6.4
1698419359.921,False,96.30000000000001,74.3,-6.1000000000000005
1698419359.937,False,96.60000000000001,73.8,-6.1000000000000005
1698419359.954,False,97.7,73.4,-6.7
1698419359.971,False,98.5,73.2,-7.300000000000001
1698419359.988,False,99.80000000000001,73.0,-8.200000000000001
1698419360.004,False,100.10000000000001,72.8,-8.200000000000001
1698419360.02,False,99.5,72.5,-6.6000000000000005
1698419360.037,False,98.4,71.9,-4.3
1698419360.054,False,99.2,71.10000000000001,-3.7
1698419360.071,False,100.80000000000001,70.7,-4.7
1698419360.087,False,105.4,70.0,-8.3
1698419360.105,False,109.2,69.9,-11.9
1698419360.121,False,110.4,70.0,-13.100000000000001
1698419360.137,False,110.10000000000001,70.3,-12.8
1698419360.154,False,105.4,71.0,-8.700000000000001
1698419360.173,False,103.30000000000001,71.9,-7.300000000000001
1698419360.189,False,103.10000000000001,74.0,-8.6
1698419360.204,False,107.0,76.60000000000001,-13.700000000000001
1698419360.222,False,110.0,77.7,-16.900000000000002
1698419360.238,False,112.30000000000001,78.30000000000001,-19.5
1698419360.254,False,112.5,78.10000000000001,-19.8
1698419360.271,False,114.30000000000001,77.4,-21.1
1698419360.287,False,118.5,76.10000000000001,-24.900000000000002
1698419360.304,False,122.0,75.2,-28.400000000000002
1698419360.321,False,122.60000000000001,74.8,-28.900000000000002
1698419360.337,False,121.60000000000001,74.2,-27.6
1698419360.354,False,119.2,73.5,-24.900000000000002
1698419360.371,False,118.0,73.10000000000001,-23.5
1698419360.387,False,115.80000000000001,72.2,-21.200000000000003
1698419360.404,False,114.9,71.9,-20.3
1698419360.421,False,113.5,71.3,-19.200000000000003
1698419360.437,False,112.5,70.8,-18.400000000000002
1698419360.455,False,111.7,70.5,-17.7
1698419360.471,False,111.30000000000001,70.5,-17.5
1698419360.487,False,111.10000000000001,70.60000000000001,-17.5
1698419360.505,False,111.60000000000001,70.9,-18.7
1698419360.52,False,112.0,70.9,-19.8
1698419360.537,False,112.0,70.5,-21.1
1698419360.554,False,109.5,69.8,-19.900000000000002
1698419360.571,False,107.5,69.4,-18.5
1698419360.587,False,103.2,68.4,-15.0
1698419360.604,False,99.60000000000001,67.60000000000001,-11.5
1698419360.621,False,98.10000000000001,67.2,-10.100000000000001
1698419360.638,False,96.60000000000001,66.7,-8.5
1698419360.654,False,98.2,68.0,-9.4
1698419360.671,False,98.60000000000001,71.3,-7.9
1698419360.687,False,98.9,73.5,-7.6000000000000005
1698419360.704,False,99.30000000000001,77.60000000000001,-8.1
1698419360.721,False,98.7,78.2,-7.800000000000001
1698419360.737,False,99.80000000000001,78.9,-8.200000000000001
1698419360.754,False,100.80000000000001,80.10000000000001,-9.700000000000001
1698419360.771,False,98.5,80.2,-7.5
1698419360.789,False,89.5,79.80000000000001,2.0
1698419360.804,False,83.4,78.9,7.7
1698419360.82,False,84.2,78.10000000000001,6.7
1698419360.837,False,86.4,77.60000000000001,4.6000000000000005
1698419360.855,False,90.9,76.80000000000001,0.0
1698419360.871,False,92.7,76.4,-1.9000000000000001
1698419360.887,False,95.0,75.7,-4.3
1698419360.904,False,95.7,75.2,-5.300000000000001
1698419360.921,False,96.2,74.9,-6.0
1698419360.94,False,96.5,74.7,-6.5
1698419360.955,False,97.5,74.4,-7.7
1698419360.971,False,98.7,74.2,-9.0
1698419360.987,False,99.10000000000001,74.0,-9.3
1698419361.004,False,98.2,73.60000000000001,-8.0
1698419361.021,False,96.80000000000001,73.5,-6.2
1698419361.037,False,93.5,73.0,-1.6
1698419361.054,False,92.7,71.9,0.7000000000000001
1698419361.071,False,96.9,70.60000000000001,-2.3000000000000003
1698419361.087,False,99.7,69.8,-4.9
1698419361.104,False,104.9,68.7,-10.5
1698419361.121,False,107.60000000000001,68.2,-13.0
1698419361.138,False,107.4,68.2,-12.600000000000001
1698419361.154,False,104.60000000000001,70.0,-9.9
1698419361.171,False,105.10000000000001,73.2,-11.9
1698419361.189,False,106.5,75.10000000000001,-14.200000000000001
1698419361.204,False,112.4,78.2,-21.1
1698419361.222,False,113.80000000000001,78.10000000000001,-23.200000000000003
1698419361.238,False,113.9,78.10000000000001,-23.400000000000002
1698419361.255,False,113.7,78.30000000000001,-22.900000000000002
1698419361.271,False,114.60000000000001,78.0,-23.200000000000003
1698419361.287,False,116.9,77.60000000000001,-25.400000000000002
1698419361.304,False,122.80000000000001,76.5,-30.900000000000002
1698419361.321,False,126.2,75.60000000000001,-34.2
1698419361.338,False,126.5,75.2,-34.4
1698419361.354,False,124.9,74.7,-32.6
1698419361.371,False,122.30000000000001,74.10000000000001,-29.6
1698419361.388,False,121.0,73.8,-28.200000000000003
1698419361.404,False,118.80000000000001,73.2,-25.700000000000003
1698419361.421,False,117.4,72.7,-24.1
1698419361.437,False,116.80000000000001,72.60000000000001,-23.5
1698419361.454,False,116.10000000000001,72.3,-22.8
1698419361.475,False,115.9,72.2,-22.5
1698419361.487,False,116.4,72.2,-23.200000000000003
1698419361.504,False,116.9,72.10000000000001,-23.900000000000002
1698419361.521,False,117.4,71.60000000000001,-25.400000000000002
1698419361.538,False,116.0,70.3,-25.1
1698419361.554,False,114.7,69.7,-24.3
1698419361.571,False,110.7,68.4,-21.6
1698419361.587,False,106.10000000000001,67.2,-17.8
1698419361.604,False,104.10000000000001,66.8,-15.700000000000001
1698419361.621,False,101.0,66.4,-12.5
1698419361.637,False,99.9,66.2,-11.5
1698419361.655,False,100.60000000000001,67.0,-11.8
1698419361.67,False,100.9,70.0,-10.8
1698419361.687,False,101.2,71.9,-10.4
1698419361.703,False,101.9,76.2,-10.700000000000001
1698419361.72,False,100.4,78.0,-9.4
1698419361.737,False,99.0,79.10000000000001,-7.5
1698419361.755,False,96.60000000000001,79.9,-5.4
1698419361.77,False,87.7,80.2,3.3000000000000003
1698419361.788,False,80.9,79.80000000000001,10.4
1698419361.804,False,79.7,79.5,11.4
1698419361.821,False,82.10000000000001,78.9,9.0
1698419361.837,False,86.9,78.30000000000001,4.0
1698419361.858,False,90.7,77.4,-0.1
1698419361.87,False,91.9,77.0,-1.5
1698419361.887,False,93.10000000000001,76.10000000000001,-2.9000000000000004
1698419361.905,False,93.60000000000001,75.2,-3.8000000000000003
1698419361.921,False,93.9,74.7,-4.4
1698419361.937,False,94.80000000000001,73.9,-5.7
1698419361.954,False,95.30000000000001,73.4,-6.300000000000001
1698419361.976,False,96.2,72.3,-7.5
1698419361.987,False,96.10000000000001,71.9,-7.4
1698419362.003,False,95.7,71.60000000000001,-7.1000000000000005
1698419362.02,False,94.2,71.2,-5.300000000000001
1698419362.037,False,92.7,70.8,-2.8000000000000003
1698419362.054,False,92.2,70.60000000000001,-1.8
1698419362.07,False,92.80000000000001,70.3,-1.3
1698419362.087,False,95.9,70.0,-3.6
1698419362.104,False,99.30000000000001,69.8,-7.1000000000000005
1698419362.12,False,100.60000000000001,69.8,-8.6
1698419362.137,False,101.10000000000001,69.8,-8.8
1698419362.154,False,98.60000000000001,71.0,-6.2
1698419362.171,False,98.2,72.2,-6.300000000000001
1698419362.187,False,100.7,75.0,-10.3
1698419362.204,False,103.4,76.60000000000001,-13.600000000000001
1698419362.221,False,111.10000000000001,79.0,-21.6
1698419362.237,False,112.80000000000001,79.2,-23.5
1698419362.254,False,114.5,79.10000000000001,-24.900000000000002
1698419362.27,False,116.9,78.80000000000001,-26.8
1698419362.287,False,123.4,77.7,-33.2
1698419362.304,False,126.30000000000001,77.10000000000001,-36.2
1698419362.32,False,129.1,76.3,-39.1
1698419362.337,False,127.30000000000001,75.9,-37.2
1698419362.353,False,123.7,75.4,-33.2
1698419362.371,False,121.9,75.0,-31.400000000000002
1698419362.387,False,119.5,74.0,-28.6
1698419362.403,False,118.2,73.10000000000001,-27.200000000000003
1698419362.42,False,117.7,72.7,-26.700000000000003
1698419362.437,False,116.80000000000001,72.10000000000001,-25.700000000000003
1698419362.453,False,116.0,71.7,-24.900000000000002
1698419362.47,False,115.7,71.60000000000001,-24.6
1698419362.487,False,115.60000000000001,71.7,-24.5
1698419362.504,False,116.10000000000001,71.9,-25.400000000000002
1698419362.521,False,116.30000000000001,71.9,-26.1
1698419362.537,False,115.9,71.4,-26.6
1698419362.554,False,113.60000000000001,70.4,-25.1
1698419362.571,False,111.9,69.8,-23.8
1698419362.587,False,108.0,68.60000000000001,-20.5
1698419362.604,False,104.80000000000001,67.8,-17.400000000000002
1698419362.621,False,103.9,67.7,-16.400000000000002
1698419362.637,False,103.30000000000001,68.2,-15.700000000000001
1698419362.654,False,103.4,68.60000000000001,-15.8
1698419362.671,False,105.10000000000001,70.10000000000001,-17.2
1698419362.687,False,106.2,72.4,-17.1
1698419362.704,False,106.2,73.8,-16.400000000000002
1698419362.721,False,106.0,74.4,-15.8
1698419362.737,False,105.60000000000001,75.7,-15.200000000000001
1698419362.755,False,105.4,78.10000000000001,-15.200000000000001
1698419362.771,False,101.0,80.30000000000001,-11.8
1698419362.787,False,96.9,80.2,-7.4
1698419362.804,False,89.5,79.9,0.2
1698419362.821,False,87.30000000000001,79.4,2.4000000000000004
1698419362.837,False,86.7,78.60000000000001,2.8000000000000003
1698419362.854,False,90.10000000000001,78.0,-0.5
1698419362.871,False,94.0,77.5,-4.1000000000000005
1698419362.888,False,95.30000000000001,77.2,-5.2
1698419362.904,False,97.10000000000001,76.5,-6.800000000000001
1698419362.921,False,98.4,75.7,-8.0
1698419362.937,False,99.0,75.4,-8.6
1698419362.957,False,100.4,74.8,-9.9
1698419362.971,False,101.10000000000001,74.5,-10.4
1698419362.987,False,102.60000000000001,74.3,-11.600000000000001
1698419363.004,False,103.5,74.2,-12.100000000000001
1698419363.02,False,102.4,74.10000000000001,-10.3
1698419363.038,False,101.10000000000001,74.10000000000001,-8.5
1698419363.054,False,98.5,73.60000000000001,-4.800000000000001
1698419363.071,False,98.10000000000001,72.60000000000001,-3.2
1698419363.087,False,99.0,71.9,-3.4000000000000004
1698419363.104,False,101.9,70.5,-5.4
1698419363.12,False,105.10000000000001,69.3,-7.800000000000001
1698419363.137,False,106.4,69.0,-8.8
1698419363.154,False,107.9,69.2,-9.8
1698419363.171,False,106.9,70.2,-8.4
1698419363.187,False,105.60000000000001,70.9,-7.0
1698419363.204,False,104.2,73.4,-6.7
1698419363.221,False,107.2,75.9,-11.3
1698419363.237,False,108.9,76.80000000000001,-13.4
1698419363.254,False,110.9,77.0,-16.1
1698419363.271,False,111.10000000000001,77.0,-16.7
1698419363.287,False,110.60000000000001,77.10000000000001,-16.5
1698419363.304,False,111.60000000000001,78.0,-17.6
1698419363.321,False,115.80000000000001,78.4,-21.8
1698419363.337,False,118.4,78.10000000000001,-24.3
1698419363.354,False,122.9,77.4,-28.5
1698419363.371,False,125.2,76.80000000000001,-30.400000000000002
1698419363.387,False,125.60000000000001,76.60000000000001,-30.6
1698419363.404,False,125.9,76.0,-30.400000000000002
1698419363.421,False,125.9,75.4,-30.200000000000003
1698419363.437,False,125.80000000000001,75.10000000000001,-30.0
1698419363.454,False,125.30000000000001,74.60000000000001,-29.400000000000002
1698419363.47,False,124.30000000000001,74.4,-28.400000000000002
1698419363.487,False,122.9,74.3,-26.900000000000002
1698419363.504,False,122.2,74.3,-26.200000000000003
1698419363.52,False,120.9,74.2,-25.0
1698419363.537,False,120.4,74.10000000000001,-24.6
1698419363.554,False,119.9,74.0,-24.5
1698419363.571,False,120.0,73.60000000000001,-25.200000000000003
1698419363.587,False,120.0,73.2,-25.700000000000003
1698419363.604,False,119.0,71.9,-25.700000000000003
1698419363.621,False,116.0,70.3,-23.700000000000003
1698419363.638,False,111.60000000000001,68.60000000000001,-20.3
1698419363.654,False,109.2,67.7,-18.400000000000002
1698419363.67,False,105.10000000000001,66.4,-15.100000000000001
1698419363.688,False,102.9,66.0,-13.600000000000001
1698419363.704,False,102.60000000000001,66.2,-13.8
1698419363.721,False,103.5,67.3,-15.200000000000001
1698419363.737,False,105.4,69.7,-16.5
1698419363.754,False,105.5,71.10000000000001,-15.8
1698419363.771,False,105.9,73.0,-15.100000000000001
1698419363.787,False,106.0,73.60000000000001,-14.5
1698419363.804,False,105.80000000000001,74.60000000000001,-13.4
1698419363.821,False,106.60000000000001,75.8,-14.100000000000001
1698419363.837,False,108.4,77.7,-16.6
1698419363.854,False,107.5,77.80000000000001,-15.9
1698419363.871,False,103.0,78.2,-11.0
1698419363.888,False,96.10000000000001,77.7,-4.7
1698419363.904,False,93.5,77.30000000000001,-2.5
1698419363.921,False,90.60000000000001,76.5,-0.1
1698419363.938,False,90.30000000000001,75.9,0.1
1698419363.953,False,90.60000000000001,75.7,-0.30000000000000004
1698419363.971,False,91.60000000000001,75.4,-1.3
1698419363.987,False,92.60000000000001,75.0,-2.5
1698419364.004,False,93.2,74.9,-3.3000000000000003
1698419364.021,False,94.60000000000001,74.5,-5.1000000000000005
1698419364.037,False,96.30000000000001,74.2,-6.9
1698419364.054,False,97.0,74.10000000000001,-7.800000000000001
1698419364.07,False,97.9,73.8,-8.8
1698419364.087,False,97.2,73.5,-8.3
1698419364.104,False,96.2,73.3,-7.300000000000001
1698419364.121,False,93.60000000000001,72.8,-4.6000000000000005
1698419364.137,False,91.4,72.10000000000001,-1.6
1698419364.154,False,90.80000000000001,71.4,0.1
1698419364.171,False,91.60000000000001,71.10000000000001,0.0
1698419364.187,False,94.60000000000001,70.7,-1.7000000000000002
1698419364.204,False,96.0,70.7,-2.9000000000000004
1698419364.221,False,97.80000000000001,70.60000000000001,-4.800000000000001
1698419364.237,False,97.30000000000001,70.8,-3.8000000000000003
1698419364.254,False,96.10000000000001,71.3,-2.3000000000000003
1698419364.27,False,96.10000000000001,74.10000000000001,-2.7
1698419364.287,False,99.4,77.2,-7.800000000000001
1698419364.305,False,103.10000000000001,78.80000000000001,-12.200000000000001
1698419364.321,False,103.10000000000001,78.60000000000001,-12.600000000000001
1698419364.337,False,100.2,78.30000000000001,-9.700000000000001
1698419364.354,False,97.30000000000001,79.10000000000001,-6.2
1698419364.371,False,98.0,79.9,-6.800000000000001
1698419364.387,False,106.5,81.10000000000001,-14.8
1698419364.404,False,112.0,80.9,-19.900000000000002
1698419364.421,False,120.80000000000001,80.2,-27.8
1698419364.437,False,126.30000000000001,79.4,-32.6
1698419364.454,False,127.80000000000001,79.10000000000001,-33.7
1698419364.473,False,129.0,78.80000000000001,-34.4
1698419364.487,False,129.6,78.60000000000001,-34.7
1698419364.504,False,129.70000000000002,78.60000000000001,-34.800000000000004
1698419364.52,False,129.70000000000002,78.60000000000001,-34.7
1698419364.537,False,129.3,78.4,-34.1
1698419364.554,False,128.9,78.2,-33.4
1698419364.587,False,129.1,77.80000000000001,-33.4
1698419364.604,False,129.70000000000002,77.5,-33.9
1698419364.62,False,129.9,77.2,-34.2
1698419364.637,False,130.0,76.7,-34.5
1698419364.654,False,129.3,76.0,-34.300000000000004
1698419364.671,False,128.6,75.60000000000001,-34.0
1698419364.687,False,126.30000000000001,74.7,-32.5
1698419364.704,False,123.10000000000001,73.7,-30.400000000000002
1698419364.72,False,121.4,73.10000000000001,-29.200000000000003
1698419364.737,False,118.9,72.0,-27.900000000000002
1698419364.754,False,117.80000000000001,71.2,-28.3
1698419364.771,False,117.80000000000001,70.9,-29.1
1698419364.787,False,118.5,70.5,-31.400000000000002
1698419364.804,False,118.9,70.4,-33.0
1698419364.821,False,118.80000000000001,70.5,-33.4
1698419364.837,False,118.0,70.5,-33.6
1698419364.854,False,116.4,70.3,-33.1
1698419364.87,False,114.80000000000001,70.2,-33.300000000000004
1698419364.887,False,113.4,70.60000000000001,-32.6
1698419364.904,False,111.0,71.8,-30.900000000000002
1698419364.92,False,107.4,72.2,-28.8
1698419364.945,False,105.4,71.5,-27.900000000000002
1698419364.954,False,104.60000000000001,71.5,-28.1
1698419364.971,False,103.80000000000001,72.0,-28.0
1698419364.987,False,101.5,72.9,-27.200000000000003
1698419365.004,False,100.4,73.5,-28.0
1698419365.02,False,98.9,73.3,-27.900000000000002
1698419365.037,False,95.5,72.3,-27.200000000000003
1698419365.054,False,91.9,71.3,-26.6
1698419365.07,False,88.10000000000001,70.5,-25.8
1698419365.087,False,85.80000000000001,70.3,-24.900000000000002
1698419365.104,False,80.2,70.0,-21.8
1698419365.12,False,77.4,69.7,-20.1
1698419365.137,False,72.8,69.3,-17.7
1698419365.154,False,70.10000000000001,68.7,-17.3
1698419365.17,False,69.3,68.2,-18.7
1698419365.187,False,69.10000000000001,68.0,-19.6
1698419365.203,False,68.10000000000001,67.8,-20.700000000000003
1698419365.22,False,66.10000000000001,67.4,-20.700000000000003
1698419365.237,False,64.7,67.3,-20.400000000000002
1698419365.253,False,61.6,67.10000000000001,-19.6
1698419365.27,False,58.400000000000006,67.3,-18.900000000000002
1698419365.287,False,56.900000000000006,67.4,-18.6
1698419365.303,False,53.800000000000004,67.5,-18.0
1698419365.32,False,50.5,67.60000000000001,-17.5
1698419365.337,False,48.800000000000004,67.60000000000001,-17.2
1698419365.353,False,45.6,67.60000000000001,-16.900000000000002
1698419365.37,False,42.400000000000006,67.7,-16.8
1698419365.387,False,40.800000000000004,67.8,-16.8
1698419365.404,False,37.5,67.9,-16.7
1698419365.42,False,33.9,68.0,-16.6
1698419365.437,False,32.0,68.10000000000001,-16.400000000000002
1698419365.454,False,28.0,68.2,-15.8
1698419365.47,False,24.1,68.3,-15.3
1698419365.488,False,22.3,68.4,-15.0
1698419365.504,False,19.1,68.4,-14.8
1698419365.521,False,16.5,68.4,-14.9
1698419365.538,False,15.4,68.4,-15.100000000000001
1698419365.554,False,13.9,68.60000000000001,-15.8
1698419365.571,False,12.9,68.9,-16.8
1698419365.588,False,12.600000000000001,69.2,-17.6
1698419365.604,False,12.4,69.60000000000001,-19.900000000000002
1698419365.621,False,12.3,69.8,-22.5
1698419365.637,False,12.100000000000001,69.8,-23.6
1698419365.655,False,11.0,69.7,-24.900000000000002
1698419365.671,False,8.700000000000001,69.8,-25.1
1698419365.687,False,7.1000000000000005,69.9,-24.6
1698419365.704,False,2.5,70.4,-22.6
1698419365.721,False,357.70000000000005,70.9,-20.400000000000002
1698419365.737,False,355.70000000000005,71.10000000000001,-19.700000000000003
1698419365.754,False,352.70000000000005,71.4,-19.3
1698419365.771,False,351.40000000000003,71.60000000000001,-19.3
1698419365.787,False,346.70000000000005,72.10000000000001,-18.7
1698419365.804,False,344.90000000000003,72.3,-18.3
1698419365.821,False,340.8,72.5,-17.2
1698419365.837,False,338.40000000000003,72.5,-16.400000000000002
1698419365.854,False,333.3,72.4,-14.700000000000001
1698419365.87,False,328.1,72.0,-12.8
1698419365.887,False,323.0,71.5,-11.200000000000001
1698419365.904,False,320.6,71.2,-10.5
1698419365.921,False,316.40000000000003,70.5,-9.5
1698419365.937,False,313.0,70.0,-9.3
1698419365.954,False,311.5,69.9,-9.5
1698419365.971,False,309.20000000000005,69.9,-10.4
1698419365.987,False,307.40000000000003,70.2,-12.0
1698419366.004,False,306.8,70.5,-13.100000000000001
1698419366.021,False,306.0,71.3,-15.600000000000001
1698419366.037,False,306.0,72.3,-18.6
1698419366.054,False,306.1,72.9,-20.3
1698419366.071,False,306.40000000000003,73.5,-22.1
1698419366.104,False,303.0,73.8,-24.5
1698419366.12,False,298.8,73.5,-22.700000000000003
1698419366.137,False,295.40000000000003,73.10000000000001,-20.900000000000002
1698419366.154,False,294.0,72.8,-20.200000000000003
1698419366.171,False,292.0,72.60000000000001,-19.400000000000002
1698419366.187,False,290.40000000000003,72.60000000000001,-18.900000000000002
1698419366.204,False,289.6,72.8,-18.8
1698419366.221,False,288.3,73.4,-18.7
1698419366.238,False,287.6,73.7,-18.5
1698419366.255,False,286.1,74.60000000000001,-18.0
1698419366.271,False,285.0,75.5,-17.6
1698419366.287,False,284.6,75.8,-17.5
1698419366.304,False,284.7,75.8,-17.900000000000002
1698419366.32,False,285.7,75.60000000000001,-19.200000000000003
1698419366.337,False,287.40000000000003,75.60000000000001,-20.900000000000002
1698419366.355,False,288.3,75.7,-21.900000000000002
1698419366.371,False,290.2,76.10000000000001,-23.900000000000002
1698419366.387,False,292.2,76.4,-25.900000000000002
1698419366.404,False,292.90000000000003,76.4,-26.700000000000003
1698419366.42,False,293.5,76.3,-27.6
1698419366.441,False,293.40000000000003,76.10000000000001,-27.900000000000002
1698419366.456,False,293.40000000000003,76.10000000000001,-28.1
1698419366.471,False,293.2,76.0,-28.3
1698419366.487,False,293.1,76.0,-28.5
1698419366.504,False,292.90000000000003,76.0,-28.700000000000003
1698419366.52,False,292.7,76.0,-28.8
1698419366.537,False,292.2,76.0,-28.8
1698419366.554,False,291.3,75.9,-28.5
1698419366.571,False,290.8,75.8,-28.200000000000003
1698419366.587,False,289.40000000000003,75.4,-27.3
1698419366.604,False,287.7,75.0,-26.3
1698419366.621,False,286.8,74.7,-25.8
1698419366.637,False,285.2,74.10000000000001,-24.700000000000003
1698419366.654,False,284.5,73.7,-24.3
1698419366.671,False,283.40000000000003,73.10000000000001,-23.6
1698419366.687,False,282.7,72.4,-23.3
1698419366.704,False,282.1,71.7,-23.0
1698419366.721,False,281.8,71.4,-22.8
1698419366.737,False,281.40000000000003,70.7,-22.400000000000002
1698419366.754,False,281.1,70.0,-22.1
1698419366.771,False,281.1,69.60000000000001,-22.0
1698419366.787,False,281.1,68.9,-21.8
1698419366.804,False,281.3,68.2,-21.700000000000003
1698419366.822,False,281.40000000000003,67.8,-21.700000000000003
1698419366.837,False,281.5,67.2,-21.6
1698419366.854,False,281.5,66.9,-21.200000000000003
1698419366.871,False,281.5,66.8,-21.0
1698419366.887,False,281.8,66.9,-20.700000000000003
1698419366.904,False,282.2,67.2,-20.900000000000002
1698419366.921,False,284.5,68.2,-23.200000000000003
1698419366.938,False,287.8,69.4,-26.8
1698419366.954,False,289.8,70.7,-28.900000000000002
1698419366.971,False,290.1,71.3,-29.200000000000003
1698419366.987,False,289.7,72.0,-28.5
1698419367.004,False,289.0,72.3,-27.6
1698419367.022,False,289.1,72.4,-27.5
1698419367.038,False,290.1,72.5,-28.0
1698419367.054,False,290.8,72.4,-28.1
1698419367.071,False,291.1,72.2,-28.0
1698419367.088,False,292.2,71.9,-28.6
1698419367.104,False,294.1,71.60000000000001,-30.1
1698419367.121,False,295.1,71.4,-31.0
1698419367.137,False,296.2,71.3,-31.900000000000002
1698419367.154,False,296.0,71.3,-31.700000000000003
1698419367.171,False,294.40000000000003,71.60000000000001,-29.6
1698419367.19,False,293.90000000000003,71.7,-28.900000000000002
1698419367.204,False,293.6,71.9,-28.200000000000003
1698419367.221,False,294.2,71.9,-28.700000000000003
1698419367.237,False,294.7,71.9,-29.1
1698419367.254,False,296.0,71.9,-30.1
1698419367.27,False,297.0,72.0,-30.8
1698419367.287,False,297.5,72.0,-31.0
1698419367.303,False,298.3,72.0,-31.3
1698419367.32,False,298.90000000000003,71.9,-31.3
1698419367.337,False,299.2,71.8,-31.400000000000002
1698419367.353,False,300.0,71.5,-31.700000000000003
1698419367.37,False,300.7,71.3,-32.1
1698419367.387,False,302.2,70.7,-33.1
1698419367.404,False,303.1,70.2,-33.800000000000004
1698419367.42,False,303.2,69.9,-33.9
1698419367.437,False,303.1,69.8,-33.7
1698419367.454,False,302.40000000000003,69.8,-32.9
1698419367.47,False,301.2,70.0,-31.900000000000002
1698419367.487,False,300.40000000000003,70.10000000000001,-31.200000000000003
1698419367.504,False,298.3,70.3,-29.6
1698419367.521,False,297.2,70.4,-28.8
1698419367.537,False,295.8,71.4,-27.1
1698419367.554,False,291.5,72.3,-21.900000000000002
1698419367.571,False,287.90000000000003,72.7,-16.900000000000002
1698419367.588,False,287.5,72.7,-16.3
1698419367.604,False,288.8,72.9,-17.5
1698419367.621,False,291.8,73.60000000000001,-20.8
1698419367.637,False,293.6,74.4,-22.8
1698419367.654,False,296.3,76.5,-25.900000000000002
1698419367.671,False,293.1,77.4,-22.8
1698419367.688,False,290.90000000000003,77.80000000000001,-20.6
1698419367.705,False,286.7,78.10000000000001,-16.900000000000002
1698419367.721,False,284.2,77.9,-14.700000000000001
1698419367.737,False,283.6,77.60000000000001,-14.5
1698419367.754,False,283.0,77.10000000000001,-14.5
1698419367.771,False,283.2,76.7,-14.8
1698419367.787,False,283.6,76.60000000000001,-15.200000000000001
1698419367.804,False,284.7,76.5,-16.400000000000002
1698419367.82,False,285.90000000000003,76.2,-17.6
1698419367.837,False,286.40000000000003,76.0,-18.3
1698419367.854,False,287.2,75.7,-19.400000000000002
1698419367.871,False,288.0,75.5,-20.400000000000002
1698419367.887,False,288.3,75.5,-20.700000000000003
1698419367.904,False,288.8,75.60000000000001,-21.1
1698419367.92,False,288.90000000000003,75.60000000000001,-20.900000000000002
1698419367.937,False,288.7,75.60000000000001,-20.5
1698419367.954,False,287.8,75.5,-19.200000000000003
1698419367.97,False,286.6,75.2,-17.400000000000002
1698419367.987,False,285.6,74.8,-15.4
1698419368.003,False,285.5,74.7,-14.600000000000001
1698419368.02,False,286.5,74.4,-14.200000000000001
1698419368.037,False,287.7,74.4,-14.600000000000001
1698419368.054,False,291.1,74.4,-16.5
1698419368.07,False,294.2,74.5,-18.7
1698419368.087,False,295.3,74.8,-19.200000000000003
1698419368.104,False,294.8,75.0,-18.400000000000002
1698419368.12,False,292.0,75.5,-15.3
1698419368.138,False,293.3,77.2,-18.1
1698419368.154,False,297.3,77.80000000000001,-22.900000000000002
1698419368.17,False,305.1,79.10000000000001,-32.2
1698419368.188,False,305.40000000000003,79.2,-33.5
1698419368.205,False,303.0,79.10000000000001,-31.400000000000002
1698419368.221,False,296.2,79.5,-24.700000000000003
1698419368.237,False,291.8,80.9,-20.400000000000002
1698419368.256,False,293.2,81.7,-22.200000000000003
1698419368.271,False,301.6,81.5,-30.8
1698419368.288,False,308.3,80.10000000000001,-37.300000000000004
1698419368.304,False,310.20000000000005,79.4,-39.1
1698419368.321,False,311.1,78.5,-40.0
1698419368.337,False,309.6,78.10000000000001,-38.400000000000006
1698419368.354,False,308.5,77.9,-37.4
1698419368.371,False,306.1,77.7,-35.4
1698419368.387,False,304.0,77.4,-33.6
1698419368.404,False,303.1,77.30000000000001,-32.7
1698419368.421,False,301.5,77.0,-31.200000000000003
1698419368.437,False,300.40000000000003,76.80000000000001,-30.0
1698419368.454,False,300.0,76.7,-29.6
1698419368.471,False,299.8,76.5,-29.400000000000002
1698419368.487,False,300.5,76.10000000000001,-30.0
1698419368.503,False,301.1,75.9,-30.8
1698419368.521,False,302.90000000000003,75.5,-33.2
1698419368.538,False,304.5,74.9,-35.9
1698419368.554,False,304.5,74.5,-36.5
1698419368.575,False,301.6,73.9,-35.2
1698419368.587,False,295.6,73.5,-30.5
1698419368.605,False,289.3,72.9,-25.3
1698419368.621,False,286.8,72.7,-23.400000000000002
1698419368.637,False,283.90000000000003,72.5,-21.8
1698419368.654,False,283.3,72.5,-21.900000000000002
1698419368.671,False,283.40000000000003,72.7,-23.0
1698419368.688,False,284.0,72.9,-23.900000000000002
1698419368.704,False,283.3,72.5,-23.3
1698419368.72,False,283.3,72.5,-22.8
1698419368.737,False,282.90000000000003,74.0,-19.8
1698419368.754,False,281.2,74.8,-17.2
1698419368.77,False,279.3,76.10000000000001,-15.200000000000001
1698419368.787,False,278.90000000000003,75.8,-13.4
1698419368.804,False,279.5,75.8,-13.5
1698419368.822,False,282.40000000000003,77.80000000000001,-15.8
1698419368.837,False,280.3,79.5,-14.100000000000001
1698419368.854,False,273.8,79.5,-6.9
1698419368.871,False,271.1,79.5,-4.4
1698419368.888,False,268.8,78.9,-2.1
1698419368.917,False,269.1,78.0,-2.5
1698419368.92,False,269.6,77.60000000000001,-3.1
1698419368.937,False,270.5,76.80000000000001,-4.0
1698419368.954,False,270.8,76.10000000000001,-3.8000000000000003
1698419368.97,False,270.7,75.8,-3.5
1698419368.987,False,270.8,75.3,-3.5
1698419369.004,False,271.5,75.0,-4.0
1698419369.021,False,271.90000000000003,74.9,-4.3
1698419369.037,False,272.90000000000003,74.8,-5.2
1698419369.054,False,273.90000000000003,75.10000000000001,-6.0
1698419369.07,False,274.3,75.2,-6.300000000000001
1698419369.087,False,274.3,75.4,-6.300000000000001
1698419369.105,False,273.8,75.10000000000001,-5.800000000000001
1698419369.12,False,273.40000000000003,74.9,-5.300000000000001
1698419369.137,False,272.40000000000003,74.4,-4.1000000000000005
1698419369.155,False,271.3,74.10000000000001,-2.3000000000000003
1698419369.171,False,270.7,74.10000000000001,-1.2000000000000002
1698419369.187,False,270.40000000000003,74.2,0.5
1698419369.205,False,274.0,74.4,-1.3
1698419369.221,False,277.0,74.4,-3.7
1698419369.237,False,283.8,74.0,-10.5
1698419369.253,False,288.40000000000003,73.4,-15.100000000000001
1698419369.27,False,288.90000000000003,73.5,-15.100000000000001
1698419369.287,False,288.3,75.2,-14.8
1698419369.304,False,288.5,76.4,-16.7
1698419369.321,False,291.0,77.30000000000001,-20.200000000000003
1698419369.337,False,292.1,77.60000000000001,-21.700000000000003
1698419369.354,False,292.3,78.0,-22.3
1698419369.37,False,292.1,79.0,-22.6
1698419369.387,False,294.2,80.0,-24.900000000000002
1698419369.403,False,297.6,79.30000000000001,-28.3
1698419369.42,False,302.8,77.80000000000001,-33.6
1698419369.437,False,304.1,77.30000000000001,-35.0
1698419369.453,False,303.8,76.7,-34.6
1698419369.47,False,301.2,76.2,-31.900000000000002
1698419369.486,False,299.90000000000003,75.9,-30.6
1698419369.503,False,298.0,75.10000000000001,-28.700000000000003
1698419369.52,False,296.8,74.5,-27.700000000000003
1698419369.537,False,296.40000000000003,74.2,-27.400000000000002
1698419369.553,False,295.6,73.9,-26.8
1698419369.57,False,294.90000000000003,73.8,-26.400000000000002
1698419369.586,False,294.7,73.8,-26.200000000000003
1698419369.603,False,294.5,73.8,-26.400000000000002
1698419369.62,False,294.90000000000003,73.8,-27.3
1698419369.637,False,295.3,73.8,-28.200000000000003
1698419369.653,False,296.1,73.3,-30.0
1698419369.67,False,295.6,72.5,-30.6
1698419369.687,False,294.6,72.0,-30.1
1698419369.703,False,290.90000000000003,71.2,-27.6
1698419369.72,False,286.1,70.60000000000001,-23.700000000000003
1698419369.737,False,283.8,70.4,-21.6
1698419369.754,False,280.40000000000003,70.4,-18.3
1698419369.77,False,279.2,70.7,-17.400000000000002
1698419369.787,False,279.7,70.8,-18.0
1698419369.805,False,282.7,71.7,-20.8
1698419369.821,False,284.90000000000003,74.10000000000001,-21.200000000000003
1698419369.837,False,284.2,75.0,-20.3
1698419369.855,False,282.3,76.60000000000001,-16.8
1698419369.87,False,281.90000000000003,78.2,-15.100000000000001
1698419369.887,False,282.40000000000003,79.0,-15.600000000000001
1698419369.91,False,282.0,81.9,-15.8
1698419369.92,False,278.1,81.9,-11.0
1698419369.938,False,273.1,81.9,-4.9
1698419369.953,False,262.7,81.60000000000001,6.300000000000001
1698419369.97,False,261.1,81.10000000000001,8.8
1698419369.988,False,263.2,80.7,7.1000000000000005
1698419370.004,False,269.3,79.9,1.4000000000000001
1698419370.02,False,274.7,79.10000000000001,-3.6
1698419370.037,False,276.6,78.7,-5.2
1698419370.054,False,278.6,77.9,-6.800000000000001
1698419370.071,False,279.1,77.4,-7.0
1698419370.087,False,279.5,77.2,-7.1000000000000005
1698419370.12,False,281.8,76.7,-8.5
1698419370.137,False,283.0,76.5,-9.4
1698419370.154,False,283.40000000000003,76.4,-9.600000000000001
1698419370.17,False,283.3,76.2,-9.0
1698419370.187,False,282.7,76.0,-8.0
1698419370.203,False,281.2,75.60000000000001,-5.5
1698419370.22,False,280.5,75.10000000000001,-3.4000000000000004
1698419370.237,False,280.7,74.7,-3.0
1698419370.253,False,283.8,74.3,-5.0
1698419370.271,False,289.8,74.2,-10.700000000000001
1698419370.287,False,296.5,74.10000000000001,-18.0
1698419370.304,False,298.8,74.2,-20.6
1698419370.32,False,298.90000000000003,74.5,-20.400000000000002
1698419370.337,False,296.5,75.0,-17.900000000000002
1698419370.355,False,293.2,76.2,-16.0
1698419370.37,False,293.5,77.10000000000001,-17.7
1698419370.387,False,299.40000000000003,78.60000000000001,-24.6
1698419370.404,False,303.2,79.30000000000001,-28.8
1698419370.421,False,307.5,80.0,-33.2
1698419370.438,False,306.90000000000003,79.7,-32.800000000000004
1698419370.456,False,306.40000000000003,79.5,-32.2
1698419370.47,False,309.0,78.4,-34.6
1698419370.487,False,313.5,77.5,-39.300000000000004
1698419370.504,False,314.40000000000003,77.2,-40.300000000000004
1698419370.52,False,313.1,76.7,-38.900000000000006
1698419370.537,False,310.3,76.10000000000001,-36.1
1698419370.554,False,309.1,75.7,-34.9
1698419370.571,False,307.3,75.0,-32.9
1698419370.591,False,306.2,74.4,-31.8
1698419370.603,False,305.90000000000003,74.10000000000001,-31.5
1698419370.621,False,305.6,73.7,-31.200000000000003
1698419370.637,False,305.40000000000003,73.4,-31.400000000000002
1698419370.654,False,305.6,73.2,-31.700000000000003
1698419370.673,False,306.3,73.10000000000001,-33.0
1698419370.687,False,307.40000000000003,73.0,-35.1
1698419370.706,False,306.8,72.3,-36.300000000000004
1698419370.72,False,305.2,71.7,-35.6
1698419370.737,False,300.40000000000003,70.60000000000001,-32.4
1698419370.755,False,297.3,70.10000000000001,-30.0
1698419370.781,False,286.7,68.7,-20.6
1698419370.787,False,283.8,68.5,-17.7
1698419370.804,False,281.5,68.4,-15.4
1698419370.82,False,278.90000000000003,68.5,-13.0
1698419370.837,False,280.2,70.4,-13.600000000000001
1698419370.854,False,280.7,71.8,-13.0
1698419370.871,False,283.1,74.7,-13.4
1698419370.888,False,284.5,76.5,-13.700000000000001
1698419370.905,False,285.40000000000003,77.5,-13.700000000000001
1698419370.921,False,286.40000000000003,78.30000000000001,-14.4
1698419370.937,False,287.5,80.60000000000001,-16.0
1698419370.953,False,281.6,80.80000000000001,-9.4
1698419370.97,False,276.40000000000003,80.9,-3.6
1698419370.987,False,265.6,80.2,7.6000000000000005
1698419371.003,False,261.3,79.4,12.0
1698419371.02,False,261.5,79.10000000000001,11.9
1698419371.037,False,262.90000000000003,78.9,10.700000000000001
1698419371.053,False,267.8,78.5,6.300000000000001
1698419371.07,False,272.90000000000003,77.9,1.4000000000000001
1698419371.087,False,276.6,77.10000000000001,-2.5
1698419371.104,False,278.7,76.5,-4.7
1698419371.121,False,279.3,76.3,-5.2
1698419371.137,False,279.7,76.0,-5.4
1698419371.153,False,280.0,75.9,-5.6000000000000005
1698419371.17,False,280.1,75.9,-5.7
1698419371.187,False,279.3,75.60000000000001,-4.800000000000001
1698419371.204,False,276.7,75.2,-1.7000000000000002
1698419371.222,False,275.2,75.0,0.1
1698419371.237,False,273.7,74.3,2.5
1698419371.253,False,275.3,73.3,1.9000000000000001
1698419371.271,False,277.3,72.9,0.30000000000000004
1698419371.287,False,282.3,72.5,-4.1000000000000005
1698419371.304,False,286.5,72.60000000000001,-8.700000000000001
1698419371.32,False,287.5,72.8,-9.8
1698419371.337,False,285.5,73.2,-7.6000000000000005
1698419371.354,False,281.0,74.5,-3.6
1698419371.371,False,281.0,75.5,-4.2
1698419371.392,False,286.8,78.60000000000001,-12.3
1698419371.404,False,290.3,79.5,-16.2
1698419371.422,False,292.7,80.0,-18.8
1698419371.438,False,293.7,80.0,-20.200000000000003
1698419371.453,False,293.6,79.80000000000001,-20.1
1698419371.47,False,296.6,79.30000000000001,-22.8
1698419371.488,False,299.6,78.80000000000001,-25.900000000000002
1698419371.504,False,305.1,77.9,-31.700000000000003
1698419371.521,False,306.3,77.60000000000001,-33.0
1698419371.537,False,305.3,77.10000000000001,-31.900000000000002
1698419371.554,False,302.40000000000003,76.5,-28.8
1698419371.571,False,300.90000000000003,76.2,-27.200000000000003
1698419371.588,False,298.40000000000003,75.60000000000001,-24.6
1698419371.604,False,296.7,75.10000000000001,-23.0
1698419371.62,False,296.3,74.9,-22.6
1698419371.637,False,295.7,74.60000000000001,-22.1
1698419371.654,False,295.3,74.4,-21.8
1698419371.67,False,295.2,74.4,-21.700000000000003
1698419371.687,False,295.5,74.4,-22.3
1698419371.703,False,296.40000000000003,74.3,-23.900000000000002
1698419371.72,False,296.90000000000003,74.10000000000001,-25.1
1698419371.737,False,296.6,73.10000000000001,-26.3
1698419371.754,False,293.7,71.7,-24.900000000000002
1698419371.771,False,288.8,70.7,-20.900000000000002
1698419371.79,False,286.0,70.3,-18.400000000000002
1698419371.805,False,280.8,69.8,-13.200000000000001
1698419371.821,False,278.7,69.8,-10.8
1698419371.838,False,276.2,69.8,-8.3
1698419371.855,False,277.7,70.9,-10.0
1698419371.87,False,279.0,74.10000000000001,-9.700000000000001
1698419371.887,False,278.7,75.4,-8.9
1698419371.903,False,277.1,77.10000000000001,-6.4
1698419371.92,False,276.8,78.4,-5.300000000000001
1698419371.938,False,277.5,79.2,-6.300000000000001
1698419371.953,False,279.8,81.5,-9.700000000000001
1698419371.971,False,276.0,81.30000000000001,-5.7
1698419371.987,False,271.0,81.30000000000001,-0.1
1698419372.004,False,257.5,80.4,13.8
1698419372.02,False,250.70000000000002,79.60000000000001,20.8
1698419372.037,False,250.3,79.4,21.200000000000003
1698419372.054,False,254.10000000000002,79.0,17.7
1698419372.072,False,260.2,78.7,11.8
1698419372.087,False,263.3,78.4,8.6
1698419372.105,False,268.2,77.7,3.3000000000000003
1698419372.12,False,271.3,77.10000000000001,-0.1
1698419372.137,False,272.3,76.9,-1.2000000000000002
1698419372.156,False,273.5,76.60000000000001,-2.4000000000000004
1698419372.171,False,274.3,76.60000000000001,-3.2
1698419372.187,False,274.90000000000003,76.5,-4.0
1698419372.205,False,274.8,76.3,-4.0
1698419372.22,False,273.3,76.0,-2.3000000000000003
1698419372.237,False,271.90000000000003,75.9,-0.6000000000000001
1698419372.254,False,268.8,75.4,3.2
1698419372.27,False,267.3,74.7,5.7
1698419372.287,False,269.8,74.3,4.2
1698419372.304,False,272.40000000000003,74.10000000000001,1.9000000000000001
1698419372.32,False,278.6,74.10000000000001,-4.9
1698419372.337,False,283.90000000000003,74.0,-11.0
1698419372.354,False,285.1,73.9,-12.200000000000001
1698419372.37,False,284.40000000000003,75.2,-11.600000000000001
1698419372.387,False,285.1,76.3,-12.9
1698419372.403,False,286.40000000000003,77.9,-16.0
1698419372.421,False,288.90000000000003,79.2,-19.6
1698419372.437,False,290.2,79.7,-21.1
1698419372.455,False,291.1,80.2,-22.5
1698419372.47,False,291.6,80.4,-23.0
1698419372.488,False,292.5,80.10000000000001,-23.700000000000003
1698419372.504,False,295.6,79.4,-26.700000000000003
1698419372.521,False,302.90000000000003,78.10000000000001,-34.2
1698419372.537,False,306.1,77.2,-37.5
1698419372.555,False,305.5,76.80000000000001,-36.800000000000004
1698419372.57,False,302.8,76.2,-33.9
1698419372.587,False,301.3,75.9,-32.4
1698419372.604,False,299.0,75.3,-29.900000000000002
1698419372.62,False,297.6,74.7,-28.400000000000002
1698419372.637,False,296.8,74.5,-27.8
1698419372.654,False,296.6,74.4,-27.6
1698419372.67,False,296.40000000000003,74.4,-27.6
1698419372.687,False,296.5,74.5,-27.900000000000002
1698419372.704,False,296.7,74.60000000000001,-28.3
1698419372.721,False,296.8,74.4,-29.1
1698419372.738,False,296.1,74.0,-29.1
1698419372.755,False,293.8,72.5,-28.0
1698419372.77,False,290.40000000000003,70.9,-25.6
1698419372.787,False,285.7,69.60000000000001,-22.0
1698419372.804,False,283.1,69.0,-19.8
1698419372.82,False,278.5,68.3,-15.100000000000001
1698419372.837,False,275.40000000000003,68.60000000000001,-11.9
1698419372.855,False,274.40000000000003,69.0,-11.100000000000001
1698419372.876,False,274.3,69.60000000000001,-11.4
1698419372.887,False,275.6,70.10000000000001,-12.700000000000001
1698419372.903,False,279.1,72.9,-14.5
1698419372.92,False,279.2,75.10000000000001,-14.4
1698419372.937,False,279.1,76.9,-13.100000000000001
1698419372.953,False,279.2,77.7,-12.8
1698419372.971,False,280.5,79.10000000000001,-14.4
1698419372.987,False,280.40000000000003,79.80000000000001,-15.600000000000001
1698419373.004,False,280.2,79.80000000000001,-14.700000000000001
1698419373.021,False,275.5,79.9,-8.700000000000001
1698419373.038,False,265.2,79.60000000000001,2.0
1698419373.054,False,262.0,79.4,5.2
1698419373.07,False,260.90000000000003,79.0,6.5
1698419373.087,False,264.0,78.30000000000001,3.9000000000000004
1698419373.104,False,265.90000000000003,77.9,2.2
1698419373.12,False,269.8,77.2,-1.7000000000000002
1698419373.138,False,272.8,76.4,-4.9
1698419373.155,False,273.8,76.0,-5.9
1698419373.17,False,275.0,75.60000000000001,-7.0
1698419373.187,False,275.6,75.4,-7.4
1698419373.204,False,276.3,75.5,-7.800000000000001
1698419373.222,False,276.6,75.5,-7.9
1698419373.237,False,276.5,75.5,-7.2
1698419373.254,False,275.2,75.3,-5.2
1698419373.271,False,274.40000000000003,75.2,-3.8000000000000003
1698419373.287,False,273.1,75.0,-1.4000000000000001
1698419373.304,False,274.40000000000003,74.8,-1.4000000000000001
1698419373.322,False,276.40000000000003,74.8,-2.9000000000000004
1698419373.338,False,282.5,75.0,-9.0
1698419373.355,False,286.1,75.0,-13.0
1698419373.372,False,292.2,74.60000000000001,-19.700000000000003
1698419373.387,False,292.90000000000003,74.0,-20.1
1698419373.404,False,290.5,73.9,-17.3
1698419373.421,False,285.90000000000003,75.0,-13.5
1698419373.438,False,285.2,76.10000000000001,-14.0
1698419373.455,False,285.90000000000003,77.10000000000001,-15.100000000000001
1698419373.47,False,293.6,79.4,-23.6
1698419373.487,False,299.3,80.2,-28.700000000000003
1698419373.503,False,298.90000000000003,79.60000000000001,-28.200000000000003
1698419373.52,False,298.5,79.4,-27.5
1698419373.537,False,301.6,78.5,-29.900000000000002
1698419373.553,False,308.1,77.60000000000001,-36.6
1698419373.571,False,309.90000000000003,77.30000000000001,-38.300000000000004
1698419373.588,False,308.90000000000003,76.60000000000001,-36.9
1698419373.604,False,305.6,76.0,-33.1
1698419373.621,False,304.1,75.60000000000001,-31.400000000000002
1698419373.637,False,301.7,74.60000000000001,-28.5
1698419373.654,False,300.6,73.8,-26.900000000000002
1698419373.67,False,300.5,73.5,-26.6
1698419373.687,False,300.7,73.10000000000001,-26.8
1698419373.704,False,301.1,72.9,-27.200000000000003
1698419373.72,False,302.1,72.9,-28.400000000000002
1698419373.737,False,303.2,73.0,-29.8
1698419373.755,False,303.40000000000003,73.0,-30.3
1698419373.771,False,302.6,72.8,-30.700000000000003
1698419373.788,False,299.6,71.8,-29.1
1698419373.804,False,295.40000000000003,70.60000000000001,-25.900000000000002
1698419373.82,False,290.6,69.5,-22.5
1698419373.837,False,288.3,69.0,-20.700000000000003
1698419373.854,False,284.6,68.7,-17.2
1698419373.871,False,283.40000000000003,68.9,-16.0
1698419373.887,False,282.1,69.5,-14.8
1698419373.904,False,282.8,70.8,-15.4
1698419373.92,False,283.5,73.9,-14.600000000000001
1698419373.938,False,283.2,75.0,-14.100000000000001
1698419373.954,False,282.3,76.4,-12.100000000000001
1698419373.97,False,282.90000000000003,77.4,-11.4
1698419373.987,False,283.8,78.2,-12.5
1698419374.004,False,287.1,80.5,-16.7
1698419374.02,False,283.5,80.9,-13.100000000000001
1698419374.04,False,279.5,81.0,-8.3
1698419374.056,False,265.1,80.7,6.800000000000001
1698419374.07,False,256.5,80.10000000000001,15.8
1698419374.089,False,255.5,79.9,16.900000000000002
1698419374.103,False,258.90000000000003,79.60000000000001,14.200000000000001
1698419374.12,False,261.7,79.4,11.5
1698419374.137,False,267.6,78.7,5.9
1698419374.153,False,271.7,77.9,1.7000000000000002
1698419374.171,False,273.8,77.2,-0.2
1698419374.187,False,274.2,77.0,-0.5
1698419374.204,False,275.0,76.80000000000001,-0.8
1698419374.22,False,276.1,76.7,-1.5
1698419374.24,False,277.2,76.4,-2.5
1698419374.254,False,277.3,76.2,-2.4000000000000004
1698419374.271,False,276.90000000000003,76.0,-1.8
1698419374.287,False,274.8,75.60000000000001,1.2000000000000002
1698419374.304,False,272.90000000000003,75.10000000000001,4.2
1698419374.32,False,274.2,74.4,4.1000000000000005
1698419374.337,False,276.1,74.0,2.7
1698419374.357,False,281.1,73.3,-1.5
1698419374.37,False,286.0,73.3,-6.6000000000000005
1698419374.386,False,289.0,73.9,-9.8
1698419374.403,False,288.8,74.2,-9.5
1698419374.42,False,284.6,74.3,-5.300000000000001
1698419374.437,False,282.0,74.60000000000001,-3.0
1698419374.454,False,280.7,75.5,-3.1
1698419374.47,False,282.2,76.9,-5.800000000000001
1698419374.488,False,284.2,77.9,-8.200000000000001
1698419374.504,False,288.7,79.7,-12.8
1698419374.521,False,290.1,79.7,-14.4
1698419374.537,False,292.0,79.10000000000001,-16.2
1698419374.554,False,294.3,78.7,-18.2
1698419374.571,False,300.90000000000003,77.7,-25.1
1698419374.587,False,303.7,77.4,-28.1
1698419374.604,False,305.2,76.9,-29.8
1698419374.62,False,302.5,76.60000000000001,-27.0
1698419374.637,False,300.7,76.3,-25.200000000000003
1698419374.655,False,297.6,75.60000000000001,-22.1
1698419374.67,False,295.8,75.10000000000001,-20.200000000000003
1698419374.689,False,295.3,74.9,-19.700000000000003
1698419374.704,False,294.8,74.7,-19.400000000000002
1698419374.72,False,294.7,74.8,-19.5
1698419374.737,False,294.7,74.9,-19.900000000000002
1698419374.756,False,294.8,74.9,-20.1
1698419374.77,False,294.90000000000003,75.0,-20.5
1698419374.788,False,294.40000000000003,74.5,-21.1
1698419374.806,False,293.90000000000003,73.8,-21.200000000000003
1698419374.82,False,292.40000000000003,72.10000000000001,-20.8
1698419374.837,False,289.2,70.5,-18.900000000000002
1698419374.858,False,287.1,69.7,-17.400000000000002
1698419374.87,False,282.40000000000003,68.60000000000001,-13.5
1698419374.887,False,278.40000000000003,68.3,-9.200000000000001
1698419374.904,False,276.90000000000003,68.4,-7.6000000000000005
1698419374.92,False,275.0,69.10000000000001,-5.7
1698419374.937,False,276.8,70.10000000000001,-7.5
1698419374.955,False,278.6,71.5,-9.1
1698419374.97,False,280.0,74.7,-9.8
1698419374.987,False,279.2,76.2,-8.6
1698419375.003,False,279.0,76.9,-7.6000000000000005
1698419375.02,False,279.7,78.60000000000001,-8.0
1698419375.037,False,280.8,80.9,-10.5
1698419375.053,False,279.3,80.7,-9.5
1698419375.07,False,274.1,80.60000000000001,-3.0
1698419375.088,False,262.40000000000003,80.0,9.1
1698419375.104,False,258.3,79.7,13.3
1698419375.12,False,255.8,79.2,15.8
1698419375.137,False,259.8,78.7,11.9
1698419375.153,False,262.6,78.4,9.0
1698419375.172,False,268.5,77.60000000000001,2.9000000000000004
1698419375.187,False,272.90000000000003,76.7,-2.1
1698419375.204,False,274.3,76.4,-3.8000000000000003
1698419375.222,False,275.8,75.7,-5.7
1698419375.237,False,276.1,75.4,-6.0
1698419375.254,False,276.1,75.4,-5.7
1698419375.272,False,276.0,75.5,-5.5
1698419375.287,False,275.3,75.5,-4.6000000000000005
1698419375.304,False,274.7,75.4,-3.7
1698419375.321,False,272.7,75.2,-1.1
1698419375.337,False,270.8,74.8,1.8
1698419375.353,False,270.5,74.60000000000001,2.7
1698419375.371,False,272.1,74.5,2.3000000000000003
1698419375.387,False,276.6,74.9,-1.7000000000000002
1698419375.403,False,282.6,75.3,-8.1
1698419375.42,False,285.5,75.3,-11.3
1698419375.437,False,289.3,74.9,-15.100000000000001
1698419375.453,False,287.90000000000003,75.10000000000001,-13.600000000000001
1698419375.47,False,287.1,75.7,-13.5
1698419375.487,False,287.0,76.7,-14.8
1698419375.504,False,286.90000000000003,77.30000000000001,-15.100000000000001
1698419375.522,False,290.3,79.2,-19.200000000000003
1698419375.537,False,294.0,80.10000000000001,-22.700000000000003
1698419375.553,False,294.8,79.9,-23.8
1698419375.57,False,294.8,79.7,-23.700000000000003
1698419375.588,False,297.1,79.0,-25.3
1698419375.606,False,303.1,78.10000000000001,-31.400000000000002
1698419375.621,False,305.0,77.80000000000001,-33.4
1698419375.637,False,304.90000000000003,77.2,-32.9
1698419375.655,False,301.7,76.5,-29.3
1698419375.67,False,300.2,76.10000000000001,-27.6
1698419375.69,False,297.90000000000003,75.3,-24.8
1698419375.704,False,297.2,74.9,-23.8
1698419375.72,False,296.6,74.4,-22.6
1698419375.737,False,296.6,74.10000000000001,-22.1
1698419375.754,False,296.6,74.0,-22.1
1698419375.77,False,297.1,73.9,-22.400000000000002
1698419375.787,False,298.3,74.0,-23.5
1698419375.803,False,299.6,74.10000000000001,-25.1
1698419375.821,False,299.90000000000003,74.0,-26.0
1698419375.838,False,298.8,73.0,-26.1
1698419375.855,False,296.1,71.5,-24.5
1698419375.87,False,294.2,70.8,-23.200000000000003
1698419375.888,False,289.90000000000003,69.5,-19.900000000000002
1698419375.903,False,285.3,68.4,-15.9
1698419375.92,False,283.3,68.10000000000001,-13.8
1698419375.937,False,280.3,68.3,-10.5
1698419375.954,False,279.1,69.0,-9.4
1698419375.97,False,281.0,71.0,-11.0
1698419375.987,False,281.90000000000003,72.60000000000001,-11.0
1698419376.003,False,282.8,75.2,-11.4
1698419376.02,False,283.1,76.0,-11.3
1698419376.038,False,283.7,77.60000000000001,-10.8
1698419376.055,False,285.3,79.7,-12.8
1698419376.07,False,285.3,80.9,-13.5
1698419376.087,False,278.7,81.0,-7.1000000000000005
1698419376.103,False,266.1,80.9,6.2
1698419376.12,False,257.90000000000003,80.4,14.8
1698419376.138,False,256.90000000000003,80.2,15.8
1698419376.154,False,260.7,80.0,12.100000000000001
1698419376.171,False,263.90000000000003,79.9,9.1
1698419376.187,False,269.8,79.2,3.0
1698419376.203,False,273.40000000000003,78.4,-0.8
1698419376.221,False,274.0,78.0,-1.6
1698419376.237,False,274.7,77.30000000000001,-2.6
1698419376.254,False,275.3,76.9,-3.2
1698419376.272,False,276.2,76.5,-4.1000000000000005
1698419376.287,False,276.7,76.4,-4.5
1698419376.304,False,277.40000000000003,76.2,-5.2
1698419376.32,False,276.6,75.9,-4.2
1698419376.338,False,275.40000000000003,75.8,-2.7
1698419376.355,False,272.3,75.60000000000001,1.4000000000000001
1698419376.371,False,271.2,75.4,3.1
1698419376.387,False,271.7,74.9,3.9000000000000004
1698419376.404,False,276.2,74.4,0.4
1698419376.42,False,282.0,74.2,-5.300000000000001
1698419376.437,False,284.8,74.2,-8.4
1698419376.453,False,288.6,74.60000000000001,-12.600000000000001
1698419376.47,False,287.3,75.3,-11.100000000000001
1698419376.487,False,285.0,76.0,-8.8
1698419376.504,False,284.0,77.4,-8.9
1698419376.52,False,286.1,77.9,-12.8
1698419376.538,False,287.5,78.2,-14.9
1698419376.555,False,291.0,79.30000000000001,-18.8
1698419376.57,False,293.3,80.4,-20.900000000000002
1698419376.587,False,294.1,80.80000000000001,-21.6
1698419376.604,False,295.2,80.60000000000001,-22.400000000000002
1698419376.62,False,297.5,80.2,-24.3
1698419376.637,False,304.5,79.2,-31.3
1698419376.654,False,308.8,78.60000000000001,-35.800000000000004
1698419376.67,False,307.3,78.4,-34.0
1698419376.687,False,305.5,78.2,-32.0
1698419376.704,False,301.7,77.80000000000001,-27.900000000000002
1698419376.72,False,299.40000000000003,77.10000000000001,-25.200000000000003
1698419376.737,False,298.8,76.80000000000001,-24.5
1698419376.754,False,298.5,76.4,-23.900000000000002
1698419376.771,False,298.5,76.2,-23.5
1698419376.787,False,298.5,76.10000000000001,-23.200000000000003
1698419376.804,False,298.40000000000003,76.10000000000001,-22.8
1698419376.821,False,298.5,76.2,-22.900000000000002
1698419376.837,False,298.8,76.3,-23.3
1698419376.855,False,299.2,76.10000000000001,-24.3
1698419376.871,False,298.3,74.9,-24.400000000000002
1698419376.887,False,297.6,74.10000000000001,-24.1
1698419376.904,False,295.1,72.60000000000001,-22.6
1698419376.92,False,291.40000000000003,71.2,-20.0
1698419376.937,False,289.40000000000003,70.60000000000001,-18.5
1698419376.957,False,285.8,69.8,-15.3
1698419376.97,False,283.6,69.9,-13.100000000000001
1698419376.988,False,282.8,70.3,-12.3
1698419377.004,False,282.40000000000003,71.4,-12.0
1698419377.02,False,284.5,74.0,-14.200000000000001
1698419377.037,False,283.8,76.10000000000001,-13.200000000000001
1698419377.054,False,282.5,76.4,-11.3
1698419377.07,False,280.0,76.9,-7.0
1698419377.087,False,278.0,78.0,-5.2
1698419377.104,False,277.2,79.30000000000001,-4.7
1698419377.12,False,272.6,82.80000000000001,-1.2000000000000002
1698419377.137,False,264.7,82.0,6.800000000000001
1698419377.155,False,260.0,81.9,11.600000000000001
1698419377.17,False,253.20000000000002,81.4,18.1
1698419377.187,False,253.10000000000002,80.9,18.3
1698419377.203,False,254.70000000000002,80.80000000000001,16.7
1698419377.221,False,257.1,80.60000000000001,14.200000000000001
1698419377.238,False,262.5,80.0,8.6
1698419377.254,False,268.1,78.9,2.8000000000000003
1698419377.27,False,269.2,78.60000000000001,1.5
1698419377.287,False,270.7,78.10000000000001,-0.30000000000000004
1698419377.303,False,271.3,78.0,-0.9
1698419377.32,False,272.5,77.80000000000001,-2.0
1698419377.337,False,273.90000000000003,77.60000000000001,-3.3000000000000003
1698419377.353,False,274.6,77.5,-4.0
1698419377.37,False,275.2,77.30000000000001,-4.4
1698419377.386,False,274.40000000000003,77.0,-3.3000000000000003
1698419377.403,False,273.5,76.80000000000001,-2.1
1698419377.421,False,271.40000000000003,76.3,0.4
1698419377.437,False,270.5,76.0,1.6
1698419377.455,False,269.0,75.0,4.4
1698419377.471,False,269.3,74.8,4.6000000000000005
1698419377.487,False,271.40000000000003,75.10000000000001,3.3000000000000003
1698419377.504,False,273.0,75.4,1.8
1698419377.52,False,277.3,76.2,-3.0
1698419377.537,False,281.90000000000003,76.7,-8.1
1698419377.554,False,282.90000000000003,76.9,-9.0
1698419377.572,False,283.6,77.80000000000001,-9.0
1698419377.587,False,287.1,78.30000000000001,-14.0
1698419377.604,False,287.6,78.2,-16.0
1698419377.62,False,289.2,78.4,-18.0
1698419377.637,False,293.6,79.4,-22.5
1698419377.653,False,300.0,81.10000000000001,-28.700000000000003
1698419377.67,False,304.40000000000003,81.80000000000001,-33.0
1698419377.687,False,307.0,81.7,-35.9
1698419377.703,False,309.90000000000003,81.4,-38.900000000000006
1698419377.721,False,314.8,80.4,-44.1
1698419377.737,False,315.90000000000003,80.10000000000001,-45.400000000000006
1698419377.755,False,311.8,80.2,-41.1
1698419377.77,False,309.3,80.10000000000001,-38.400000000000006
1698419377.787,False,305.0,79.7,-34.1
1698419377.804,False,303.7,79.4,-32.800000000000004
1698419377.821,False,302.40000000000003,78.80000000000001,-31.5
1698419377.837,False,302.1,78.30000000000001,-31.1
1698419377.854,False,302.40000000000003,78.10000000000001,-31.200000000000003
1698419377.87,False,302.7,77.9,-31.400000000000002
1698419377.887,False,303.6,77.80000000000001,-32.5
1698419377.904,False,304.3,77.80000000000001,-33.300000000000004
1698419377.921,False,305.40000000000003,77.80000000000001,-34.9
1698419377.937,False,305.90000000000003,77.7,-36.0
1698419377.954,False,304.8,77.2,-35.9
1698419377.971,False,303.5,76.7,-35.0
1698419377.988,False,300.3,75.4,-32.4
1698419378.004,False,296.90000000000003,74.10000000000001,-29.8
1698419378.02,False,295.5,73.4,-28.6
1698419378.037,False,293.2,72.4,-27.1
1698419378.053,False,292.2,72.0,-27.1
1698419378.07,False,292.2,72.0,-27.5
1698419378.087,False,293.2,72.60000000000001,-29.0
1698419378.104,False,294.7,73.7,-31.0
1698419378.12,False,294.5,74.10000000000001,-31.400000000000002
1698419378.142,False,293.40000000000003,74.0,-30.8
1698419378.153,False,291.3,73.5,-28.6
1698419378.17,False,288.5,73.9,-25.5
1698419378.19,False,286.6,74.60000000000001,-23.0
1698419378.203,False,282.1,76.7,-17.6
1698419378.221,False,280.90000000000003,77.30000000000001,-16.3
1698419378.237,False,281.3,77.80000000000001,-16.8
1698419378.254,False,284.2,79.0,-20.400000000000002
1698419378.27,False,285.0,80.30000000000001,-21.3
1698419378.289,False,277.40000000000003,82.0,-14.5
1698419378.304,False,266.6,81.7,-3.5
1698419378.32,False,264.0,81.5,-0.8
1698419378.337,False,263.7,81.0,-0.8
1698419378.354,False,267.40000000000003,80.60000000000001,-4.9
1698419378.37,False,270.5,80.10000000000001,-8.1
1698419378.39,False,270.8,79.80000000000001,-8.4
1698419378.404,False,270.1,79.30000000000001,-7.800000000000001
1698419378.42,False,269.6,78.7,-7.300000000000001
1698419378.437,False,269.40000000000003,78.4,-7.2
1698419378.455,False,269.0,78.0,-6.800000000000001
1698419378.47,False,268.8,77.9,-6.4
1698419378.489,False,268.5,77.60000000000001,-5.9
1698419378.504,False,268.7,77.30000000000001,-5.9
1698419378.52,False,269.7,77.10000000000001,-6.6000000000000005
1698419378.538,False,270.2,77.0,-7.0
1698419378.553,False,271.1,76.9,-7.4
1698419378.57,False,272.0,76.9,-7.7
1698419378.587,False,272.40000000000003,76.9,-7.800000000000001
1698419378.603,False,273.2,76.9,-7.9
1698419378.621,False,273.5,76.9,-7.9
1698419378.637,False,274.1,76.9,-7.9
1698419378.655,False,274.90000000000003,76.9,-8.1
1698419378.67,False,275.7,76.9,-8.4
1698419378.687,False,276.1,76.9,-8.700000000000001
1698419378.704,False,276.8,77.0,-9.0
1698419378.721,False,276.90000000000003,77.10000000000001,-9.0
1698419378.738,False,276.8,77.2,-8.8
1698419378.755,False,276.6,77.5,-8.3
1698419378.77,False,276.7,77.7,-8.3
1698419378.787,False,277.2,77.80000000000001,-8.700000000000001
1698419378.804,False,279.0,77.7,-10.700000000000001
1698419378.82,False,281.1,77.5,-13.200000000000001
1698419378.837,False,281.90000000000003,77.30000000000001,-14.3
1698419378.853,False,283.3,77.0,-16.2
1698419378.87,False,283.90000000000003,76.9,-17.0
1698419378.887,False,284.90000000000003,76.7,-18.2
1698419378.904,False,286.1,76.60000000000001,-19.5
1698419378.92,False,287.6,76.5,-21.200000000000003
1698419378.937,False,288.40000000000003,76.4,-22.0
1698419378.954,False,289.6,76.2,-23.400000000000002
1698419378.97,False,290.2,75.9,-24.3
1698419378.987,False,290.40000000000003,75.7,-24.6
1698419379.003,False,290.6,75.4,-25.1
1698419379.021,False,290.6,75.10000000000001,-25.5
1698419379.036,False,290.6,75.0,-25.700000000000003
1698419379.053,False,290.6,74.8,-25.900000000000002
1698419379.07,False,290.40000000000003,74.5,-26.0
1698419379.103,False,290.7,74.3,-26.200000000000003
1698419379.121,False,291.0,74.3,-26.6
1698419379.137,False,291.2,74.2,-26.700000000000003
1698419379.155,False,291.40000000000003,74.10000000000001,-26.900000000000002
1698419379.17,False,291.7,74.0,-27.3
1698419379.188,False,291.8,74.0,-27.5
1698419379.204,False,292.0,73.9,-27.700000000000003
1698419379.221,False,292.0,73.8,-27.700000000000003
1698419379.253,False,292.1,73.7,-27.700000000000003
1698419379.287,False,292.3,73.60000000000001,-27.8
1698419379.32,False,292.40000000000003,73.60000000000001,-27.8
1698419379.355,False,292.6,73.60000000000001,-27.700000000000003
1698419379.387,False,292.8,73.7,-27.900000000000002
1698419379.404,False,292.90000000000003,73.7,-27.900000000000002
1698419379.421,False,293.1,73.9,-28.0
1698419379.438,False,293.1,74.10000000000001,-28.1
1698419379.47,False,293.40000000000003,74.5,-28.3
1698419379.487,False,293.5,74.5,-28.400000000000002
1698419379.504,False,293.7,74.7,-28.6
1698419379.52,False,294.0,74.8,-29.0
1698419379.537,False,294.2,74.9,-29.1
1698419379.554,False,294.40000000000003,75.0,-29.3
1698419379.571,False,294.5,75.10000000000001,-29.5
1698419379.586,False,294.7,75.3,-29.8
1698419379.603,False,294.90000000000003,75.3,-30.0
1698419379.62,False,295.0,75.3,-30.1
1698419379.637,False,295.2,75.4,-30.400000000000002
1698419379.655,False,295.3,75.4,-30.5
1698419379.671,False,295.5,75.4,-30.700000000000003
1698419379.687,False,295.6,75.4,-30.8
1698419379.705,False,295.7,75.4,-30.900000000000002
1698419379.737,False,295.8,75.5,-31.0
1698419379.753,False,295.90000000000003,75.5,-31.1
1698419379.771,False,296.0,75.60000000000001,-31.200000000000003
1698419379.787,False,296.1,75.60000000000001,-31.3
1698419379.803,False,296.2,75.60000000000001,-31.400000000000002
1698419379.853,False,296.0,75.60000000000001,-31.3
1698419379.903,False,295.90000000000003,75.7,-31.1
1698419379.987,False,295.90000000000003,75.8,-31.0
1698419380.003,False,295.8,75.8,-31.0
1698419380.038,False,295.7,75.8,-30.900000000000002
1698419380.055,False,295.7,75.9,-30.8
1698419380.153,False,295.6,76.10000000000001,-30.8
1698419380.17,False,295.6,76.10000000000001,-30.900000000000002
1698419380.27,False,295.8,76.2,-31.1
1698419380.369,False,295.90000000000003,76.3,-31.200000000000003
1698419380.403,False,295.8,76.3,-31.1
1698419380.469,False,295.8,76.4,-31.200000000000003
1698419380.503,False,295.8,76.4,-31.1
1698419380.519,False,295.7,76.4,-31.1
1698419380.553,False,295.5,76.4,-31.0
1698419380.586,False,295.3,76.4,-30.8
1698419380.603,False,295.2,76.5,-30.700000000000003
1698419380.619,False,295.1,76.5,-30.6
1698419380.636,False,295.0,76.5,-30.6
1698419380.67,False,294.90000000000003,76.5,-30.5
1698419380.686,False,294.8,76.5,-30.5
1698419380.703,False,294.8,76.60000000000001,-30.5
1698419380.72,False,294.7,76.60000000000001,-30.400000000000002
1698419380.753,False,294.5,76.60000000000001,-30.3
1698419380.786,False,294.2,76.7,-30.1
1698419380.82,False,294.1,76.7,-30.0
1698419380.836,False,294.0,76.7,-30.0
1698419380.92,False,293.8,76.7,-29.900000000000002
1698419380.971,False,293.90000000000003,76.7,-30.0
1698419381.02,False,293.8,76.7,-29.900000000000002
1698419381.088,False,293.8,76.7,-29.8
1698419381.104,False,293.7,76.7,-29.8
1698419381.136,False,293.5,76.7,-29.6
1698419381.153,False,293.5,76.7,-29.5
1698419381.171,False,293.2,76.60000000000001,-29.3
1698419381.203,False,292.8,76.60000000000001,-28.900000000000002
1698419381.22,False,292.5,76.60000000000001,-28.6
1698419381.237,False,292.1,76.5,-28.400000000000002
1698419381.253,False,292.0,76.5,-28.3
1698419381.271,False,291.8,76.4,-28.200000000000003
1698419381.287,False,291.6,76.3,-28.1
1698419381.304,False,291.5,76.2,-28.1
1698419381.321,False,291.2,76.0,-27.900000000000002
1698419381.337,False,290.90000000000003,75.8,-27.900000000000002
1698419381.354,False,290.8,75.7,-27.8
1698419381.371,False,290.3,75.4,-27.6
1698419381.387,False,289.90000000000003,75.3,-27.400000000000002
1698419381.404,False,289.2,75.10000000000001,-27.200000000000003
1698419381.42,False,288.2,74.9,-26.6
1698419381.436,False,286.7,74.60000000000001,-25.8
1698419381.453,False,285.8,74.5,-25.3
1698419381.47,False,284.0,74.4,-24.200000000000003
1698419381.487,False,283.1,74.3,-23.5
1698419381.505,False,281.1,74.2,-22.1
1698419381.521,False,279.2,74.0,-20.5
1698419381.536,False,277.6,73.7,-19.200000000000003
1698419381.553,False,277.1,73.60000000000001,-18.7
1698419381.57,False,276.3,73.3,-18.2
1698419381.588,False,276.0,73.2,-18.1
1698419381.604,False,275.3,73.10000000000001,-17.900000000000002
1698419381.62,False,274.5,73.10000000000001,-17.6
1698419381.637,False,273.2,73.2,-17.1
1698419381.653,False,272.3,73.3,-16.6
1698419381.671,False,270.3,73.60000000000001,-15.600000000000001
1698419381.687,False,268.7,74.3,-15.5
1698419381.704,False,267.7,75.0,-16.1
1698419381.721,False,267.0,75.3,-16.2
1698419381.737,False,264.8,75.2,-15.5
1698419381.753,False,263.5,75.2,-14.8
1698419381.772,False,260.6,75.3,-13.0
1698419381.788,False,258.3,75.60000000000001,-11.4
1698419381.804,False,257.40000000000003,75.7,-10.8
1698419381.82,False,255.60000000000002,75.5,-9.600000000000001
1698419381.836,False,253.5,75.3,-8.1
1698419381.853,False,251.4,75.10000000000001,-6.5
1698419381.871,False,250.4,75.0,-5.800000000000001
1698419381.887,False,248.4,74.7,-4.7
1698419381.904,False,247.4,74.60000000000001,-4.2
1698419381.92,False,245.4,74.5,-3.3000000000000003
1698419381.937,False,243.0,74.4,-2.5
1698419381.953,False,240.10000000000002,74.3,-1.5
1698419381.97,False,238.5,74.3,-0.8
1698419381.987,False,235.10000000000002,74.2,0.6000000000000001
1698419382.004,False,231.60000000000002,74.10000000000001,1.9000000000000001
1698419382.02,False,230.0,74.0,2.5
1698419382.037,False,226.8,73.7,3.7
1698419382.054,False,224.0,73.4,4.4
1698419382.071,False,222.8,73.2,4.6000000000000005
1698419382.087,False,220.3,73.0,5.0
1698419382.103,False,219.10000000000002,72.8,5.2
1698419382.12,False,216.8,72.60000000000001,5.5
1698419382.137,False,214.70000000000002,72.4,5.7
1698419382.154,False,213.60000000000002,72.3,5.800000000000001
1698419382.17,False,211.8,72.2,5.7
1698419382.186,False,210.20000000000002,72.0,5.4
1698419382.203,False,209.0,71.9,4.7
1698419382.221,False,208.5,71.8,4.3
1698419382.237,False,207.70000000000002,71.8,3.3000000000000003
1698419382.253,False,207.0,71.7,2.3000000000000003
1698419382.27,False,206.60000000000002,71.7,1.9000000000000001
1698419382.287,False,205.70000000000002,71.7,1.0
1698419382.303,False,204.70000000000002,71.7,0.0
1698419382.32,False,204.20000000000002,71.7,-0.5
1698419382.337,False,203.10000000000002,71.7,-1.5
1698419382.353,False,201.8,71.7,-2.6
1698419382.37,False,201.0,71.7,-3.2
1698419382.387,False,199.60000000000002,71.7,-4.4
1698419382.403,False,198.10000000000002,71.8,-5.7
1698419382.42,False,197.4,71.9,-6.300000000000001
1698419382.437,False,196.4,72.10000000000001,-8.1
1698419382.453,False,196.0,72.3,-9.0
1698419382.47,False,195.10000000000002,72.60000000000001,-10.3
1698419382.486,False,193.8,72.4,-11.4
1698419382.503,False,192.60000000000002,72.10000000000001,-12.200000000000001
1698419382.52,False,192.10000000000002,71.8,-13.4
1698419382.536,False,192.20000000000002,71.60000000000001,-14.3
1698419382.553,False,192.8,71.10000000000001,-16.6
1698419382.569,False,193.5,70.7,-19.1
1698419382.586,False,193.70000000000002,70.5,-20.200000000000003
1698419382.604,False,193.9,70.3,-22.1
1698419382.62,False,193.9,70.2,-23.0
1698419382.637,False,193.8,70.0,-24.8
1698419382.653,False,193.60000000000002,69.7,-26.5
1698419382.671,False,193.4,69.60000000000001,-27.400000000000002
1698419382.687,False,192.9,69.5,-28.900000000000002
1698419382.704,False,192.10000000000002,69.5,-30.200000000000003
1698419382.721,False,191.60000000000002,69.5,-30.700000000000003
1698419382.737,False,190.5,69.7,-31.6
1698419382.755,False,189.4,70.0,-32.5
1698419382.771,False,188.8,70.10000000000001,-33.0
1698419382.787,False,187.60000000000002,70.4,-33.9
1698419382.803,False,186.4,70.60000000000001,-34.800000000000004
1698419382.82,False,185.10000000000002,70.9,-35.7
1698419382.837,False,184.5,71.0,-36.2
1698419382.854,False,183.10000000000002,71.2,-36.9
1698419382.871,False,181.4,71.3,-37.5
1698419382.887,False,180.4,71.4,-37.6
1698419382.903,False,178.3,71.4,-37.5
1698419382.92,False,175.9,71.5,-37.1
1698419382.937,False,174.9,71.5,-36.9
1698419382.953,False,173.0,71.60000000000001,-36.800000000000004
1698419382.97,False,171.4,71.7,-36.9
1698419382.987,False,170.70000000000002,71.7,-37.1
1698419383.003,False,169.20000000000002,71.8,-37.5
1698419383.02,False,167.5,72.0,-37.6
1698419383.037,False,166.5,72.10000000000001,-37.5
1698419383.053,False,164.3,72.2,-37.1
1698419383.07,False,161.9,72.3,-36.5
1698419383.087,False,160.70000000000002,72.4,-36.1
1698419383.103,False,158.10000000000002,72.4,-35.2
1698419383.12,False,155.70000000000002,72.60000000000001,-34.2
1698419383.136,False,154.60000000000002,72.7,-33.800000000000004
1698419383.153,False,152.8,72.9,-33.2
1698419383.17,False,151.5,73.2,-32.800000000000004
1698419383.187,False,150.9,73.4,-32.7
1698419383.203,False,149.9,73.60000000000001,-32.6
1698419383.22,False,148.9,73.60000000000001,-32.4
1698419383.236,False,147.8,73.60000000000001,-32.1
1698419383.253,False,147.4,73.60000000000001,-32.0
1698419383.27,False,146.4,73.60000000000001,-31.6
1698419383.288,False,145.20000000000002,73.7,-31.0
1698419383.303,False,144.6,73.8,-30.6
1698419383.32,False,143.3,74.0,-29.5
1698419383.336,False,141.70000000000002,74.2,-28.200000000000003
1698419383.353,False,140.8,74.2,-27.3
1698419383.37,False,139.8,74.3,-26.400000000000002
1698419383.386,False,136.3,74.5,-23.1
1698419383.403,False,135.1,74.60000000000001,-22.0
1698419383.419,False,132.5,74.7,-19.6
1698419383.436,False,130.0,74.7,-17.400000000000002
1698419383.453,False,128.9,74.7,-16.400000000000002
1698419383.47,False,126.9,74.8,-14.9
1698419383.487,False,125.0,74.7,-13.5
1698419383.505,False,122.7,74.5,-12.0
1698419383.52,False,121.4,74.3,-11.200000000000001
1698419383.537,False,120.10000000000001,74.2,-10.3
1698419383.553,False,117.0,73.9,-8.200000000000001
1698419383.57,False,113.80000000000001,73.60000000000001,-5.9
1698419383.586,False,110.9,73.3,-3.8000000000000003
1698419383.604,False,109.60000000000001,73.10000000000001,-2.9000000000000004
1698419383.62,False,107.4,72.8,-1.5
1698419383.636,False,105.80000000000001,72.60000000000001,-0.7000000000000001
1698419383.653,False,105.2,72.5,-0.5
1698419383.67,False,104.2,72.5,-0.4
1698419383.686,False,103.4,72.60000000000001,-0.30000000000000004
1698419383.705,False,102.80000000000001,72.8,-0.5
1698419383.72,False,102.60000000000001,72.9,-0.7000000000000001
1698419383.736,False,102.60000000000001,73.2,-1.5
1698419383.753,False,102.80000000000001,73.4,-2.1
1698419383.77,False,103.4,73.8,-3.6
1698419383.786,False,104.30000000000001,74.3,-5.4
1698419383.803,False,104.80000000000001,74.60000000000001,-6.300000000000001
1698419383.82,False,105.9,75.2,-8.3
1698419383.836,False,107.0,75.7,-10.200000000000001
1698419383.855,False,108.10000000000001,76.4,-12.200000000000001
1698419383.87,False,108.7,76.7,-13.100000000000001
1698419383.886,False,109.7,77.30000000000001,-14.8
1698419383.903,False,110.30000000000001,77.60000000000001,-15.600000000000001
1698419383.92,False,111.5,78.2,-17.2
1698419383.936,False,113.2,78.60000000000001,-19.200000000000003
1698419383.953,False,114.10000000000001,78.7,-20.3
1698419383.97,False,116.0,78.9,-22.400000000000002
1698419383.986,False,117.30000000000001,78.9,-24.200000000000003
1698419384.003,False,117.9,78.9,-25.200000000000003
1698419384.037,False,117.0,78.80000000000001,-24.700000000000003
1698419384.053,False,116.60000000000001,78.80000000000001,-24.5
1698419384.07,False,116.30000000000001,78.7,-24.400000000000002
1698419384.086,False,116.5,78.60000000000001,-25.0
1698419384.103,False,117.10000000000001,78.4,-26.0
1698419384.12,False,117.4,78.30000000000001,-26.3
1698419384.136,False,117.5,78.10000000000001,-26.5
1698419384.153,False,118.0,78.10000000000001,-26.900000000000002
1698419384.17,False,118.5,78.2,-27.400000000000002
1698419384.187,False,120.10000000000001,78.4,-29.1
1698419384.203,False,121.7,78.5,-30.5
1698419384.22,False,122.0,78.5,-30.900000000000002
1698419384.237,False,121.9,78.30000000000001,-30.8
1698419384.253,False,121.4,78.0,-30.3
1698419384.27,False,121.10000000000001,77.9,-30.1
1698419384.286,False,120.80000000000001,77.7,-29.900000000000002
1698419384.32,False,120.9,77.7,-30.3
1698419384.337,False,121.4,77.80000000000001,-30.8
1698419384.353,False,121.60000000000001,77.80000000000001,-31.1
1698419384.37,False,121.4,77.7,-31.0
1698419384.387,False,121.10000000000001,77.60000000000001,-30.8
1698419384.403,False,120.60000000000001,77.30000000000001,-30.400000000000002
1698419384.42,False,120.4,77.2,-30.1
1698419384.436,False,119.9,77.10000000000001,-29.6
1698419384.453,False,119.7,77.0,-29.400000000000002
1698419384.47,False,119.7,77.0,-29.3
1698419384.487,False,119.80000000000001,77.10000000000001,-29.400000000000002
1698419384.521,False,120.0,77.30000000000001,-29.6
1698419384.536,False,119.80000000000001,77.4,-29.400000000000002
1698419384.553,False,119.5,77.4,-29.0
1698419384.57,False,119.30000000000001,77.4,-28.700000000000003
1698419384.587,False,118.80000000000001,77.30000000000001,-28.200000000000003
1698419384.603,False,118.30000000000001,77.30000000000001,-27.6
1698419384.62,False,118.10000000000001,77.30000000000001,-27.3
1698419384.637,False,117.7,77.30000000000001,-26.8
1698419384.653,False,117.4,77.30000000000001,-26.5
1698419384.686,False,117.0,77.30000000000001,-26.1
1698419384.721,False,116.4,77.30000000000001,-25.6
1698419384.736,False,115.80000000000001,77.30000000000001,-25.0
1698419384.753,False,115.10000000000001,77.4,-24.3
1698419384.77,False,114.60000000000001,77.4,-23.8
1698419384.787,False,114.4,77.5,-23.5
1698419384.803,False,114.10000000000001,77.5,-23.200000000000003
1698419384.819,False,113.7,77.60000000000001,-22.700000000000003
1698419384.836,False,113.5,77.60000000000001,-22.5
1698419384.853,False,113.0,77.60000000000001,-22.0
1698419384.87,False,112.80000000000001,77.60000000000001,-21.8
1698419384.886,False,112.5,77.7,-21.400000000000002
1698419384.904,False,112.10000000000001,77.7,-21.0
1698419384.92,False,111.7,77.80000000000001,-20.6
1698419384.937,False,111.5,77.80000000000001,-20.400000000000002
1698419384.953,False,111.2,77.9,-20.0
1698419384.97,False,110.9,78.0,-19.700000000000003
1698419384.987,False,110.9,78.0,-19.6
