msFromStart,interval,accx,accy,accz,accGx,accGy,accGz,rotRate_alpha,rotRate_beta,rotRate_gamma
2,0.01666666753590107,0.8043661984208971,1.5604391983158885,-0.1699643524736166,0.8638566261298023,0.28730390695780517,-9.893439810180663,-10.946492319553792,6.143271068769045,0.6768963461014462
178,0.01666666753590107,-0.50535585238263,-0.18236936827749012,0.35938393152356146,0.6540660390991717,-2.7678464644834397,-9.028982788738608,21.66434747173599,-22.342148124211377,16.913667451141567
194,0.01666666753590107,-0.6656129037037491,-0.12861907338947057,0.44063890393078325,0.4451719442505389,-2.7584195877075195,-8.941295152935385,11.08439127757541,-10.590404676043407,9.826997847605668
211,0.01666666753590107,-0.6515133589416742,-0.36045945180058475,0.5085819748222827,0.4364929632324725,-3.008763591058552,-8.870816426086424,3.439487111523195,-5.895484185398853,1.4747124402780942
228,0.01666666753590107,-0.6024868777051567,-0.38563714767694474,0.5387456424176693,0.4768951893128454,-3.0334537956789136,-8.84178673095703,-2.356171511278394,-0.5656224259598893,-6.028549930809041
244,0.01666666753590107,-0.5020198398277164,-0.4095388322681188,0.5714245077043771,0.5770027462281286,-3.0482679184511303,-8.811709572601318,-2.5383766257854163,-4.635187071258209,-6.206711573327416
261,0.01666666753590107,-0.17277181110978126,-0.25790128686279057,0.6155372056752443,0.8882489620484412,-2.893392706298828,-8.770559231567383,0.9748832522413807,-12.178720771300268,-0.6155100742968095
278,0.01666666753590107,0.14093326910473405,-0.07775047141760587,0.3883738791644573,1.1487679571289569,-2.722955475616455,-9.000850919231771,5.418274662902518,-17.840556564910855,6.408487741127463
294,0.01666666753590107,-0.012103694769740103,0.025989596781134605,0.5497188718527555,0.9401730644226074,-2.6417019645139574,-8.838943031963705,9.48062102554775,-21.482838609637486,11.293744259599118
311,0.01666666753590107,-0.07484064838550984,-0.10148761309683323,0.41207448822557924,0.8171709541320801,-2.792985874176025,-8.97571180180013,7.416290264012484,-20.08626983004498,10.271280308773841
328,0.01666666753590107,-0.4702629847567528,-0.3571402442499995,0.47711657697856424,0.37065234451293944,-3.060537909698486,-8.911966767120362,-2.3782842487163105,-4.978558183194498,4.039777710080218
344,0.01666666753590107,-0.41705395713858306,-0.5057309693053365,0.37207565531432624,0.4278139822144061,-3.198504072625935,-9.019705841827392,-4.575942010397518,5.785624007693783,-0.04065595398256043
361,0.01666666753590107,-0.6484164158396423,-0.41041035440564155,0.494179939982295,0.45145679667368527,-3.27826091542989,-8.819041815185546,-3.2629687698304433,4.223581515739846,-3.773489551795754
378,0.01666666753590107,-0.10179740969836712,-0.5888315695792437,0.5960936695367097,0.9127894559998064,-3.4172739570617674,-8.738836059570312,-2.9971196646435643,2.126620806105313,0.8123146114330281
394,0.01666666753590107,-0.038670433851703996,-0.4122019139975309,0.5745055225849152,0.9484032056946307,-3.2480338272094724,-8.761132062530518,-3.5070479276983764,3.863372279952183,10.418251465560529
411,0.01666666753590107,0.4145836945675313,-0.07025631626993417,0.5167939228504896,1.256507031835988,-3.005621201379597,-8.802282403564453,3.970049162617204,0.6561783012755348,15.537587531511807
428,0.01666666753590107,0.4505417276553809,0.0482540355592966,0.8693880481034517,1.1924621374268085,-3.0059204765871166,-8.419958325958252,8.141029684011489,3.5548009818371087,16.823988774886594
444,0.01666666753590107,0.47766610062010584,0.03563011630773544,1.0674264024168252,1.1881226469177752,-3.0672718941286203,-8.208221116638184,4.250124057741338,-2.5439609457621364,13.565056219968804
461,0.01666666753590107,0.73712477299273,-0.24548487288206813,1.3417577228158712,1.450586930847168,-3.4042554855346676,-7.914781775665283,-2.348600673470258,-9.218902690704848,5.949043113775508
478,0.01666666753590107,0.7533073345739394,-0.30325492480546234,1.075983802881837,1.4639048237122594,-3.4671032791137693,-8.17904178390503,-3.4733546045227035,-12.255721762682054,-1.9735831606751844
494,0.01666666753590107,0.7554409856017679,-0.17087269949018954,0.9248749575257301,1.4733319196838885,-3.3255461059570313,-8.332719018444418,-4.8573274480686495,-2.3694666879412356,-2.188303817612875
511,0.01666666753590107,0.7837367404334247,-0.12528671409636735,0.6267459974318742,1.5602713674683122,-3.26883345413208,-8.629899884033202,-8.69304557273192,10.88027107422958,2.434188279855807
529,0.01666666753590107,1.3022156937614082,-0.3505108892381191,0.4263251318961382,2.1802199598450214,-3.4798224754333495,-8.826074782562255,-19.275149007612825,30.242008097497948,13.514016777622237
544,0.01666666753590107,1.403900290735066,-0.3477972463652491,0.492615174883604,2.354547768225148,-3.426252505548298,-8.769661405944824,-26.654188273665703,41.24697964295174,26.98628914658465
562,0.01666666753590107,1.1476220019642263,-0.13668898259848355,0.419863242405653,2.177077643231302,-3.1509190223693846,-8.85510447769165,-33.148099910082045,44.83589229705119,32.895744910817584
578,0.01666666753590107,0.8731600409228354,-0.4722650452941656,0.6733668788313866,2.0030489639282227,-3.3794153510496017,-8.624063432964682,-38.43388427101195,27.705055566154478,33.181953742703215
594,0.01666666753590107,0.651266179247573,-0.26150369526892897,0.5867261217325925,1.7742532139100133,-3.0927099945068357,-8.734945481872558,-30.686609016236172,-13.383326230495921,29.867860580048404
611,0.01666666753590107,1.16401754870899,-1.0830527183547616,0.5044418062776327,2.2102971912659704,-3.867234523828327,-8.840290354919434,-13.70149351750804,-25.240134209797965,29.62896105344887
628,0.01666666753590107,0.6789117996074259,-1.0235890142560005,0.9082067313194274,1.6323967655457556,-3.806780639648437,-8.44674345703125,3.3184862549515994,-16.561436303191304,32.59736809692558
644,0.01666666753590107,0.4839058717925101,-0.8702554785877465,0.6730711107552051,1.370830161108449,-3.6725557090759273,-8.6827219581604,3.7089220660243307,-16.970313625023067,35.49576570140966
661,0.01666666753590107,0.5004733410380781,-1.2399144281491636,0.8466098145842552,1.3329718473572283,-4.043058708246052,-8.513930741119385,-11.329819611247832,-0.3313354114842275,39.61708818621702
677,0.01666666753590107,-0.028759792146831747,-1.2840265415981411,0.6678133363574743,0.8324339897155761,-4.036474361419677,-8.705167014202475,-23.505028811541067,38.81884056282304,41.68374633471196
694,0.01666666753590107,0.2377142388805747,-1.3590773986682294,0.5214969859749078,1.1777975791931152,-4.064306955718994,-8.857647732433676,-21.69569633247906,44.527331671106694,32.42174685789163
711,0.01666666753590107,0.16553944870345294,-1.889538320082426,0.5425444501787424,1.1878233717102558,-4.552873731994628,-8.839990495190024,-17.71473935775734,38.23876967208678,22.24813057028615
727,0.01666666753590107,0.0514039509575814,-1.9076245963931082,0.6522773290514946,1.1736077262878417,-4.524891207830608,-8.731802507671713,-15.001859936414563,31.226661828625325,14.408453101323856
744,0.01666666753590107,0.20255086330175398,-2.007212805609405,0.5084469502657651,1.3816041416443883,-4.6000098694399,-8.875455191802978,-7.803821537140667,24.21702309854883,18.741511450401607
761,0.01666666753590107,0.3474646534100175,-1.6619786877304314,0.3397352282017469,1.5580268034119158,-4.254047437286377,-9.04035583114624,1.3640549447091308,12.015714891663329,23.00217662446639
777,0.01666666753590107,0.37444720675125714,-1.901117990978062,0.06753332104682921,1.574038173144683,-4.521450127466022,-9.306112215423584,9.984823028757154,-5.937737016265021,18.065459326353743
794,0.01666666753590107,0.4612964920341968,-1.9971721808493137,0.008950783696770668,1.6306011143006383,-4.649988536834717,-9.35938320236206,11.961966425537206,-8.345492250589468,12.707883700831482
811,0.01666666753590107,0.37735812576189637,-1.7812606084540485,-0.17881459840536115,1.5282489933289587,-4.474463919885456,-9.53790086364746,9.806970879185544,4.961671821132111,10.08739966348605
827,0.01666666753590107,0.6293047420039772,-1.7803800262272358,-0.330201091659069,1.7963995062012224,-4.498555281829834,-9.680056587219237,8.463842353432863,12.621871982387159,6.256592444836019
844,0.01666666753590107,0.7038748298197984,-1.843769379337132,-0.28425884017348285,1.894861049475148,-4.579808500671386,-9.625887774658203,5.284137004679461,7.643840577532398,3.725038751144622
861,0.01666666753590107,1.0418722744435072,-1.6318062523066996,-0.5386702390938997,2.2328923963684586,-4.394856422424316,-9.872340908050537,11.976626572816992,-2.969683861964681,10.284150946491083
877,0.01666666753590107,0.952687970341742,-1.3173957272365688,-0.9346411492586135,2.125751945141703,-4.132691632898152,-10.254963676342367,28.288104419368864,-3.8296998742308435,15.533540644428573
895,0.01666666753590107,0.8677285173933953,-1.2578542817264795,-1.033411320090294,2.022950911358744,-4.1608235024049876,-10.329034874725341,36.72701658233118,2.819894398371716,21.27611610421788
911,0.01666666753590107,0.43187553256489336,-1.0778151099622248,-0.8210083403378725,1.5882536724366247,-4.093187305505573,-10.08063645248413,24.179800275119554,11.395245993307384,32.71592652053866
928,0.01666666753590107,0.323618644528836,-1.252358899180591,-0.5983446633338928,1.4781203960694371,-4.326621675109863,-9.83882208480835,16.88551682647736,8.064058574707323,30.93532010957843
944,0.01666666753590107,0.15629041271246968,-1.254229369227588,-0.37620647150874137,1.3022962116517125,-4.365826727294921,-9.605237785339355,6.168289197925155,3.046894454776621,26.34160466630007
961,0.01666666753590107,-0.16383476367741823,-1.260121057614684,-0.7243979778885841,0.9555858106750994,-4.387524472101033,-9.951349562835693,2.1280670986620636,-0.06808017735636655,23.36604982985694
978,0.01666666753590107,-0.7586180082026869,-0.24173662626445291,-1.4246218839854001,0.340425621618703,-3.395876071985066,-10.644919856262206,15.632277859070278,-2.392009086966628,22.56737361209255
994,0.01666666753590107,-1.1965073211643844,0.5628282365337014,-1.5130571232855319,-0.13362623402699828,-2.6464909523561597,-10.718541557312012,22.740597454727826,-17.50095102164136,18.20642930818093
1011,0.01666666753590107,-1.6819148296914994,0.6297001710623502,-1.5425193646132944,-0.7175121638976037,-2.643497908020019,-10.736348432159422,12.696064058472775,-34.75368955374987,0.7266401335789731
1028,0.01666666753590107,-1.744409425918758,0.7048650099009275,-1.4491069214224814,-0.8590694101195782,-2.5879826492860913,-10.643872393035888,5.3858077855696855,-31.950368182512367,-7.718961559345137
1044,0.01666666753590107,-1.4693024449720977,0.9906067821085452,-0.8541448862642049,-0.6512227054320275,-2.3087585884094235,-10.052803273662924,0.6120859083668118,-19.82991746256877,-18.552754050046424
1061,0.01666666753590107,-1.183073035378009,0.9995616574585438,-0.5125356808841228,-0.38546639421992,-2.2885578041628003,-9.7170170753479,-6.411066991312789,-13.733130099969893,-24.776183365141094
1078,0.01666666753590107,-0.631525121467188,1.4960896218717097,0.3529764025688171,0.16295542355962098,-1.7603367706298827,-8.863035270690917,-15.366008056919208,-6.505529788194535,-24.188261171953904
1095,0.01666666753590107,-0.1672512210574001,2.186900679717958,0.5773094740897416,0.6376059757508337,-0.9995794853761791,-8.662221606445312,-21.91100609323266,-4.676670652069104,-21.232740987893717
1111,0.01666666753590107,0.1531971228722483,2.1892291226655245,0.5187877270162106,0.9600749387878924,-0.9446624847963452,-8.738536784362793,-17.330951028294326,-7.636837072312195,-16.68759672735061
1128,0.01666666753590107,0.0066814505252987145,2.2612921960964796,0.30840193230509755,0.799962629699707,-0.8391673896238208,-8.961346591839193,-7.042631531975419,-13.260206948064564,-15.045772930135868
1144,0.01666666753590107,0.08985402005687355,1.7488561761945485,0.1251823769390583,0.8593688314575701,-1.3385086578920482,-9.150938020324707,-1.339279714155379,-10.930560903314737,-15.879587056085393
1161,0.01666666753590107,0.014712562093883752,1.6140443856447935,0.08191489762067794,0.7782652502197772,-1.4627075767517088,-9.198223503112793,-5.666403909504856,-4.243948712958001,-16.11249138414095
1178,0.01666666753590107,-0.11760726550966501,1.2878130743995309,0.34804186877608295,0.6560113279480486,-1.7712603157043456,-8.937105884552002,-15.753774971573758,-1.406378638787938,-17.813616591277032
1194,0.01666666753590107,-0.3098853027306497,1.0297399381011725,0.5867185229480266,0.46941323605962093,-1.9602529015138743,-8.720430634307862,-26.57617556051311,-10.448454562070326,-22.125113740692345
1212,0.01666666753590107,-0.2862451186198741,0.8579238202810286,0.6225286719977855,0.4809353315491229,-2.0629040054321286,-8.707561800384521,-29.489823269866537,-13.568805140049495,-20.28026769304085
1227,0.01666666753590107,-0.5488544370431453,0.7145350477829575,0.6397948640972375,0.1924339584350586,-2.126499987030029,-8.716988384899496,-37.16347933067333,-18.103669112118087,-12.537029080064553
1244,0.01666666753590107,-0.6973656671214848,0.5529577076435089,0.4817617724359035,-0.007481880187988281,-2.1676500358030197,-8.914659659466146,-34.12466669723213,-19.26887035621829,-9.984928896689288
1260,0.01666666753590107,-0.6650847151111811,0.4198012830853462,0.41539807969033715,-0.01406600781865418,-2.2310963797971604,-9.003694033703207,-21.204855033059847,-16.82486645419494,-13.322177254404089
1277,0.01666666753590107,-0.7491872589692473,0.238373871833086,0.47997371997535226,-0.10968429049067198,-2.3759458724975584,-8.950124356079101,-9.606284553444937,-0.9125890455248084,-17.36735764411779
1296,0.01666666753590107,-0.35103878556974233,-0.1047279101923108,0.8625590788662433,0.31917700881958005,-2.697367445373535,-8.571390996441245,-3.6276197630127305,4.26574085839175,-21.042875389345703
1311,0.01666666753590107,-0.14388590836524962,-0.2722518837764859,1.1754214977115391,0.5395932722229511,-2.8538886711671947,-8.260594277954102,-3.2471007462846226,-6.413968967936398,-24.159632434047797
1327,0.01666666753590107,0.11403773645982146,-0.5830649688765406,1.7651742737889289,0.784101116766408,-3.1549592376708984,-7.674463199505209,-2.8764099448853404,-16.30147418073874,-19.541049979548713
1345,0.01666666753590107,0.22939809982553122,-0.6143512107610702,1.8046657416999339,0.8454525343079119,-3.177255532892048,-7.641094598388672,-2.0139950421166226,-23.290641126325415,-13.448752612555474
1361,0.01666666753590107,0.3373623250579461,-0.5569879860728979,1.6173364129275083,0.9077017774719744,-3.114407739312947,-7.832780368804931,-1.4553822578750175,-18.372305574816565,-10.564052098678207
1377,0.01666666753590107,0.32928247897680846,-0.7242562313303351,1.059707790863514,0.8794202703613787,-3.2869396041870114,-8.390180442810058,7.885467910931707,-3.559226090645631,-14.605601389074396
1395,0.01666666753590107,0.03157280374094844,-0.6601850334361196,0.7912205203175544,0.6192004774231463,-3.2704794677734372,-8.643367268371582,18.89191563101987,13.774285404813805,-21.116474092747175
1411,0.01666666753590107,-0.20352825696654617,-0.6353387614712118,0.8405559213727712,0.43888716489262874,-3.283946852111816,-8.579771286773681,13.301369083097645,18.36309164962622,-19.67857583848692
1427,0.01666666753590107,-0.2832921140331775,-0.8453770579189062,1.2706027041405439,0.4101566719055176,-3.518279631860554,-8.13923818130493,7.41191125898086,7.987892573951572,-12.901942181756239
1444,0.01666666753590107,-0.038687019660323854,-1.0580427802607417,1.3529022171646357,0.6605005291260778,-3.7530607398986815,-8.05020380706787,7.675952711915213,-10.060803760631668,-3.673368796960299
1461,0.01666666753590107,-0.1900131610289216,-1.0414283300682903,1.0345406163811683,0.46701910746470093,-3.7633857345581054,-8.36384422454834,14.468572426398309,-24.381007402784373,-2.4875497730767666
1478,0.01666666753590107,-0.2521292427999899,-1.0491247297897934,0.5354512770473957,0.34446580038759855,-3.811718972833454,-8.85510447769165,15.899160670699356,-25.843714611657408,-7.896149473019961
1494,0.01666666753590107,-0.2781260730395093,-1.1837053419321775,0.09678454997241497,0.2756325391907245,-3.983203082220256,-9.285461641582845,5.485230580449329,-2.860449927229136,-9.987605477070286
1511,0.01666666753590107,-0.311860183000192,-1.1353227115571498,-0.012045242580771446,0.2720412367004901,-3.937863180541992,-9.39155528717041,-1.9740384354720482,22.19569862312255,-7.518296577945685
1527,0.01666666753590107,-0.15454364211037755,-1.1782698728799819,-0.2875438531935215,0.5099649536132812,-3.975422219085693,-9.663297175598144,-2.0997717593648164,35.37398001341375,-9.78547712764116
1544,0.01666666753590107,0.4405637928679585,-1.155552137376368,-0.44716275274157524,1.1942577886719257,-3.957017086084187,-9.814880068206786,7.1297309580450685,4.331047712140827,-9.284846459594029
1561,0.01666666753590107,0.8761207173593342,-0.9854480841711163,-0.42440965366363526,1.5897499023437498,-3.8192008530214427,-9.785551097869872,18.828606607603025,-42.5047111672854,-6.073046051930736
1578,0.01666666753590107,1.2630506813257931,-0.6375599446520209,-0.9534832123726605,1.8421885398864746,-3.524564411218464,-10.307636697387695,22.90506670239444,-64.6386700029529,-5.5515918446515276
1594,0.01666666753590107,0.7694944261997938,-0.14354191723316906,-1.8652105190336703,1.17585225381162,-3.109768681335449,-11.203666084179282,23.143276379887805,-35.9624793575858,5.036569114249532
1611,0.01666666753590107,0.6668167265355587,-0.34718525194674726,-1.9953186619371175,1.0218751960754393,-3.362656231689453,-11.32008413990438,13.433985743569906,1.417934144924836,15.41802336254344
1628,0.01666666753590107,0.8245376835078001,-0.9718263860538602,-1.715178947520256,1.2069769849915057,-4.0023572800233955,-11.033977626037597,-5.49984633149951,28.62050752815858,18.632573348234487
1645,0.01666666753590107,0.9369511797666549,-1.168055352857709,-1.1179285091638564,1.4082395620483905,-4.156633649499714,-10.446201118469238,-21.82914798357735,31.208975053769578,16.04590557746979
1662,0.01666666753590107,1.035099200112,-1.0195721798300743,-0.8628460791140794,1.5557822028229011,-3.957615344238281,-10.204536388397216,-22.68768739432232,16.423396472518053,11.295678910681524
1677,0.01666666753590107,1.5354770448863506,-0.8116551133200526,-0.7940069361656904,2.0657471199035644,-3.6941038162782784,-10.152462502288818,-29.18837628594261,-5.679447436385465,4.500711318671236
1694,0.01666666753590107,1.092527087534219,-0.4119640135884285,-1.0482464856505394,1.5702970869202166,-3.1943142197206615,-10.439766701507567,-33.69696025140593,-22.675860921774444,-4.590035678863017
1711,0.01666666753590107,0.6014952363193035,0.027147242383658884,-1.3410054431438445,1.0410288824219256,-2.68135622177124,-10.755950958251953,-28.406355484469294,-11.381836624419357,-8.491664275243265
1727,0.01666666753590107,0.1806307809818536,0.8367357785627245,-2.124032720133662,0.6262334447998553,-1.8180968856811521,-11.553968299102783,-22.703263640724536,9.315952848621558,-5.4577108945097015
1744,0.01666666753590107,0.5624663444187492,1.1543442228913305,-2.1116993082612754,1.079635347659327,-1.462557939147949,-11.548581345367431,-13.140547156447818,25.065564819896192,8.97174461162512
1761,0.01666666753590107,0.8663777603715658,1.0837710957571864,-1.6742466331511734,1.4419079498291014,-1.5298948608398437,-11.10864620579183,-2.044125567866488,25.184483535987994,23.164202371957433
1777,0.01666666753590107,0.9805451145604253,0.8880369267329573,-0.408330041000247,1.5973814932007342,-1.7464204734802244,-9.834332956695556,2.939272871572022,16.224629429934218,30.93136884514358
1794,0.01666666753590107,0.8353951776087284,0.6326885392233729,0.8813467814445495,1.456422870459035,-2.034472860717773,-8.53517928085327,5.867864181055791,2.4218589346302877,32.73498616341758
1811,0.01666666753590107,0.5849311646072194,0.5478370036289095,1.4968378098905086,1.1938089123932645,-2.141463747406006,-7.914183225250244,0.5203013994133573,3.3544267103642067,30.953597695797384
1827,0.01666666753590107,0.16200900955498218,0.54165363881886,1.983115013924241,0.7773674245972186,-2.1499930908203124,-7.426813549804687,-12.13836203726831,13.143884557631015,26.7711040367834
1845,0.01666666753590107,0.5884236463654786,0.4962941556572914,1.603291520962119,1.2490251516479998,-2.1413144020631907,-7.818864071655273,-23.852963770503393,25.114629483798982,27.23335587188423
1861,0.01666666753590107,0.7300760235249996,0.7238108256503939,1.3441010710716246,1.4323312162537127,-1.8695725136354564,-8.087313932800292,-15.771374661517587,25.52098646582701,39.70707934362652
1878,0.01666666753590107,0.8999094430953264,1.024742275944352,1.2712731507480144,1.6277579267639666,-1.5592241234377027,-8.160785996246338,0.24777493053914443,17.661320448258675,52.32086438203638
1894,0.01666666753590107,0.6139560008984059,0.7875371556296944,1.5633827044218778,1.3154642477173357,-1.8543094780519604,-7.854627458953857,24.790190375581496,-3.682456363651001,57.09378691366295
1911,0.01666666753590107,0.4167774782847613,0.6277522518649697,1.5385650740295647,1.064970899023488,-2.0992659431457517,-7.858966364941001,34.95359211528322,-7.185962624821314,44.54630593662099
1927,0.01666666753590107,0.06278956058584154,0.20329203705787657,1.21846452062428,0.6824971838135272,-2.6119246658876536,-8.154950129699706,28.808385541658122,6.31841590210839,30.388109258939107
1944,0.01666666753590107,0.2921859068457037,0.39188627119958397,0.5400228227466345,0.9352350965637714,-2.496703710992634,-8.80946500854492,15.874150225506062,23.367456848825963,26.14361797282891
1961,0.01666666753590107,0.462147044448927,0.7219970542266965,0.46273324683904643,1.1514614339966327,-2.2200234893798827,-8.866776210784911,23.228694725647983,32.52190133678611,40.79331506318491
1977,0.01666666753590107,0.23232333962246773,0.18536942687630653,0.2203834571123123,0.9645640669006854,-2.834136215209961,-9.081057259368896,33.807581995203456,31.946492050158383,52.91004333003085
1994,0.01666666753590107,-0.32035292073115706,0.009411386945843696,-0.1187386076271534,0.4261678955078125,-3.1606454666137695,-9.368810371398926,50.60972441002976,9.69682212598804,53.04012086767916
2011,0.01666666753590107,-0.21676380531042813,-0.17912176465839147,-0.015740589967370034,0.49649771540537474,-3.4923923264101147,-9.21812530441284,58.63248851478884,-7.174082364533723,37.05728354945798
2027,0.01666666753590107,-0.3969855670999735,-0.3322664997562766,-0.2209410909950733,0.2581249395508319,-3.7892730400085446,-9.374646237945557,55.86592722166434,-17.575698904370686,21.842528324161407
2044,0.01666666753590107,-0.1922815443523228,-0.14293196864128113,-0.6593810235768556,0.39579149847719813,-3.776853703418374,-9.74888988494873,55.05184038958511,-11.99746804129564,11.728668507830728
2061,0.01666666753590107,-0.09875643456727266,0.13221768240332601,-0.8938082036107778,0.4629787825653329,-3.637540509796142,-9.929501888164877,57.53066971863906,2.3219776633026066,16.596410286836353
2077,0.01666666753590107,-0.5493905897464603,0.7062132096394896,-0.7894996878743171,0.016759521218948064,-3.2011975494936107,-9.766247262462972,55.31375082349842,18.71304663703558,28.18848269522964
2095,0.01666666753590107,-0.7323189801461994,0.34093729746788737,-0.7621575074404477,-0.12988536699824035,-3.732859955652058,-9.662249712371825,47.203324655836816,30.601381915772752,32.36595445765638
2111,0.01666666753590107,-0.8275511861100793,0.2918143701195717,-0.8428162675201892,-0.1897404085021466,-3.89117654042989,-9.689633393859863,43.67620472315848,23.946028513039405,22.58418953782912
2128,0.01666666753590107,-0.5892497219260782,0.07595774278193712,-0.6402250722080469,0.07781155395507812,-4.235193099212646,-9.42312823704183,34.65705603737253,8.61179108104451,8.231528836740512
2144,0.01666666753590107,-0.4015731871511787,-0.024929858595132828,-0.352659591704607,0.26710319577641783,-4.397250916345417,-9.105148913574219,16.4148894719068,-2.431363783190595,2.670015288545895
2161,0.01666666753590107,-0.43834348646998406,0.13851356767714024,-0.30872049673497676,0.2127846725463867,-4.250307081714272,-9.054272128295898,-2.054683119332623,-8.271070509393008,7.304780595622856
2178,0.01666666753590107,-0.5418895664665848,0.24122312378436325,-0.5337070637285709,0.051924285037256775,-4.117877510125934,-9.298181422424316,-18.353437177234404,-16.23767167615436,18.281192558835887
2194,0.01666666753590107,-0.879163519121334,0.28762831660658117,-1.3643284510642288,-0.3520971720488742,-4.026149659021199,-10.155455254364012,-23.269025285149617,-22.251649825256,20.54152242879384
2211,0.01666666753590107,-1.2050721012182533,0.4495601692721247,-1.8754408211469649,-0.7523777986388653,-3.8105215797424314,-10.696844104766845,-25.276255665223577,-24.53406511189519,12.955430246920255
2227,0.01666666753590107,-1.6325259448833762,1.066471878170967,-2.863968458893895,-1.2508206202300265,-3.1271269356325266,-11.720514952087402,-15.583590563119134,-16.76669373303394,-5.47257210548318
2244,0.01666666753590107,-1.354928754556179,2.11714559096843,-2.755688116917014,-0.9917979281218722,-2.0557216927126047,-11.622801596832275,-2.252875785695941,-8.965131280961256,-12.08171330206587
2261,0.01666666753590107,-1.1966718640763312,2.5054361757636068,-2.3455168319642543,-0.8264484490325674,-1.669955950219929,-11.21114854888916,3.172695440230854,4.389131640842615,-15.917822455059124
2277,0.01666666753590107,-0.8443097940135746,2.9383816025823353,-1.0538578957915306,-0.405218521383591,-1.2297221199586987,-9.919775443920493,-6.724518459589837,18.423146087903557,-24.265449139764222
2294,0.01666666753590107,-0.812592028843984,2.6756045263767243,-0.03891220671832561,-0.3090015786986798,-1.460014392144978,-8.916605532836913,-17.77308795628947,10.265857992346497,-28.635872038696522
2311,0.01666666753590107,-0.9143027101069688,2.8010288953781126,0.09971592724919319,-0.37693705080561335,-1.281945643670857,-8.800337114715576,-21.73185876903969,-8.301172860612548,-31.52224168005221
2327,0.01666666753590107,-0.9723329473365098,3.1718206483617424,-0.14755436774492262,-0.4355949914794415,-0.8375222527652978,-9.081057259368896,-21.52372924465106,-18.374064348527845,-37.39978680048285
2345,0.01666666753590107,-1.1777346700247378,3.436253090558946,-0.5670967076331377,-0.6383539080413058,-0.5107134338930249,-9.528174419403076,-26.362549441389916,-11.342920767849563,-40.69243658423841
2361,0.01666666753590107,-1.2919871452137828,3.228196323317289,-0.5483510906308889,-0.709132494619675,-0.6165066352292895,-9.55106838825643,-32.311248057499164,4.4249218320934816,-38.253335050491835
2377,0.01666666753590107,-1.2835979409225284,2.8258804280400276,-0.2563888364732265,-0.6488285768371075,-0.9388266182497144,-9.28935280380249,-29.034522859793487,6.796639280809648,-37.03457317046768
2394,0.01666666753590107,-1.3873603670835495,2.4332120665520427,0.6165969438612461,-0.7095814439635724,-1.2644380440309644,-8.440907590484619,-20.363642104691905,-2.7324442847768693,-40.09445010730921
2411,0.01666666753590107,-1.325754390259087,1.829419659206271,1.5444985557317732,-0.6166564920287579,-1.807921820886433,-7.5350009528011075,-12.66676510825436,-7.217118532720327,-47.28977094506708
2427,0.01666666753590107,-1.3958550775758922,1.6527192764759062,1.9257289928823709,-0.6429927833557129,-1.9439421104431152,-7.166444119262695,-13.23509831890195,5.034844064597281,-53.7280438605045
2444,0.01666666753590107,-1.1522561645708977,1.4414695584118364,2.543974872994423,-0.3215711374145001,-2.1091423172548414,-6.559513413891196,-15.328412988180165,15.057112751705382,-60.76632157377086
2461,0.01666666753590107,-0.7080141946468502,1.6360437437459825,2.8514555988013743,0.24914675639048217,-1.8342580391481518,-6.270563785552978,-21.96227520069007,13.235773653856135,-66.11080116533327
2478,0.01666666753590107,-0.3448137005098164,1.5380261448472738,2.7922750955581663,0.6824972568787634,-1.8620906334474683,-6.348524977111816,-22.218526822876022,-2.0377361393413524,-55.0563073333023
2494,0.01666666753590107,0.11751863737814128,1.3668261130988597,2.582029586100578,1.1652281666077673,-1.9762644173771142,-6.577469926342368,-14.283055097030653,-17.744051114580454,-41.77563628471073
2511,0.01666666753590107,-0.03067037500850856,0.9676537765443325,2.4839877295434474,0.9808744926452636,-2.333448793029785,-6.694785807690024,-3.6642116477174276,-21.620412279899885,-20.675641730883502
2527,0.01666666753590107,0.0002582125447690487,-0.08883534453362225,2.733393867522478,0.9692029056824744,-3.376572528839111,-6.45476767578125,-5.229417371030726,-26.73072908105216,-14.171302956925489
2544,0.01666666753590107,-0.24395021066069603,-0.5852084106460214,2.128154183977842,0.6660371204651891,-3.8443399704530834,-7.076212644195556,-15.447958374128314,-34.29822521913674,-21.72616922146107
2561,0.01666666753590107,0.0738621587421745,-1.4805112367287276,0.9910668008357286,0.8996212007384746,-4.664653022003174,-8.247425584301352,-23.802654304624372,-32.25395643074109,-26.326231618025666
2577,0.01666666753590107,0.1303198128927499,-1.739634758862853,0.2944914803743362,0.9127895290650426,-4.869956106622517,-8.966135579681396,-13.699850857012652,-20.140052447116954,-20.978442799810388
2594,0.01666666753590107,0.1667685521069914,-1.6743144376903771,-0.6864999166488647,0.9184756849426776,-4.789899988611042,-9.954641590118408,4.949624648096678,-17.18115985715407,-10.883288310295432
2611,0.01666666753590107,0.6025604543980211,-1.9364789349555969,-1.0491735373675823,1.2930184610228985,-5.10698177871704,-10.303446259960532,29.31133335138118,-23.690441126750233,2.3332829070394467
2627,0.01666666753590107,0.541527162894979,-1.8889590588897465,-0.8408797464996576,1.1641806303162128,-5.143493354034423,-10.070760370635986,37.48879441065187,-29.314266917629702,7.295013425109738
2644,0.01666666753590107,0.33265524334553626,-2.157480231705308,-0.28740941315889357,0.8628104598114267,-5.494842739923298,-9.493457910808921,28.258772171978244,-41.64603686030432,9.781028113170544
2661,0.01666666753590107,0.22780352411046623,-2.3542554342150686,-0.09918518137335777,0.585531980044581,-5.752817968805134,-9.291148455047606,9.742720997210528,-57.17049335313678,12.57570502623975
2677,0.01666666753590107,0.4593094829354435,-2.1255475086107847,-0.039838089391589164,0.6560112731491216,-5.533748516900837,-9.233089064788818,-2.6298063917888532,-63.54210362227487,18.241278640873627
2694,0.01666666753590107,0.10898858157778159,-1.8488743012607096,-1.2831266701489685,0.14395140449964675,-5.24464808191508,-10.48301138447225,-5.518417188965952,-55.62791903475149,16.365669421200398
2711,0.01666666753590107,-0.14444123155991545,-1.8832769216001033,-2.9104999084442853,-0.2561795593704097,-5.284452269037067,-12.107777070617676,10.902165245614055,-28.31397717594487,-0.5880567158973251
2727,0.01666666753590107,-0.08163368779281154,-2.212959834603965,-3.225795691916346,-0.23478139116591773,-5.651961931610107,-12.408398432049154,18.37401482965636,-11.89340669419591,-10.644136066696605
2744,0.01666666753590107,0.2948858317204751,-2.438860593833029,-3.356747299906611,0.138564439347852,-5.92101063543111,-12.523021421051025,16.75415692081238,-1.8940014250041923,-17.981844150534446
2761,0.01666666753590107,1.1037298879414796,-1.4229071890220044,-2.9954794543325898,0.9814730887260753,-4.956296711730957,-12.1426426322937,14.740612030850746,6.711186357216795,-25.5125614274858
2778,0.01666666753590107,1.5788039993070064,-0.8834148198902606,-2.778642291525006,1.5064017935821785,-4.445134365026653,-11.915342527660727,6.99191268163302,12.623530010808178,-30.219748510992876
2794,0.01666666753590107,2.2978736217796802,0.2586547355785966,-2.2674030801922083,2.2881085945239987,-3.302053294427693,-11.404779608154296,-8.719680749174032,14.844494085484763,-33.9235756827832
2811,0.01666666753590107,2.0142926808677615,1.0041983773484826,-1.8724322869807482,2.084302251268434,-2.493561029052734,-11.033827403911948,-27.026954385355612,7.917331597183463,-37.39279268677276
2827,0.01666666753590107,1.8313897902354597,1.0624316628694535,-1.6447668561667204,1.945288830610644,-2.371008123834431,-10.830021572113036,-23.962632702911705,6.850646013463762,-21.439232974428833
2844,0.01666666753590107,0.9712011668276042,1.4087649741619825,-1.291098964202404,1.1148001845428719,-1.9749173866823315,-10.494384426879883,-16.74493958052745,9.780510726340916,-5.462893300542449
2861,0.01666666753590107,0.587685577881895,0.9603215339601039,-1.4485796826779842,0.7694365950653329,-2.381931668908894,-10.666318033599852,-6.641542760231584,14.986054878675155,3.8073681438526634
2877,0.01666666753590107,0.3158155695624649,1.0126131544724106,-1.4286410564988852,0.5258265578781254,-2.318784307861328,-10.649707675060629,-3.316448297257997,10.886393485046849,2.8052237923647634
2894,0.01666666753590107,0.28405951820909975,1.1372688771888613,-1.8873504546493292,0.5134066367660649,-2.1776763397768137,-11.113884106445312,-6.4720575923932415,5.85287020828032,-5.729169505995865
2911,0.01666666753590107,0.23542400905154645,1.7029136324480174,-1.5477841532737016,0.49365450960239393,-1.5872063553407787,-10.782436814117432,-5.290211177285717,9.42102506371845,-7.8794445378574025
2928,0.01666666753590107,0.09147478965912013,1.933021195717156,-1.2466460744917391,0.3924994894607924,-1.3410522048950195,-10.485705445861816,-5.887827543339268,24.94573085845561,0.27674990033923436
2944,0.01666666753590107,-0.18929116689730435,2.201535062009096,-0.1663005692690611,0.1889923300812021,-1.0561424995973705,-9.408314698791504,-4.023097107466578,44.308687070490826,12.718660031794471
2962,0.01666666753590107,-0.5473138200050219,2.1338798681482674,1.277943130031228,-0.019452815423533318,-1.126920793914795,-7.955632841491699,8.036711351044238,60.93378415184124,30.22467649247904
2977,0.01666666753590107,-0.7691606642007828,2.0042054404869676,2.0308266131699084,-0.12943638112172484,-1.2874819427490234,-7.184699906921386,15.507575680298771,55.35663075110776,41.41572288149149
2994,0.01666666753590107,-1.0545707202360033,1.6304615596994756,3.3684196175217624,-0.342071489129588,-1.7108073083072899,-5.823895538330078,20.44644961064185,36.413118163550315,46.78814477694842
3011,0.01666666753590107,-1.3056205337688327,1.416461081622541,3.9940041699588296,-0.5771520915709436,-2.0043959946230054,-5.167734645843505,22.048999820129016,9.316185075053339,44.37189022597554
3027,0.01666666753590107,-1.2113198365014046,1.1574126705512404,4.043665734228491,-0.5137059667725116,-2.324620466668904,-5.097404387554526,22.237670135572277,-0.10695350532640654,44.89384986725333
3045,0.01666666753590107,-0.9544852290220558,0.7323536130681634,3.480239824062586,-0.3000233224730938,-2.809446302850544,-5.641038386535644,21.152443576463753,1.402407097228987,48.10434955076656
3062,0.01666666753590107,-0.8782295992720872,0.641289778830111,2.3434090460300445,-0.2654570725372061,-2.9791350532531737,-6.749853030395507,23.555022381170975,11.472773763028906,50.35227067454989
3077,0.01666666753590107,-0.7718640779405832,0.4736006778120994,1.7460522246897219,-0.1692400567870587,-3.2209497131898996,-7.3180270118713375,33.63791668112576,18.867041789609978,45.73565702207906
3095,0.01666666753590107,-0.44354321053754536,0.3682791856408119,0.7888841863244771,0.1657985380310565,-3.4255043175294992,-8.233659509277343,44.08931505472836,20.811470287812963,39.788010255102
3112,0.01666666753590107,0.2849798113917932,0.2524637719839811,0.39766427007913585,0.8949826176850124,-3.697695118768513,-8.557475283813476,48.080983473615944,12.056176078532838,41.10721006687118
3128,0.01666666753590107,0.5025690712083131,0.38220337383598085,0.16297756232619284,1.0839748016357422,-3.6830303413391112,-8.742426777538657,46.22422045341008,1.032677218068561,43.43713102673511
3144,0.01666666753590107,0.6875371507421135,0.08453150985985994,-0.41840135315954685,1.204732384402491,-4.098873534448445,-9.272892667388916,51.156873788966564,-14.201182473223357,47.39229549960356
3161,0.01666666753590107,0.06478822358977049,0.18463965129703283,-1.2546610386431216,0.45669400320742276,-4.179528202874958,-10.027963431438803,60.70609979585886,-16.2425364783907,46.440645242545685
3179,0.01666666753590107,-0.31955903040710837,0.5033925894856452,-1.559978448936343,0.0029928251404315234,-4.0035543808534735,-10.263643241882324,59.534421824878194,-0.1741163295803022,37.265177432320236
3194,0.01666666753590107,-0.7748815260656178,0.6662880264863371,-1.31523971824646,-0.46881453951410945,-3.9640500534608956,-9.954491952514648,45.36972963729563,17.556277261465755,25.544898958111226
3211,0.01666666753590107,-0.7577556192196905,0.8395262860640883,-0.43502164857089515,-0.4176385520935058,-3.881001183374226,-9.024045332336426,12.94713583594692,23.33162226134549,18.4880960642685
3227,0.01666666753590107,-0.5592904177963733,0.8311638236492872,-0.05429506928920746,-0.20470416887812315,-3.8944688599735495,-8.639925603485107,-8.954868921733311,9.073964368969884,22.53179515670595
3244,0.01666666753590107,-0.6272434255599976,0.657125353604555,-0.11257365525662898,-0.31049791820365935,-4.036923566491901,-8.716988969421386,-18.235445659322437,-13.436432658840063,33.67125483446459
3261,0.01666666753590107,-1.0448174610499292,0.14973229630589485,-0.6871686096906662,-0.8910918938567861,-4.511424408014118,-9.3138927862972,-0.8470135732422795,-51.69978162042878,38.41740985473388
3277,0.01666666753590107,-1.479440100365877,-0.15425386538356542,-0.7327163089007139,-1.5068506447446648,-4.829853228814899,-9.35294878540039,10.355645951628192,-74.40137357235396,24.477840702194936
3294,0.01666666753590107,-1.8196607739970088,-0.16787819384932517,-0.993878351125121,-2.0497358963012693,-4.859182199151814,-9.60254372394979,1.7879118318860867,-86.24275642318918,4.775937206371485
3311,0.01666666753590107,-1.438955383633822,0.9240361686140298,-1.6003618972510099,-1.8842367065429686,-3.7343563316896558,-10.218452685546874,-24.794042602273386,-55.122491866359724,-17.660143948174138
3327,0.01666666753590107,-1.1812030037224293,1.4036097833558916,-1.9962275934755802,-1.656039324276708,-3.180098647363484,-10.652701011657713,-42.854024116912775,9.085826700010905,-23.9013863966242
3345,0.01666666753590107,-0.7301824065089225,2.1914687182858583,-2.136386590272188,-1.0907085303375497,-2.287360703332722,-10.85306576309204,-49.10175182997977,59.343565848900525,-26.87460701591848
3361,0.01666666753590107,-0.02824803409925662,1.8363529656007884,-1.1499544634997845,-0.14918869094848633,-2.507028413391113,-9.941472896465658,-38.65143604136061,63.35016164621918,-19.475753371083393
3377,0.01666666753590107,-0.17412450436037033,1.8608800886139272,-0.3511690608859062,-0.1689408369492885,-2.404826222284138,-9.181464091491698,-28.905859171303373,28.174608873478054,-11.468157408923624
3394,0.01666666753590107,-0.5782897172987461,1.7600108996763824,0.8413631461024283,-0.5593453228964528,-2.4287679466247556,-8.02566324005127,-23.239264443388578,-29.5115159506705,-16.747576033547077
3411,0.01666666753590107,-0.6708635177083313,1.7367428368136286,0.6911462811499833,-0.7246948602096177,-2.392256663568318,-8.2037314040035,-28.85101958245734,-48.430842838376925,-26.91166762235497
3428,0.01666666753590107,-0.7902342126939446,1.8361814084261654,0.23249007449150083,-0.9124900803275872,-2.2167317543581126,-8.696638255310058,-36.72452014818954,-34.3908459993767,-34.358727034804716
3444,0.01666666753590107,-1.083143319247663,2.1263693463876843,-0.9561696749776601,-1.2008417793052737,-1.799542407336831,-9.941922393798828,-43.91895306135532,7.1133256974323436,-33.07504420671959
3461,0.01666666753590107,-0.7037830598831176,2.2266800246596334,-1.625568819221854,-0.744746344779199,-1.5997756217956542,-10.65479593811035,-38.79673124047971,29.360824902107094,-27.56156695207085
3478,0.01666666753590107,-0.5643627526246011,2.1253131153330207,-1.5547107376664877,-0.4975449959686026,-1.6270099579408763,-10.614842697906493,-22.721196302390403,39.06144546704731,-22.147188912089824
3494,0.01666666753590107,-0.4530168855972588,1.7755147582784294,-0.49339784969389433,-0.25737666020048783,-1.9422960968017577,-9.565883095550536,0.8142422722437055,21.130788461700227,-19.612529616760188
3511,0.01666666753590107,-0.26569995964867993,0.7255187986120581,1.156361407932639,-0.0258872871841304,-3.001730331420898,-7.911189888653158,6.285082444524612,-0.7940014868860487,-25.500987671937214
3527,0.01666666753590107,-0.21277232452146708,0.4121504760712385,1.5823036779910324,0.04189858385166153,-3.3186627761840817,-7.483376564025878,-2.2019580060939656,-6.733226097007957,-31.028627323829976
3544,0.01666666753590107,-0.5548431560639292,0.5565566089183092,1.6836083357363938,-0.25947158665312453,-3.141641783197224,-7.394192552185058,-16.442401473883614,10.273427549494164,-29.15791705733894
3561,0.01666666753590107,-0.46809097447991366,0.6301634046599268,1.2714186966985463,-0.10025712145380675,-3.0128038063600657,-7.826046676635742,-27.43237392392006,28.82962742997686,-26.346138204361665
3577,0.01666666753590107,-0.527097655526176,0.4145104832008481,0.9822621476113795,-0.04728544625546783,-3.1584009025573727,-8.137741805267334,-25.51336397471328,44.290740748446616,-20.3810676248119
3594,0.01666666753590107,-0.6589442395947873,0.21945962026566265,0.7556652228116989,-0.037110125732421874,-3.3092356071472167,-8.372972118377685,1.5263204958730643,25.88591493544433,-14.376366580150428
3611,0.01666666753590107,-0.3574844545777887,-0.456346468411386,0.8807856404304504,0.30481187192387876,-4.005799237170815,-8.236951536560058,16.07722370236159,-1.3124952340468798,-8.436958728859693
3627,0.01666666753590107,-0.27145503431037066,-0.5919257362022996,1.0005331328392029,0.362123074163869,-4.180874649047851,-8.103774069213866,16.182772323153088,-25.092013019909775,-2.3037058400557644
3644,0.01666666753590107,-0.0020705957289785144,-1.1973846154555678,0.9207318663716315,0.531363240548782,-4.811747078759968,-8.179939609527587,-2.173161288222957,-33.3180486770103,1.4932363401939919
3661,0.01666666753590107,-0.23172102634776381,-1.398266084240377,0.18973697443604468,0.2332850242614746,-4.987720608520507,-8.924535741314292,-17.846155612482974,-21.4157576142515,2.7014779146273242
3678,0.01666666753590107,-0.14180895596072077,-1.4056556099697948,-1.0351724845439194,0.27308866339419036,-4.931756144714355,-10.17655415649414,-16.634556893350876,-9.349244044409847,5.717388710338063
3694,0.01666666753590107,-0.2153329687897116,-1.3210790919244288,-1.3813386225759983,0.17597385855410247,-4.82940431600362,-10.530596726989746,2.102809272554768,-5.85124633080515,7.71289976645675
3711,0.01666666753590107,-0.53997065416798,-1.216101298624277,-1.5662947924762964,-0.16699556579589842,-4.751293194580078,-10.705971414074302,18.622280253155278,-3.6506695170274077,8.996347806789153
3727,0.01666666753590107,-0.6354324311040341,-1.1355346007421612,-1.4491110130757092,-0.28969843741152435,-4.7240591506958,-10.569053006634116,24.345767041761693,-13.911268263712996,7.541338221110723
3744,0.01666666753590107,-0.5686661489069461,-0.9558440962851047,-1.314929921644926,-0.29852696470180523,-4.616320075988769,-10.408791717529295,18.626071008144635,-26.549558313317572,4.872437960946833
3761,0.01666666753590107,-0.7123017357729375,-0.7578928357332945,-1.8528624941140412,-0.5122094994033687,-4.4568063903808595,-10.932971658977866,15.224780235450854,-27.141855242668154,1.7731353579469988
3778,0.01666666753590107,-0.8625693810645491,-0.17578852858245372,-2.275022323024273,-0.7272387177398428,-3.9315786934450268,-11.33295297382772,20.852956856831618,-5.955836163791909,11.303877699006478
3794,0.01666666753590107,-0.9247246623348444,-0.0018324761241674422,-2.3808213695794342,-0.7885901444145013,-3.8102225967958567,-11.416750616455078,23.634838264264452,18.993740091166423,17.132655268763223
3811,0.01666666753590107,-1.4109879109084604,0.025591245113313198,-2.0679881768286226,-1.232265685227979,-3.8444899003177877,-11.07692361831665,28.957010457997598,32.148617838266574,23.410685116082973
3827,0.01666666753590107,-1.6312021489337085,0.220115453825891,-1.8137749308288096,-1.4074911548338829,-3.7306153915956615,-10.786626667022704,40.77114085404446,27.2712173180009,28.440125647273128
3844,0.01666666753590107,-1.1980777122862636,0.8450313132211565,-1.0708651446938513,-0.9615712234939447,-3.2805054794862865,-9.964368034362792,71.6757797538712,5.748101082827849,21.462974711983797
3861,0.01666666753590107,-0.149460639757663,1.1538678375512361,-0.00438449869453907,0.06913257293701172,-3.15076967702657,-8.813056311035156,78.63962889575193,-7.793980088320326,3.64718185168247
3877,0.01666666753590107,0.8364214519165456,1.243816988545656,0.1221668285101652,1.031751277923584,-3.2191540619447827,-8.607903156280518,56.68106931797035,-11.611023622019134,-3.8022950208466364
3894,0.01666666753590107,1.9847440764307975,1.6150997399166225,-0.03488952707350254,2.146401824862696,-2.957737460437417,-8.708609263610839,21.026295105135496,-13.061634565872076,6.1432364909363715
3911,0.01666666753590107,2.0836206302464007,1.786791354574263,-0.40644554242789743,2.190395362566458,-2.836979621942341,-9.053972853088379,26.006046010113806,-19.500173004913478,24.83902110550521
3928,0.01666666753590107,1.1054922945041208,2.5251392396211623,-0.9309306043028831,1.1100117695207052,-2.1899466232851146,-9.529670795440673,33.99238300848191,-24.08531314568889,20.58876684728282
3944,0.01666666753590107,1.0022247391879557,1.97462161860615,-0.9526344865888356,0.9265561155457049,-2.807201446533203,-9.514107900127767,23.210727913036266,-29.15669103838292,10.069658247116942
3961,0.01666666753590107,0.7703293426539748,1.2653463910475373,-1.1514859108507634,0.6165069457565434,-3.544465920257568,-9.696216863903402,3.6474016983963797,-39.637571923537884,-7.787303578406638
3977,0.01666666753590107,1.1061147372514009,1.0021057889834046,-1.644722432503104,0.8511386536529287,-3.7984012260988353,-10.192266104888915,-7.838985912308832,-43.812603600883634,-25.530560683496077
3994,0.01666666753590107,1.1176040264498441,1.2194628840118646,-1.7967828794956207,0.8159738715683109,-3.561824174554646,-10.353575441741942,-10.48626563554187,-21.37249519604864,-21.000589688194154
4011,0.01666666753590107,1.1002650613751261,1.6261030722290277,-1.8106383863687514,0.8168716606582515,-3.126079764667153,-10.384251150512695,-16.0751029286243,21.96956130498718,-11.595391880329915
4027,0.01666666753590107,0.9489610587731003,1.611100441147387,-1.5997615932703018,0.7670423751388676,-3.09929434133321,-10.199149434661864,-20.211228140910364,58.40274827186629,-1.866372242594433
4044,0.01666666753590107,0.9182135999403893,1.2215852829933165,-0.4827613048672676,0.9367314120942203,-3.426252505548298,-9.118017747497557,-20.408244947519382,70.22232232868166,3.7892929019878707
4060,0.01666666753590107,0.9977217286802827,0.5610419376388192,0.8031728239178657,1.1510125029190443,-4.039617335620522,-7.855974197387694,-20.293216024159904,50.66896264070129,4.884226867454275
4077,0.01666666753590107,1.075001659976691,0.10662994442135094,1.5520768820315598,1.3009493453537113,-4.429123725946248,-7.139658988189697,-23.2591437089679,3.304353526341785,6.229806150458521
4094,0.01666666753590107,0.9261377440031617,0.0288850259616971,1.5052625238865613,1.1267712111099621,-4.449923352868855,-7.216572716522216,-26.272973217972492,-11.946259551767115,11.99842939042132
4111,0.01666666753590107,0.4863748922545463,0.39868689112514255,0.9929489613205194,0.6488287229675799,-4.020463430078327,-7.760056493377685,-24.538796725442715,-2.405213550179555,17.82470711094184
4127,0.01666666753590107,-0.11576879803612827,0.783289435057342,0.832782949283719,0.05895727068027481,-3.5799303246095775,-7.948001323699951,-8.881008963596086,34.68662392628951,23.910127331214525
4144,0.01666666753590107,-0.3909215908858925,1.0281374713405966,1.0917536189436912,-0.13497306379238141,-3.3411087090089917,-7.684040590667724,12.874106599567497,58.241808524453276,26.376083461230294
4161,0.01666666753590107,-0.16895038965810089,0.8559490130767226,1.6381325327187775,0.19871881085820495,-3.5607767113283275,-7.109881105041503,25.443938516894683,66.31367827425015,29.781499668182764
4177,0.01666666753590107,-0.2224837173271924,0.5514473030805588,2.482516487947106,0.282964781774953,-3.9472909341007467,-6.216694248199462,23.00166606782593,52.62596893226085,34.64499392329829
4194,0.01666666753590107,-0.04580525416769087,0.35977263858020303,2.544500358173251,0.5074211508819834,-4.190751023156941,-6.124816759490966,19.78868190300211,25.20150607494696,33.851718677620084
4211,0.01666666753590107,-0.22043909628968686,0.5502008101508021,2.1266572234183547,0.330250301095657,-4.053084427697956,-6.514921992492676,23.163850617215175,11.509383576980175,36.82901521230156
4227,0.01666666753590107,-0.6642701107926666,0.9599468554288149,1.1796318088829516,-0.13991112298276276,-3.7216371353700755,-7.4214265960693355,23.920734614995553,18.27297413371707,43.164292290149774
4244,0.01666666753590107,-0.6920235754411668,0.8865732839211821,0.6795604727745056,-0.16774364421684293,-3.853617209625244,-7.889343383026122,23.693367862809584,28.510140208907636,41.25053134132015
4261,0.01666666753590107,-0.7544659300245344,0.7839405924424528,-0.09338380161821842,-0.20126246745903043,-4.015076476342976,-8.627655319976807,24.1673983591341,39.078558506012776,33.441080874529746
4277,0.01666666753590107,-0.5541279204666614,0.9817132815569639,-0.19157295769155025,0.08245024660639465,-3.890577990014851,-8.678381883129477,21.18107743701174,44.69622858890277,19.994344021553072
4294,0.01666666753590107,-0.38046814754121006,1.2385241428345442,-0.07859422876536845,0.3277063522338867,-3.675997373962402,-8.53532833393514,12.998173570746195,40.330323860106425,17.679780742037927
4311,0.01666666753590107,0.12298603593856096,1.519853359296918,-0.0836333919763565,0.8855553390502929,-3.408296285358071,-8.527697400665282,-3.879481707996481,29.499146478083606,18.06753741140872
4328,0.01666666753590107,0.31827048843391237,1.5805705705881117,-0.6353910761803389,1.107767180633545,-3.3054952515751124,-9.101407973480224,-27.494030041557764,8.631044530541129,23.307755872838175
4344,0.01666666753590107,0.30819815336130557,1.475327988871932,-1.3373206171512604,1.0461165609497576,-3.3463454406186934,-9.84480700443685,-32.20987438983783,-26.2890514832787,31.16067537105383
4361,0.01666666753590107,-0.5667718230603263,1.5531503564819693,-2.657822201448679,0.026336254794336853,-3.2134675407409667,-11.207556661877035,-20.569614996850103,-64.52143663603881,38.60748035895699
4378,0.01666666753590107,-1.7056737448111174,1.0905237848877907,-3.6613241209656,-1.4469955187590793,-3.653552025659382,-12.240205765423179,1.8008314548662832,-114.78257209649323,35.135865958568765
4394,0.01666666753590107,-1.9066944759361444,0.7979363845691084,-3.9229385831326242,-1.9527706559997051,-3.961955419269204,-12.496834840393065,9.909818160160304,-117.0223960310155,21.980341051044753
4411,0.01666666753590107,-2.5087922081932423,0.9788859491765498,-3.6020161919504403,-2.7893945351531726,-3.7964556449890137,-12.162843124279378,2.651059379164994,-72.79382024929976,2.3403577023591104
4428,0.01666666753590107,-2.086129252066463,1.293467154638469,-2.878442389926314,-2.4392425423553212,-3.4534862571716305,-11.452363781628012,-23.497968103486567,10.385838802854234,-23.988751346297832
4444,0.01666666753590107,-1.7495529262870548,1.4914429651096461,-2.3406471801012754,-1.990629024549853,-3.181744661004841,-10.958859548950194,-42.38557217759287,49.69973830690897,-38.687707760947966
4461,0.01666666753590107,-0.790204913534224,1.925242086148262,-1.379259478214383,-0.8608650659312727,-2.6448449387148023,-10.05564697265625,-47.206186505099055,48.97569385865801,-47.583431513337196
4477,0.01666666753590107,-0.036431057427078486,2.3711223978638647,-0.651927784961462,0.04683654257734306,-2.0733786376953125,-9.393201300811768,-32.25305143067607,-0.2447708746039553,-38.75426453931515
4494,0.01666666753590107,-0.18266221374422312,2.607910169549286,-0.3922299700707197,-0.10863684096408542,-1.780538139398396,-9.161860980877279,-16.04029457706662,-35.76187670166253,-23.952223494616604
4511,0.01666666753590107,-0.8575263453960418,2.5051500522986054,-0.03950257382690906,-0.8581715891349496,-1.8580504181459545,-8.822034567260742,-6.276485370793681,-47.49710475241741,-23.452940081383257
4528,0.01666666753590107,-0.9954054145619272,1.6573969128981232,0.07368892106711863,-1.0827776186072733,-2.6803090508058665,-8.72102860020101,-14.718859585891549,-42.08171072179734,-49.06639877083578
4544,0.01666666753590107,-0.9226122732907533,1.3061433885991574,-0.017105448579788206,-1.0256160722373517,-2.9776389694765206,-8.838045790863037,-32.882019645680444,-27.236909277799928,-66.49172081534488
4561,0.01666666753590107,-1.0429532746132462,1.2972490112647412,-0.17551614138185978,-1.1086649240577127,-2.8975825592041016,-9.039457421001792,-42.7833179986248,-10.573277122925955,-77.65388916454651
4577,0.01666666753590107,-0.7539401525847613,1.3039815343901515,-0.08641630069315433,-0.7161655350616202,-2.767098860986531,-9.00803410873413,-32.7168281055091,-0.7572830835991478,-86.59310414647581
4594,0.01666666753590107,-0.6666824326314031,1.3884978466808795,0.25426994462311264,-0.5367500755531247,-2.6241946571350097,-8.692897315216063,-15.229433301822926,2.383101239628462,-82.72606960446802
4611,0.01666666753590107,-0.2274614144082181,1.485316591183841,1.276385963717103,-0.00808041233671829,-2.5041855911806223,-7.679401240429281,-1.9658831896030529,4.342573656365223,-76.02179497180447
4628,0.01666666753590107,-0.049012379645928736,1.4813397965073585,2.4750971516013145,0.2914940521240234,-2.5007436340332028,-6.48020606842041,-0.3635720367368365,9.040257385415872,-68.97927571106352
4644,0.01666666753590107,-0.019440248202905058,1.3532526380375027,2.9349510436117647,0.41599261151738465,-2.6144682128906247,-6.022614276123046,-6.325136808251682,11.457177026059183,-66.53621266759835
4661,0.01666666753590107,-0.021733619837090372,1.2739786103144288,3.576609948015213,0.5437831251282245,-2.6469398651674387,-5.394285977935791,-16.15207574547576,15.16982282584164,-61.964131848516
4678,0.01666666753590107,0.010004822794348,1.1835241401463745,3.844435539782047,0.6673837858337909,-2.681955064447224,-5.144240957531332,-22.16154938481978,11.761030797891893,-54.02844582548542
4694,0.01666666753590107,-0.02306421085372567,0.9258587078660726,3.692572076666355,0.6974609441895038,-2.87588539891988,-5.31841971282959,-22.640987683419652,-0.4779336292700624,-43.03817626222008
4711,0.01666666753590107,0.11232362601831555,0.28504706794172524,2.8158991322517393,0.8328829755920917,-3.4567782844543453,-6.2201359130859375,-7.257052087476453,-28.280539984863072,-26.929632727419392
4728,0.01666666753590107,0.1582009955741465,-0.31641806550025936,1.5717758542358875,0.8165724767822772,-4.055328991754353,-7.470208454895019,8.204953424453638,-41.93045618262741,-22.53182076991534
4744,0.01666666753590107,0.17743395770192144,-0.8004647340029477,0.9552619124829769,0.7586626875946297,-4.562600468499959,-8.08237589187622,13.083529591030198,-39.87914546919748,-23.868862743343893
4761,0.01666666753590107,0.26192951946556564,-1.7253408605724572,-0.00047930794954299924,0.7791630758423358,-5.5168397599369285,-9.029731561279297,8.59474463642345,-21.229288327268275,-28.07125445095742
4777,0.01666666753590107,0.6929298035658895,-2.0197347257912157,-0.5688865136593579,1.2032360448975115,-5.826589307458699,-9.592069676208496,8.013568108815296,-8.60355045781089,-24.815885547239084
4794,0.01666666753590107,0.9022465077407658,-1.8579203620254992,-0.6133505092859268,1.4178163686890155,-5.680393368585407,-9.629628714752197,7.799972725543365,-6.7346997103213875,-17.562096582638606
4811,0.01666666753590107,1.3649407377436755,-1.846984249730408,-0.5009767605155706,1.8544588599273935,-5.689072057342529,-9.510367544555663,6.03898774052129,-22.485221804302927,-6.428964648259162
4828,0.01666666753590107,1.4558157714113593,-1.580600088943541,-0.7032809555798769,1.8749592116424814,-5.43588552404195,-9.71058265838623,5.623369021978721,-37.77254437443629,2.9855401461228652
4845,0.01666666753590107,1.3029792254798114,-1.1895599131792782,-0.9443687625467777,1.6141408682892098,-5.055806010492145,-9.951349562835693,2.7094762795888205,-44.49953280118474,16.65664914022128
4861,0.01666666753590107,0.4818339974218979,-0.5801555111706257,-1.6786217794954776,0.6211457206062506,-4.456357769830524,-10.685621284484863,5.9661655442510835,-39.823745804839504,32.81812664108956
4877,0.01666666753590107,-0.1940712042480707,-0.5601438197553158,-2.4761820242285726,-0.1710357673976803,-4.467131677301228,-11.470919429016112,20.96200594957275,-30.676534487210404,31.474785525698962
4894,0.01666666753590107,-0.29770132753262296,-1.1911109420135617,-2.252305464303493,-0.3895066825866699,-5.189133407703042,-11.206509783172606,33.614601830393916,-17.760272813859235,24.999643249121817
4911,0.01666666753590107,-0.05315364416912198,-1.5763959152519702,-1.8888754722595213,-0.20664951252592725,-5.641637229211628,-10.811915422058105,23.2219038100657,-16.09755888306801,16.446680587398625
4928,0.01666666753590107,0.6740408325701952,-1.879355071981251,-1.3981085555911064,0.48183306584013624,-5.978022562463581,-10.305092858123778,5.468928626447801,-6.056864906900152,3.967128402973377
4946,0.01666666753590107,1.408250156507641,-1.4389686815068126,-1.3861644352972506,1.2336124419281258,-5.510405050714314,-10.305990099224447,-22.183723593960224,12.088435061982809,-12.693773383779883
4961,0.01666666753590107,1.9511898896142839,-1.1835562888503075,-1.5408593224465845,1.8347066962311043,-5.186140363366902,-10.492738413238525,-35.865241369466915,23.028431871635917,-18.07478253457081
4978,0.01666666753590107,2.3753094742901624,0.05199877504557371,-1.7115332844942808,2.334645839060936,-3.860351194055378,-10.703877072143554,-38.95069053456096,27.856158133615377,-9.536699439954493
4994,0.01666666753590107,2.340926727695018,0.46513738537132737,-1.7645201937943695,2.366369143488747,-3.366247534179687,-10.791713761028646,-26.82051362523927,25.74955362375961,7.731486418735647
5011,0.01666666753590107,2.03645555896759,0.91401132594496,-1.9428601604253053,2.1106384923630395,-2.8550857719972726,-10.995969674682616,-12.573590228917984,20.27499820209619,25.775728616206393
5027,0.01666666753590107,2.146595557336509,0.37727030134797096,-1.5957786611139773,2.2336405295883304,-3.3711855751037594,-10.657339777374267,-5.8956425604102325,16.244725554019688,32.940629498948326
5044,0.01666666753590107,1.765952418554574,0.36332770071327686,-1.2206021171748638,1.8584990660957525,-3.3613097855165597,-10.291924748992919,-12.284805561941614,12.992925424142685,30.549902779998366
5061,0.01666666753590107,1.6867146311886607,0.35157179646790027,-1.4905308187007904,1.781585337763233,-3.33557211766988,-10.577134021759033,-18.549431163015214,13.39487181151418,26.715958796972007
5077,0.01666666753590107,0.9638951546631753,1.200403378754854,-1.9158003040641545,1.0726023711494634,-2.439541854095459,-11.021258429718017,-20.79317391857379,20.44748779939569,27.452038038540525
5094,0.01666666753590107,0.6805513835079967,1.6008265921533107,-2.031093739673495,0.819864504064992,-1.9895815795898437,-11.155782635498046,-20.345065697696764,29.121440432076486,31.09784787597347
5111,0.01666666753590107,0.2010360748246312,2.1330010394871235,-1.716840743252635,0.4032733603988774,-1.409137022344768,-10.859200320324302,-8.211215000375248,37.754553656162486,40.64191367494782
5127,0.01666666753590107,-0.29684279274083675,2.320625259552896,-0.5784229882895946,-0.04189851078642532,-1.2189476279661058,-9.720458155712485,4.878094638240073,41.96343233594023,47.25884043341068
5144,0.01666666753590107,-0.6070152418497949,2.0141066567763684,1.108507185345888,-0.2650081597259268,-1.5728408531188964,-8.012195855712891,22.0221947427313,51.28196870361535,50.605175504042535
5161,0.01666666753590107,-0.6418696245446801,1.747107871222496,1.7946248246788978,-0.2141313744476065,-1.9051859710693357,-7.296479196929932,27.809919460481684,59.11103205860744,45.079733465515226
5177,0.01666666753590107,-0.5662812630644067,1.2744494426965713,2.8640812716186046,-0.03561371316220611,-2.4422356232240796,-6.195445708465575,21.546311557594418,60.943004907220754,40.79320236506361
5194,0.01666666753590107,-0.2202922716975212,1.094120932596922,3.2278099543482064,0.42931043131723995,-2.680159413202107,-5.800103159332275,11.191483521119332,46.86355689557453,45.346886069616524
5211,0.01666666753590107,-0.09887100085765123,1.0555316742226482,3.2077351345688103,0.5888239707946777,-2.7501895195007324,-5.804142790111899,8.26919562246584,26.444194107633663,56.93775124207401
5227,0.01666666753590107,-0.3305493205748498,1.4622332372382283,2.7877339449971914,0.3485060522217303,-2.378789279229939,-6.209810918426514,16.229950147297657,24.924053545577284,66.23105347586052
5244,0.01666666753590107,-0.427036933427304,0.8057698546737432,2.4599171181261537,0.24750059661865234,-3.127874831390381,-6.497862721142172,33.139913928361786,30.816676308600726,64.42366247807009
5261,0.01666666753590107,-0.32548166192173955,1.0331883249893783,2.1177041016340254,0.36706111508794126,-3.0003838852480054,-6.794145761108398,42.562559454460825,37.30040413296458,54.267113125653175
5277,0.01666666753590107,-0.25374182909578086,0.8423165013045072,1.7318565260767935,0.47450098765268917,-3.298761267144978,-7.127687395367026,40.82389723519364,36.78135415227322,46.26724723008657
5294,0.01666666753590107,-0.1907361415412277,0.6307499723762273,1.1941291207909583,0.5560534086365252,-3.629909576526284,-7.606977224731445,29.33565907011018,19.093725522878945,52.010995774865826
5311,0.01666666753590107,-0.0502745085362345,0.5191124289259315,0.7119196045875549,0.6610991526063531,-3.815310275323689,-8.056039673614501,27.427700366980478,0.3173816551750088,49.808707144927354
5328,0.01666666753590107,0.1631622712433338,0.6471753297373652,-0.4365454971373081,0.8075941474914551,-3.7605426200866696,-9.173084385681152,30.312697140312995,-11.330811696224776,40.34332854028613
5344,0.01666666753590107,0.09948679466843605,1.1478373252153395,-1.347218910831213,0.6537667638916522,-3.3571199326112864,-10.040234299468993,26.67749287911379,-9.410426317673883,34.433975228890745
5361,0.01666666753590107,0.17069113237820566,1.2792945446401833,-1.6155477759450674,0.6679824093140662,-3.2799069290712475,-10.283694680786132,16.531456895376824,-1.4967475910359074,39.81071038880854
5377,0.01666666753590107,-0.22360921422578392,1.4790855878397822,-1.39769120696187,0.22595278167724608,-3.111714262445271,-10.051755810436605,7.9389815893051106,4.660140313617204,47.867908892268225
5394,0.01666666753590107,-0.5818790470276027,1.5790414613246917,-0.9074795860886573,-0.20245956828910855,-3.034950171716511,-9.552565348815918,3.609744731067984,1.0606644518012172,52.985977958128466
5410,0.01666666753590107,-0.7735039541020989,1.4716124754801392,-0.5815823291033506,-0.4680663332290016,-3.1495722839355467,-9.225756237682699,-2.078377259006809,-9.74646479464934,55.62812735552118
5427,0.01666666753590107,-1.1101816944293676,0.7420806418344378,-0.8124123614281415,-0.9120411766494624,-3.868581262262165,-9.465326625823973,-9.34322323265648,-29.606783429213838,51.72582854682862
5444,0.01666666753590107,-1.3484300401866436,0.3502323645576835,-1.2890695042014122,-1.3643956379738578,-4.237737522998452,-9.956287603759765,-3.4427615468999817,-58.920271705278154,42.60182279690464
5461,0.01666666753590107,-1.582290964639932,0.5526289140805601,-1.1508031892836093,-1.781585182499606,-4.032733713586628,-9.817124047741293,-0.38489305920041317,-60.851412070450884,34.35751126113245
5477,0.01666666753590107,-2.1018568364217876,1.0067539070501923,-0.9575964929103851,-2.467673760134913,-3.5606270737245675,-9.62798270111084,-14.789003921120287,-53.95521595229913,21.02541230318527
5494,0.01666666753590107,-1.810333265942335,1.6202116761028766,-0.6986690778702497,-2.3050176483154297,-2.8618194641664623,-9.407117597961426,-39.94166902085978,-19.397076422034015,-9.658758335517206
5511,0.01666666753590107,-1.4725506331130862,1.785981791757047,-0.4900795189261436,-1.9430442117553204,-2.588281632232666,-9.254487242126464,-57.032417663970385,19.131522082198504,-30.43719099831482
5528,0.01666666753590107,-0.4714091956498101,2.258417809703946,-0.42370296669900415,-0.8264484855651855,-1.9671359390258787,-9.266158975219726,-74.27188001587969,42.71018374808689,-44.05837771288279
5545,0.01666666753590107,0.552362006772682,2.687745630547404,-0.5193956297814846,0.410156644506054,-1.3031938911437988,-9.476100533294677,-74.07433728470457,44.49919470682082,-48.24194029650188
5561,0.01666666753590107,0.7863831632889807,2.8643726557806133,-0.5921832180947065,0.767790597406996,-0.977432827758789,-9.61496364506185,-51.02909119487938,23.29279946610314,-29.50476430867594
5577,0.01666666753590107,0.42126456057094036,3.1023768175184725,-0.8007236772000789,0.42811318150257865,-0.6506245934084057,-9.860818812561035,-24.61787494810583,-17.603388491265918,-4.868324906406016
5594,0.01666666753590107,-0.007070047984085977,2.3481255531579253,-1.3488064722836017,-0.12779051361083985,-1.3599071274906396,-10.426598592376708,-8.433173950285859,-55.314112823524425,1.959561849526206
5611,0.01666666753590107,-0.08079528247360139,1.6029001835569738,-1.7112357628524302,-0.3326443748916499,-2.0775687828615306,-10.797550212097168,-17.025074666693644,-55.382937224696065,-12.497501067790395
5627,0.01666666753590107,-0.18730141785219312,0.6859338071987032,-2.199316216915846,-0.5259762137481943,-2.9348429070621727,-11.30676697769165,-34.55467833190321,-31.701677579737616,-29.644930035728358
5644,0.01666666753590107,-0.08748871569763869,0.37844928199946876,-2.275471235835552,-0.40985736016537994,-3.106476654052734,-11.436353142547606,-50.115365563188,11.964696793657918,-45.35086123971347
5661,0.01666666753590107,-0.04020389049667865,0.3728428402945399,-1.9885323627978562,-0.2650081962585449,-2.998587941741943,-11.194688412475585,-44.947053625793146,30.87182667105399,-50.50097072297024
5677,0.01666666753590107,0.4415472144147381,0.361229267129302,-1.0677443823248147,0.34102410810166034,-2.918980736541748,-10.308983435821533,-31.706315278184057,32.839795416231425,-53.82633369775557
5694,0.01666666753590107,0.8026474118042737,0.28021424095779657,0.15269932941794395,0.8632593497898197,-2.9210759552553296,-9.11652137145996,-18.657744302873276,28.733222724936716,-55.83532114399352
5711,0.01666666753590107,0.8578373110413551,0.31703210574537516,0.6693295861393213,1.0272622594086454,-2.8443118645265697,-8.61224264678955,-12.39200367341767,23.67210889901792,-51.68990175179436
5727,0.01666666753590107,1.0288818599671126,0.5461871905952692,1.5224199949145316,1.2880805479629895,-2.588281924493611,-7.766191635131835,-7.47580511734539,18.25594134947435,-43.1421249111985
5744,0.01666666753590107,0.6207327284917235,0.9521028639301657,2.368126723179221,0.9666589933533221,-2.155828957366943,-6.92657504043579,-8.245015045256702,12.276706665133272,-22.87756836079597
5761,0.01666666753590107,0.473208207895793,0.9802309340447187,2.544097038069367,0.8547300657410174,-2.103755071258545,-6.757185272979736,-9.02217531336191,8.310130653709018,-10.253972609417028
5777,0.01666666753590107,0.024108276546560226,0.7782993716850877,2.724844650363922,0.427813945681788,-2.2879592537477613,-6.581361088562011,-4.203691151103123,4.733702304751888,-1.3539656880879642
5794,0.01666666753590107,0.08341547490935772,0.2972948473572731,2.3187737864673137,0.48512514792177824,-2.7654528473451734,-6.988674061474204,1.5886265486989783,-6.667683174845692,-3.890546614451902
5811,0.01666666753590107,0.27245811040569096,-0.013848784871399402,2.1142185976058245,0.6521207502502948,-3.0780455093383785,-7.193678163146973,-0.40141643406101113,-15.29218737236971,-7.122442719313842
5827,0.01666666753590107,0.36982049679867923,-0.19587240845113993,1.7844950603306293,0.7053917371887714,-3.251326146753132,-7.527968569946289,-6.262561603283787,-23.796276615486875,-5.91199360639642
5844,0.01666666753590107,0.30206651873849333,-0.40960225289314983,1.3951274939537048,0.5550059271438978,-3.4317890968874094,-7.930792999267577,-12.614085566733344,-26.97263901352838,1.7975785772740647
5861,0.01666666753590107,0.1393470958918333,-0.5318783869966864,1.0906225690871476,0.32456398082124066,-3.5194764404296874,-8.24802471923828,-17.46434120769009,-28.48355882020524,6.058479819752037
5877,0.01666666753590107,-0.03127963861380704,-0.7392623695433139,-0.038868952098488806,0.08065469582597724,-3.6758474440976974,-9.394846729931235,-21.464975957410612,-22.02447944100867,6.141634384689181
5894,0.01666666753590107,-0.41140155740007756,-1.5743173554122447,0.1553723480194807,-0.33354218224789944,-4.463390444946289,-9.215731102752684,-3.9552110035321744,0.48796973848174985,-2.8430931358876643
5911,0.01666666753590107,-0.3204310640012845,-1.4323384497120975,-0.21567864042222498,-0.23298571252133696,-4.3369466697692864,-9.581893734630942,16.656787451551974,-0.74361694228701,-16.342861712014432
5927,0.01666666753590107,0.041196993187256156,-1.4253767940059303,-0.7714946601063013,0.13257895346377044,-4.384980340576171,-10.120440055084227,26.80505690714753,-8.439402229035265,-21.21512934511884
5944,0.01666666753590107,0.26413247286994007,-1.2067366734296083,-1.3778840982079505,0.3266589072738774,-4.245518386133015,-10.701632508087158,20.46197633817258,-19.568314387168112,-12.95847651129008
5961,0.01666666753590107,0.26431502636261284,-1.2394088167145847,-1.9754262129873037,0.2868553297899547,-4.3216839264467355,-11.285069525146485,17.12187552270565,-19.923154667381322,-10.833310962364804
5977,0.01666666753590107,0.31018881572186946,-1.2084203887328504,-2.58299638530612,0.3094505975401749,-4.333954209955037,-11.878232986450195,18.81115547427364,-6.015998177548673,-17.649970381405407
5994,0.01666666753590107,0.42007666596062476,-0.850922124825418,-2.6055864027768374,0.4821323958465829,-4.024802628326416,-11.884218490600585,9.08683244536619,33.332060810092585,-28.000690059094726
6011,0.01666666753590107,0.154396159931086,-0.4894575876355171,-2.3708102631747723,0.35134911189423873,-3.6727053466796873,-11.64434941177368,0.7966596044119473,56.879899539804,-23.37014111316978
6028,0.01666666753590107,-0.07193484394140541,-0.46180911773145195,-1.782988747420907,0.2885013731140643,-3.6489129676818846,-11.05028812484741,6.374159210358979,65.71143317437345,-1.6740646379747275
6044,0.01666666753590107,-0.7789567396152765,0.009741349552571773,-1.2712743197917937,-0.25049327562861146,-3.2415994102478027,-10.50815108642578,32.29658705644573,47.023332095734055,34.243641762384584
6061,0.01666666753590107,-0.7379848969534039,-0.10170593202263116,-1.163914599791169,-0.166995419665426,-3.4445085854679345,-10.365546450042723,36.42483535307147,13.682539742561255,37.79654224408514
6077,0.01666666753590107,0.6958955215036868,-0.4832181087240576,-1.2113637487083673,1.2403462071625515,-3.9088337776735425,-10.384101512908934,29.014831424416343,-14.753498890267268,13.11810913125068
6094,0.01666666753590107,0.930883111899346,-0.14466536830514667,-1.4197703523010015,1.398962030615285,-3.6372415268495675,-10.571447792816162,12.895240912406809,-26.828677408844726,-15.640795104965283
6111,0.01666666753590107,0.6282227919861674,0.35622049905657766,-1.719167724895477,1.0675147748200222,-3.1552588051393626,-10.865036771392822,6.477504241369503,-9.856104698753677,-16.580830625339555
6127,0.01666666753590107,0.07339461429566145,1.3514432505279779,-1.751188418534398,0.5156512190887704,-2.1709423553466793,-10.892719728088379,4.372340474541785,4.252201715909492,-0.8923074391146902
6144,0.01666666753590107,0.41750089718848465,1.3325629012301563,-1.627361547857523,0.8629600974151864,-2.1969795906618237,-10.765976677703856,-0.31247579176236784,4.941261935231643,27.842648019437092
6161,0.01666666753590107,0.7340154818657785,1.1558072811812161,-1.4898901827096938,1.1531074476379901,-2.3766940605163573,-10.628608772930502,0.36383689333015967,-3.7819009297586246,34.49288902557669
6177,0.01666666753590107,1.214072423145175,0.9250614200085401,-1.6397282774776218,1.5734395131317898,-2.614917417962849,-10.778097323608398,5.351867294923422,-21.904392762568797,24.17006554800499
6194,0.01666666753590107,0.43979565803967413,1.2614455842167138,-1.373575002837181,0.6992565771683119,-2.3130983711794015,-10.501866307067871,14.671845686287059,-24.654740894150976,9.641132178590343
6211,0.01666666753590107,-0.5896764594381675,1.864623659056425,-0.6573281827002764,-0.3893570267166011,-1.7589903244569896,-9.76774422302246,15.399095200806043,-1.6456124177699816,7.764409638082402
6227,0.01666666753590107,-0.7453217426475137,1.9475246451050041,-0.05057809459269046,-0.5388449746062979,-1.699434558160603,-9.151536570739745,14.303573839071017,15.85992635655951,7.916219983896044
6244,0.01666666753590107,-0.8269417489748447,1.7953525544315576,1.3132254558146,-0.5300163377181627,-1.8891750397279858,-7.770082212829589,8.441575936738621,46.215440245232024,11.986057356513488
6261,0.01666666753590107,-0.3998950978711247,1.6715055177494882,2.4701503428488967,0.029029731662012635,-2.0241478660583496,-6.603357816314697,-1.389571250787829,42.01374009427196,13.684986657831411
6277,0.01666666753590107,-0.1910851741746068,1.5342308442175387,2.877414800444245,0.2976292304107919,-2.154482803454995,-6.195894621276855,-4.873175194490371,17.39768197648535,11.651409676807774
6294,0.01666666753590107,0.016040815022960304,1.4005717308342456,3.084326781564951,0.5078700636932626,-2.2782328095033764,-5.992835808452964,-3.5270125706423237,-4.711109319637955,8.664240103681037
6311,0.01666666753590107,-0.013532083605043588,1.5319015244871377,2.6329981413155794,0.43798933927007017,-2.136226723535359,-6.450577822875976,-3.9565518550436125,-10.839197731655707,3.949522736614023
6327,0.01666666753590107,-0.07209244565591216,1.5888833486422895,2.221311775624752,0.3630208997864276,-2.0727803795412183,-6.865671951183677,-0.3010611315966749,0.3111321388061529,0.3389538738535685
6344,0.01666666753590107,0.10886654436700045,1.7273361260429023,1.7214795089691877,0.5629367384094744,-1.942146459197998,-7.361421916961669,7.530878640170496,15.238088859048625,0.15702334095530895
6361,0.01666666753590107,0.393023020144552,1.7120312971442937,1.5496423483610153,0.9151836941925808,-1.9909283180236814,-7.5159975616455075,11.271884239160492,28.669237512792037,8.150973585669382
6377,0.01666666753590107,0.4547642772538587,1.607087113852799,1.5117670834749937,1.0314520757813006,-2.118868761499226,-7.541136679077148,6.801319667938399,25.657151409573093,15.300081363502953
6394,0.01666666753590107,0.22070023144390433,1.2077654319554567,1.2312298941731452,0.8286931226868182,-2.5338138367250562,-7.813177842712402,6.2346329597676045,13.447911645513916,16.834662653012032
6411,0.01666666753590107,-0.09486260546650736,1.0210083501130343,0.74919164288342,0.5087679623810574,-2.757372124481201,-8.28019680404663,16.22952838311641,-3.6414854739146794,10.130677449614543
6427,0.01666666753590107,-0.11674743380993605,0.9854083366826176,0.46085868513882156,0.46537305729072537,-2.837129259546101,-8.551340142059326,19.444249123536707,-6.975779347926627,5.023116202905546
6444,0.01666666753590107,-0.22747443828657268,0.8239481931820511,0.01159106907248497,0.35359376728218045,-3.04198313909322,-8.98214680328369,16.51767528117903,10.373601665182509,0.8529652826911522
6461,0.01666666753590107,-0.3564878447558731,0.7094014842867851,-0.5316156444072723,0.30496158259287476,-3.185635238702595,-9.507224570354818,0.4233020677090245,37.275210980210986,-4.327135294406879
6477,0.01666666753590107,-0.2530795657947659,0.6530722788214683,-0.7806248920232057,0.5098153890747577,-3.224092102868855,-9.755922852325439,-13.646043480504938,43.204498198699056,-3.521339458206393
6494,0.01666666753590107,-0.12007584758028388,1.0239157619923354,-0.8694996917843818,0.736366794232279,-2.814085068567097,-9.853187294769286,-17.26694874067672,33.596225206432,2.5539274724216545
6511,0.01666666753590107,-0.35217005462199447,1.3675330923244355,-1.0178928484410046,0.5557541334290057,-2.4331077293947336,-10.012401705169678,-5.6499559602098195,3.8276414259697304,9.399658524447357
6527,0.01666666753590107,-0.34679391454160213,1.1783262792423366,-1.2933674936562776,0.5360019697327166,-2.622548935754597,-10.290278735351562,3.1102342140447337,-15.452855619763213,11.49620131188205
6544,0.01666666753590107,-0.5758426164075732,0.6077972590729593,-1.776304155090451,0.2389713262695819,-3.205537040002644,-10.774356383514403,4.189060885900956,-29.05670731421769,16.92469820665114
6561,0.01666666753590107,-0.9641999828286468,0.03410013026148081,-1.8840964212894438,-0.2768294938903302,-3.7853827545717356,-10.890175304302572,-4.614742180638245,-36.82777894806179,18.390046991185674
6578,0.01666666753590107,-0.9665342709951102,-0.22793927931934593,-1.9990859055161474,-0.3838203805785626,-4.027496397455036,-11.020959154510498,-13.535589076342076,-39.15987532317636,8.042963535455739
6594,0.01666666753590107,-0.8467047263260931,-0.15156594147384167,-1.9706068300068378,-0.3482066308837384,-3.9104797913149,-11.014524737548827,-20.82953784571494,-30.95538720535993,-8.918306065332587
6611,0.01666666753590107,-0.34382717369049787,0.4893704938739538,-1.910950525945425,0.1101333494324237,-3.1771058952882885,-10.995071849060057,-35.7072181128295,-11.361649146553738,-26.602958439796023
6627,0.01666666753590107,-0.13721739038676023,0.8070014422953128,-1.8746259976327417,0.32785609943550076,-2.762909008081257,-10.996568225097656,-40.91370739259014,-4.5123354468649515,-28.602033574000988
6644,0.01666666753590107,0.11376995236910879,1.5626096742227673,-1.6979624397814272,0.5822399527618661,-1.911470750427246,-10.856657065582274,-33.803582919444416,-14.99423744530083,-21.81376469001919
6661,0.01666666753590107,-0.019874876760505138,1.6949591663122177,-1.355917181071639,0.381276687445119,-1.7082631767824292,-10.544363386535643,-6.8415938783793795,-33.8102389387906,2.5161761631053476
6677,0.01666666753590107,-0.45384760080035774,1.8748206434220074,-1.1522393595665692,-0.1479914805205539,-1.537825946100056,-10.340856245422362,12.382287729323329,-35.08275782267733,19.097622145800436
6694,0.01666666753590107,-0.8922593667335807,1.6113821806982158,-1.083484387770295,-0.6851906058822758,-1.8365023109436034,-10.261697953033446,14.428675583908971,-30.403565977030844,20.93433856079232
6711,0.01666666753590107,-0.9446259521782397,0.8712056189194322,-1.1772200715661048,-0.8280944535407703,-2.602497204589844,-10.347290662384033,0.0993849353545184,-16.682554340195846,0.9441699192562433
6728,0.01666666753590107,-1.0294908587109297,0.8695593130171299,-1.3405448398947715,-0.9282020287223626,-2.5953145996093747,-10.514136006054281,-5.19026075029269,-4.181555788663581,-22.635202513192652
6744,0.01666666753590107,-1.0135564266718924,1.0382938314348458,-1.0612626190900802,-0.8824129585044924,-2.4147023041322826,-10.238953037261963,-2.7470845818193803,3.615608875357263,-38.75469484123286
6761,0.01666666753590107,-0.5932081406956539,1.2444783750638364,-0.15350129345059393,-0.4019265488998033,-2.201169151306152,-9.332897346496582,-0.6452366583902918,4.392778534972579,-35.311575990061925
6778,0.01666666753590107,-0.49045061726085837,1.322529875254631,0.37929859230518337,-0.2597708070617169,-2.118868761499226,-8.800785443004965,-1.0063162096886025,4.74669716653466,-27.932092761712994
6794,0.01666666753590107,-0.13390525189777835,1.076917868861556,1.1539882490605116,0.12823946295473723,-2.358587910461426,-8.027458306774497,-1.2672720179436965,2.0100183779157943,-24.11582530825863
6811,0.01666666753590107,0.28365053554940967,0.7787959230303764,1.2105822429418562,0.5678747793335467,-2.6548706581667063,-7.970895877075195,1.7345159742758658,-5.829044800908023,-19.910245609849998
6827,0.01666666753590107,0.20988792819157243,0.7836094607919454,1.026497595179081,0.4855740789993666,-2.64963304977417,-8.155399042510986,-1.5104307010992644,-15.20206814891327,-16.232772722972168
6844,0.01666666753590107,-0.0976003233347088,0.5799424529418349,0.4986638073980808,0.15158296567387877,-2.8426658508852123,-8.687959274291991,-5.004159012864175,-18.418574983801523,-21.991745759411383
6861,0.01666666753590107,-0.5705027897495776,0.4668514958128333,0.22717092529535293,-0.3275567146301269,-2.944269783838093,-8.963891015625,1.781786753026172,-6.863978115836804,-39.13938817076091
6878,0.01666666753590107,-0.5014841985810548,0.40962183437645433,0.19096680849194525,-0.2281973274673335,-3.010858517511189,-8.99576382522583,8.205357259388316,-0.9834114904720821,-45.71214068076671
6894,0.01666666753590107,-0.08845383440274744,0.38323271688371896,-0.18775719879567623,0.21278472734531387,-3.0481179885864256,-9.369558559417724,6.7343112433123435,-1.853537890257156,-38.26233723981791
6911,0.01666666753590107,0.0943788405375555,0.7829442748814821,0.6298445479691028,0.4109048964569345,-2.68449890371114,-8.537872173199057,18.567942683213243,-14.483682512389668,-12.833805922143483
6927,0.01666666753590107,0.05561807978758588,0.7556728215962648,0.28059681053459645,0.3182791831970215,-2.7609634269714354,-8.870067653545737,21.701129747963805,-32.829273509815025,2.1973747357174753
6944,0.01666666753590107,-0.25084154107701034,0.4166764290630817,-0.3655997372984886,-0.07586621030727402,-3.1495725761964914,-9.499144139751792,20.513629643770802,-36.296468777810254,-0.501248906888724
6961,0.01666666753590107,-0.7176431698661297,0.22988544495105742,-0.8384183248221874,-0.6177039826545399,-3.4017122307926413,-9.94730934753418,22.349205417171294,-13.341809779399645,-16.443209143752966
6977,0.01666666753590107,-0.8403734044127166,0.23714199195057153,-0.9789327109277248,-0.7230488374351057,-3.4504937973573804,-10.065074141693115,25.843256988983015,14.00190572777271,-17.620699605717316
6994,0.01666666753590107,-0.9450090332116932,0.49830374191403387,-1.0002905562549829,-0.7546224174941889,-3.2580598389223216,-10.056993711090087,33.731773725605485,35.47899075680811,-3.395799940931324
7011,0.01666666753590107,-0.34144480859860776,0.7596154217422008,-0.8277005314528941,-0.05985502323759719,-3.1197944007873533,-9.829992881664634,44.208874101054846,22.499285163803982,15.025306268287926
7028,0.01666666753590107,0.1688804844933562,0.6190241710081696,-0.8311275832921267,0.4605845626388676,-3.3705870246887204,-9.784802325329183,48.14590100658233,-0.530082016861404,17.498376040324263
7044,0.01666666753590107,0.2912655588640831,0.548505696670711,-1.377957747966051,0.5475240469559095,-3.5535938140869137,-10.281748807415365,48.02657760178221,-13.161017233390346,12.570228922072692
7061,0.01666666753590107,0.16253745387587695,0.6213672270029783,-1.5731915662527083,0.35419226289829236,-3.628712183435261,-10.408941355133056,48.16098889445889,-15.839206977712276,10.761517990225153
7077,0.01666666753590107,0.25684107375275345,0.6982075978383422,-1.7348878565967083,0.4076128600410651,-3.663877020318806,-10.516679845318198,48.52073154294887,-9.97057866924309,6.381406467955186
7094,0.01666666753590107,0.40602910711411383,1.1978849661931394,-2.070260797935724,0.5415385428055189,-3.2668884575441477,-10.800542379650473,41.05658470474305,-0.25636077181054134,-0.5512524549981229
7111,0.01666666753590107,0.6075596143921836,2.0929922697037457,-2.22090494838953,0.756717435278371,-2.4736595200136304,-10.89810668182373,27.597620105604765,4.259804570229362,-0.9017973466361882
7127,0.01666666753590107,0.7682726293198764,2.5237498310893773,-2.0561194598585364,0.9153332313316408,-2.1001640610292553,-10.702979246520995,24.334582606995795,-1.7937056465712558,11.185274879163792
7144,0.01666666753590107,0.8725552799627184,2.677029883004725,-1.6778560558199882,0.9861118087768554,-2.0055930954530834,-10.293570762634277,29.72662592839088,-7.4032941215692425,24.484559900790938
7161,0.01666666753590107,0.8714885275140404,2.6188448205396533,-1.275287062564492,0.9059060919775278,-2.1715411980226635,-9.83223803024292,41.71879886553247,-14.56960629214843,33.81387601452363
7178,0.01666666753590107,0.817225022406876,2.736513460847735,-1.0541150854229926,0.7622539763851324,-2.1496941078737377,-9.55660497959554,43.06261467907038,-25.825648761302723,35.52636494889132
7194,0.01666666753590107,0.46653461188338696,2.630620306268334,-0.6011041911751032,0.3012205329010263,-2.3382371963500974,-9.054121906170248,31.171361202010317,-34.00067827322889,30.4449159422661
7211,0.01666666753590107,0.40031971649136394,2.1755098093926906,-1.1086726050406694,0.08858549795839935,-2.829646502575278,-9.536104627880453,-6.960034481229278,-36.73907186621625,11.27264751280024
7228,0.01666666753590107,0.3158903518317267,2.0795891827732325,-1.4940046322911977,-0.0704792383056134,-2.8782793083190916,-9.946261299785972,-32.96599682152575,-25.537088636795318,-3.4296580424207237
7244,0.01666666753590107,-0.20565745101496577,2.536606097792089,-1.8238345525503157,-0.6189011291503906,-2.2979849731996653,-10.345943923950195,-49.12138179365438,0.43481934079482626,-9.514538037418742
7261,0.01666666753590107,-0.6833033856298774,2.982203500913083,-1.0798182664781808,-1.058536408996582,-1.7283146156862377,-9.67287398223877,-62.33018217670449,22.843922848944487,-5.286709851562439
7277,0.01666666753590107,-0.7614614880003034,2.961776798956096,-0.629564561983943,-1.0851718659332021,-1.593940047509968,-9.307758229064941,-73.44174565434551,17.088274407083773,4.118584859610648
7294,0.01666666753590107,-0.19567944316230712,2.8221199064627287,-0.5916004497706889,-0.5042787246704101,-1.4981719811037182,-9.389908689007163,-76.57479440776537,7.08250019993443,19.77940479856194
7311,0.01666666753590107,-0.6325706119321286,3.855827579151094,0.33752515093684193,-0.9466074813842773,-0.30945085683614015,-8.535029643249512,-51.94574356263011,10.902397472045836,21.583901503691582
7328,0.01666666753590107,-0.629197920628637,3.8575700389042495,0.726380676138401,-0.9340378861358388,-0.22625234914571046,-8.18427910003662,-18.088666601606153,8.519820022549348,10.707324708029333
7344,0.01666666753590107,0.2156712973659858,3.11484963786155,0.0658703562706709,-0.08589198455810547,-0.9380784302309155,-8.858995055389403,-6.920976471347384,0.34702942528877145,-7.958610699206082
7361,0.01666666753590107,0.06892605404686182,2.7495117663696407,0.2620592833250761,-0.20635023731840774,-1.2788032539919019,-8.674790580639243,-14.755419880971333,12.588652503585156,-12.772605719632876
7377,0.01666666753590107,-0.12364197909664362,2.885576187328994,0.27670915544629093,-0.3458124840225093,-1.1043255157470702,-8.678831380462645,-15.556317617763273,20.881863924946405,-10.588283048532473
7394,0.01666666753590107,-0.06371455734311603,3.047043345092237,0.08207271853089332,-0.19198499995800666,-0.9361325568601488,-8.878297721752524,13.933409175681238,31.38471923620859,-4.853447046846435
7411,0.01666666753590107,0.026342798699554984,2.7920138142734765,0.10668635078370571,-0.03501514904743526,-1.2463316017150878,-8.8296655005306,32.00936052637377,21.072859919802056,0.9116208662099591
7428,0.01666666753590107,-0.1863273486556485,2.6216099013388154,0.4389759391546249,-0.24256253286169374,-1.525106749780476,-8.447641282653809,33.15727968432655,-13.636347173204458,3.6008902445827085
7444,0.01666666753590107,-0.19647333348635582,2.333529164789617,0.31176936291158197,-0.29014728629072195,-1.8713678726196288,-8.547149704632163,16.741054910437004,-14.279831247742408,-4.16500069077594
7461,0.01666666753590107,-0.0802525173664093,1.7627464621201157,-0.03588613689541816,-0.17986435405346565,-2.4634838706970212,-8.884583085632324,4.752989051420712,4.4702439792179245,-5.268089048337692
7478,0.01666666753590107,-0.19807828446496276,2.1569220133006572,-0.002160977426171303,-0.24839842224121092,-2.0922332680299878,-8.840290354919434,12.129248003594574,23.800526700697915,5.427947064540902
7494,0.01666666753590107,0.08604783270694315,2.197356315019727,0.0883481455385685,0.08349783198865479,-2.082506823785603,-8.735095119476318,13.218927846041945,20.741109094078077,4.731379186660437
7511,0.01666666753590107,0.09618914136253297,1.3166305880829692,0.37676761252284047,0.13048402701113374,-2.9860186752870677,-8.435520052227377,7.234843727390157,11.185176695194473,-7.653051087628159
7527,0.01666666753590107,-0.10145082475040107,0.9830623580783605,0.5125444487124681,-0.03202239240566268,-3.3285391502931714,-8.295159979900717,0.8976557973999275,1.300538667739655,-30.431477545074102
7544,0.01666666753590107,-0.06320716494340449,0.45462709727287287,0.5049772283285856,0.018854347206884996,-3.8373070030763743,-8.31221925125122,-14.317092490985765,-32.42126191446056,-38.55745946857041
7561,0.01666666753590107,-0.17752770039997995,1.2167699916660786,0.05038403332531452,-0.14110824892901583,-3.015946196039021,-8.795698348999023,-37.75914012819015,-30.813291949866983,-23.445918646916486
7577,0.01666666753590107,-0.22131346797142176,1.2876646058395504,-0.3820125274389982,-0.20605095754431094,-2.836081504058838,-9.279476721954346,-51.2768324013595,1.9284292069590532,-6.681323062618207
7594,0.01666666753590107,-0.6748762604810297,1.3421414614364504,-0.9220137228757143,-0.5817909577521961,-2.6309283493041993,-9.887304083904624,-42.803241660433734,33.66538087177838,-4.8336860289171195
7611,0.01666666753590107,-0.35446064977720376,0.9133519852533936,-1.1136965706825255,-0.18330602807309476,-2.9822777351930734,-10.11176107406616,-21.607800335597457,26.61769628047762,-8.483944453933857
7627,0.01666666753590107,-0.3280922828115523,0.8371531271919608,-0.780652364552021,-0.10758940057065337,-3.032855245263874,-9.788693487548828,0.2082269079451541,8.709975050363443,-4.568436059386498
7644,0.01666666753590107,-0.40976577289178967,1.7090417599394916,-0.21566344285309313,-0.17133501977231352,-2.19638074798584,-9.207949362835288,16.42149255728691,10.310701599342217,4.864613979252583
7661,0.01666666753590107,-0.7583815690983087,1.5750792796954511,0.2733826413720846,-0.511311637248192,-2.3636758812502023,-8.704119550976158,10.608215248077864,-2.637143935948151,-0.7917277275835221
7677,0.01666666753590107,-0.7535534182894974,1.3398217863172293,0.5608563519388436,-0.5143044258560053,-2.60788445058614,-8.412925358581543,-3.5581388099071294,-10.19106229829298,-16.02980682159607
7694,0.01666666753590107,-0.6288251417934895,0.5625654939442872,0.7263491119563579,-0.37005368450004605,-3.337667044122517,-8.26762724533081,-23.181803769448553,10.098100862368169,-30.58852749975479
7711,0.01666666753590107,-0.8454184128426014,0.3459478191062808,0.38514322668015954,-0.520888462155126,-3.494038340051472,-8.632593360900879,-23.490142414245025,16.02134250966713,-30.472328906499946
7728,0.01666666753590107,-0.20166746806334704,0.39802638138979674,0.254905319917202,0.19916768713686614,-3.380912311609089,-8.78552240742147,-13.59362860881426,8.689800379102518,-19.764001014436268
7744,0.01666666753590107,-0.19804321315158158,0.6234101310074329,0.11872341005802153,0.2232593778748065,-3.1317657013490794,-8.930671467590331,-5.119461997564099,-5.615153158180843,-14.21784301215631
7761,0.01666666753590107,-0.22848916828706858,1.1994807109519838,0.13798515988886356,0.1632546987671405,-2.5456354996830224,-8.916904223522543,-3.3048256631681623,-31.26847283162956,-9.258064434084762
7809,0.01666666753590107,-1.0011612016096711,0.9639397244572638,-0.6033943479388952,-0.781407566833496,-2.6485855865478514,-9.717765263366699,-19.067721285161415,-9.94218301154241,-43.315799546319
7827,0.01666666753590107,-0.605524309172295,0.9521250757619738,-0.44159284365475177,-0.35987838224330915,-2.610278652246296,-9.575010989379882,-10.64594350550572,-11.301844010181107,-38.30970801680653
7844,0.01666666753590107,-0.2712229791201651,0.9669812841102481,-0.5440384881287813,-0.024540530483983455,-2.5775077247619627,-9.684395493206381,-2.0201558727479743,-11.276404116843748,-24.26540645108191
7861,0.01666666753590107,0.0430993744761683,1.0839628189370036,-0.3929670521736145,0.28101943812714886,-2.4597429306030274,-9.533860063824058,1.3747873063293365,-11.780814440822835,-15.141229946428673
7877,0.01666666753590107,-0.12942854487514122,0.8056874370872974,-0.7241437108665705,0.0885854796920903,-2.7335794532224535,-9.867252645000814,-2.3774266330886507,-10.264484270549678,-22.479532256724305
7901,0.01666666753590107,-0.2570866825442761,0.6906605434596538,-0.8329255726248025,-0.02693475041044876,-2.836979621942341,-9.980229620361328,-3.354194057045603,-3.743817929380749,-27.24685744832605
7910,0.01666666753590107,-0.1910732280084863,0.6723425042197108,-0.9098615127891302,0.04997899618837982,-2.8488007003784177,-10.059387912750244,-2.8437176713098977,-2.1929940231385583,-23.395366709321927
7926,0.01666666753590107,-0.06469754963163286,0.6244941268518567,-0.894938084423542,0.18839379793247207,-2.8908491592958567,-10.046369441223144,-0.8005612432536112,-3.436152058217525,-15.525878879727111
7958,0.01666666753590107,0.12005959056522697,0.7218947628960013,-0.9518564879536628,0.37229839468691495,-2.788197470855713,-10.105326657104492,-1.530816467894225,-1.0037943757809868,-2.3703012516804467
7974,0.01666666753590107,0.26639643574655053,0.49659109277725216,-1.121506367650628,0.5487211112533695,-2.981679477038979,-10.286238520050048,-13.550122011348572,20.736913650380394,12.006869796688163
7977,0.01666666753590107,0.1304828031684272,0.6161623518362641,-1.2950643607020378,0.4275146887405775,-2.851344831903279,-10.463409442901611,-13.17278735687757,25.55600484570167,12.32939474439075
8018,0.01666666753590107,-0.13529424030445517,0.9046218585699796,-1.3642436953902244,0.20874453031010926,-2.551919694519043,-10.535085855102539,4.686787442890362,15.652177615217111,13.563203531156438
8018,0.01666666753590107,0.19112057428155094,0.8774348686978221,-0.900719590434432,0.5096657149383798,-2.59830735168457,-10.065223194774985,7.358399288154748,-22.342918228040297,17.71277226327638
