ts,alpha,beta,gamma,acc,heading
1698921500174.0,0.15409852197876645,15.317200118136846,-1.1459352626517552,-1.0,
1698921500190.0,0.36510985987573885,15.250895471400945,-1.2835830839143318,39.9902458190918,147.43568420410156
1698921500207.0,0.5502386827922531,15.213189812033395,-1.4517613309240696,39.9902458190918,147.43568420410156
1698921500224.0,0.7570149001622186,15.172355721138404,-1.6606539543879384,39.9902458190918,147.43568420410156
1698921500240.0,0.880960109969637,15.118722117522497,-1.811655434312303,39.9902458190918,147.43568420410156
1698921500257.0,0.9640886061929299,15.061582161625392,-1.95864912425482,39.9902458190918,147.43568420410156
1698921500274.0,1.0017561398407184,14.991759943125569,-2.1258321717021036,39.9902458190918,147.43568420410156
1698921500290.0,0.7398565806510718,15.889414041459986,-1.1700189860155457,39.9902458190918,147.43568420410156
1698921500307.0,0.8165458775600418,16.009444461889927,-1.3996333965509027,39.9902458190918,147.43568420410156
1698921500324.0,0.9758290879166791,16.263392903778033,-1.8362902726808965,39.9902458190918,147.43568420410156
1698921500340.0,1.0968662330702932,16.509175834071,-2.1883490442572104,39.9902458190918,147.43568420410156
1698921500357.0,1.1546827269787319,16.556105831094627,-2.3815438950031016,39.9902458190918,147.43568420410156
1698921500373.0,1.1944750853054327,16.46587259509276,-2.712261751228386,39.9902458190918,147.43568420410156
1698921500390.0,1.1739537424683022,16.3236189110653,-2.9242105525112403,39.9902458190918,147.43568420410156
1698921500407.0,1.0807146586745753,16.28508852131107,-2.9961820618381823,39.9902458190918,147.43568420410156
1698921500424.0,0.9090859350766697,16.31530697924573,-3.086417610062456,39.9902458190918,147.43568420410156
1698921500440.0,0.7813464016140245,16.33568161558397,-3.2021224200353613,39.9902458190918,147.43568420410156
1698921500457.0,0.6595420883610854,16.304697181269972,-3.306819698035098,39.9902458190918,147.43568420410156
1698921500473.0,0.5058670495288226,16.243317323533194,-3.40719656614668,39.9902458190918,147.43568420410156
1698921500491.0,0.381494931151924,16.209006416944614,-3.4136313969194907,39.9902458190918,147.43568420410156
1698921500507.0,0.26987512371558325,16.19530340680427,-3.3957697491724033,39.9902458190918,147.43568420410156
1698921500524.0,0.11515189165141179,16.20192889678273,-3.293889049515067,39.9902458190918,147.43568420410156
1698921500540.0,359.98890934167395,16.15094674277163,-3.137014540579038,39.9902458190918,147.43568420410156
1698921500558.0,359.8912803969156,16.09758001402478,-3.0137971186304733,39.9902458190918,147.43568420410156
1698921500574.0,359.74221122664073,15.979526700918273,-2.7439388332265273,39.9902458190918,147.43568420410156
1698921500590.0,359.6025667142959,15.878785863594793,-2.4453586888992493,39.9902458190918,147.43568420410156
1698921500607.0,359.4527955200555,15.79788271208998,-2.0910338221611675,39.9902458190918,147.43568420410156
1698921500624.0,359.1973328431827,15.609180536124326,-1.3329349413932188,33.788352966308594,148.4560546875
1698921500640.0,358.97693535032124,15.396865204015024,-0.6024858755633359,33.788352966308594,148.4560546875
1698921500657.0,358.7781216572624,15.244773946823868,0.0650942997613418,33.788352966308594,148.4560546875
1698921500674.0,358.5990609160318,15.095160966230788,0.8353721140598594,33.788352966308594,148.4560546875
1698921500690.0,358.5928659466948,15.031735391741305,1.20596550041306,33.788352966308594,148.4560546875
1698921500708.0,358.75590639927407,15.029221338319248,1.414398274951314,33.788352966308594,148.4560546875
1698921500724.0,358.9537702132236,15.07287307667027,1.489138103939573,33.788352966308594,148.4560546875
1698921500741.0,359.1461727203486,15.12608466859521,1.572317456432516,33.788352966308594,148.4560546875
1698921500757.0,359.3370428772327,15.18731722610192,1.7345012375399391,33.788352966308594,148.4560546875
1698921500773.0,359.4058052027069,15.225692013997492,1.9024003484897911,33.788352966308594,148.4560546875
1698921500791.0,359.3925822603043,15.246186529871705,2.1077125813006012,33.788352966308594,148.4560546875
1698921500807.0,359.29678039427637,15.2527070683786,2.433655558465067,33.788352966308594,148.4560546875
1698921500824.0,359.2222661017585,15.219871826098641,2.7117977734379393,33.788352966308594,148.4560546875
1698921500840.0,359.1197601323491,15.12157627616233,3.016606135646628,33.788352966308594,148.4560546875
1698921500857.0,358.83907233026207,14.916535943612747,3.536283811379175,33.788352966308594,148.4560546875
1698921500874.0,358.4783740936677,14.751370890067683,4.104612909026847,33.788352966308594,148.4560546875
1698921500891.0,358.0189360285115,14.574856379467631,4.825904965429693,33.788352966308594,148.4560546875
1698921500907.0,357.38668639595403,14.27441951152986,5.761983710019852,33.788352966308594,148.4560546875
1698921500924.0,356.9432606097897,14.03960195940476,6.215321462619291,33.73150634765625,149.66000366210938
1698921500940.0,356.5153282335504,13.888516820830448,6.433790884249004,33.73150634765625,149.66000366210938
1698921500957.0,355.94992564072805,13.876701094874184,6.477052720103863,33.73150634765625,149.66000366210938
1698921500974.0,355.5526939748493,13.959597737618504,6.387946995460926,33.731510162353516,150.7651824951172
1698921500990.0,355.1874488283272,14.036136600809405,6.25957500858523,33.731510162353516,150.7651824951172
1698921501007.0,354.75297022250743,14.141729896248288,6.141333466110422,33.731510162353516,151.77853393554688
1698921501024.0,354.4725130941155,14.213550070404192,6.06932213917729,33.731510162353516,151.77853393554688
1698921501040.0,354.1331726909202,14.19780880620388,6.018957129026272,33.731510162353516,151.77853393554688
1698921501056.0,353.9127597622314,14.079389937293785,6.069527074874824,33.731510162353516,151.77853393554688
1698921501074.0,353.7816701959667,13.902208855625792,6.166477604385429,33.731510162353516,152.8411865234375
1698921501090.0,353.83385399021313,13.647125871594707,6.298340511774235,33.731510162353516,152.8411865234375
1698921501107.0,354.0035266754455,13.495172917517026,6.286854070534574,33.731510162353516,152.8411865234375
1698921501124.0,354.1931340560035,13.400556536524853,6.1956955339860835,33.731510162353516,152.8411865234375
1698921501140.0,354.3850024317893,13.303797769715093,6.03400385285528,33.731510162353516,152.8411865234375
1698921501157.0,354.48354463177134,13.18718595414177,5.92985829864842,33.731510162353516,152.8411865234375
1698921501174.0,354.55609704854857,13.01334382660264,5.855668669812885,33.731510162353516,152.8411865234375
1698921501190.0,354.60876698001675,12.776787698216248,5.812605361306707,33.731510162353516,152.8411865234375
1698921501208.0,354.64763801106596,12.409283417733068,5.777254643351317,33.731510162353516,152.8411865234375
1698921501224.0,354.65470411727347,12.0608460187612,5.725908461131065,33.731510162353516,152.8411865234375
1698921501240.0,354.6323394276455,11.498046136502795,5.616699580689076,33.731510162353516,152.8411865234375
1698921501257.0,354.6146436518794,11.079353465088875,5.467905867222954,33.731510162353516,152.8411865234375
1698921501273.0,354.61167426510394,10.738674116907799,5.288508073696432,33.731510162353516,152.8411865234375
1698921501290.0,354.663380278136,10.458363010856834,5.088637847286079,33.731510162353516,152.8411865234375
1698921501307.0,354.789336259687,10.366087212606988,4.988136156188987,33.731510162353516,152.8411865234375
1698921501324.0,354.9942295066643,10.328343773529086,4.9281671188563685,33.731510162353516,152.8411865234375
1698921501340.0,355.31953397031515,10.320505106771542,4.907213795480441,33.71933364868164,151.82252502441406
1698921501357.0,355.53859370172796,10.358612270560174,4.960890906055289,33.71933364868164,151.82252502441406
1698921501374.0,355.6980930131691,10.448106167338782,5.085551293724098,33.71933364868164,151.82252502441406
1698921501390.0,355.8188618219957,10.595895454452437,5.2991912320657955,33.71933364868164,151.82252502441406
1698921501407.0,355.86338362211006,10.688356939665798,5.428656884967492,33.71933364868164,151.82252502441406
1698921501424.0,355.880920478328,10.759024458154233,5.517243904534591,33.71933364868164,151.82252502441406
1698921501440.0,355.8768839646732,10.831728308944895,5.60064211080263,33.71933364868164,151.82252502441406
1698921501457.0,355.8457645263196,10.861431526330046,5.695161721799566,33.71933364868164,151.82252502441406
1698921501474.0,355.762462730097,10.809309759601451,5.852659947716969,33.71933364868164,151.82252502441406
1698921501490.0,355.56830212498863,10.564140470948162,5.984574687664193,33.71933364868164,151.82252502441406
1698921501507.0,355.327811412941,10.218768944467138,6.03680482526955,33.71933364868164,151.82252502441406
1698921501524.0,354.9849871649366,9.730857825255251,6.085644077901402,33.71933364868164,151.82252502441406
1698921501540.0,354.49148598150424,9.130810827619706,6.126814274200901,33.71933364868164,151.82252502441406
1698921501557.0,354.19224710196,8.88146782790209,6.1731433615745885,33.71933364868164,151.82252502441406
1698921501574.0,354.0208721753941,8.827493704695916,6.145118674668193,33.68315887451172,152.8319091796875
1698921501590.0,353.939752265667,8.944299121813188,6.009598022266497,33.68315887451172,152.8319091796875
1698921501607.0,353.91256536269356,9.100142416514487,5.938967404098348,33.68315887451172,152.8319091796875
1698921501623.0,353.8469714469047,9.245926912395612,5.941805450505329,33.68315887451172,152.8319091796875
1698921501640.0,353.6230215830415,9.379223691725212,6.004735178528753,33.68315887451172,152.8319091796875
1698921501656.0,353.3124370650822,9.450685870954073,6.093549082993738,33.68315887451172,152.8319091796875
1698921501674.0,352.90252902665645,9.524211350835667,6.2219427595497185,33.68315887451172,152.8319091796875
1698921501689.0,352.3204446050093,9.67938346618313,6.415413351909415,33.682498931884766,154.22286987304688
1698921501707.0,351.9125493413618,9.863337688758989,6.5320260734832445,33.682498931884766,154.22286987304688
1698921501724.0,351.5329005075939,10.085755353847933,6.632013504045782,33.682151794433594,155.2659454345703
1698921501741.0,350.97896075029405,10.256569731174269,6.754164195060044,33.682151794433594,155.2659454345703
1698921501757.0,350.5040787449111,10.255273877837602,6.920422108929196,33.68171310424805,156.3782501220703
1698921501774.0,350.0044236050869,10.153288784919123,7.2343680064780544,33.68171310424805,156.3782501220703
1698921501790.0,349.3269489033052,9.88579781935629,7.735217682535774,33.68171310424805,156.3782501220703
1698921501807.0,348.8217615512613,9.680334491196017,7.943423391331029,33.681148529052734,157.67361450195312
1698921501824.0,348.3376332971359,9.532982756909918,7.868136195240057,33.681148529052734,157.67361450195312
1698921501840.0,347.75737064046155,9.33403712839418,7.677898776916081,33.68053436279297,158.97511291503906
1698921501857.0,347.3387162767499,9.123182548134624,7.811654684097882,33.68053436279297,158.97511291503906
1698921501874.0,346.9560491961093,8.849662316855156,8.18159594310444,33.68053436279297,158.97511291503906
1698921501890.0,346.69649410071634,8.396659096380972,8.491974258438159,33.67988204956055,160.01226806640625
1698921501907.0,346.7096160297602,8.03048476414182,8.078695516298092,33.67988204956055,160.01226806640625
1698921501924.0,346.7730906131237,7.804416239080207,7.324040309793803,33.67988204956055,160.01226806640625
1698921501940.0,346.77956762968364,7.758935027837987,6.718896718243509,33.67988204956055,160.01226806640625
1698921501957.0,346.59941409374903,7.767204322173142,6.65383456782142,33.67988204956055,160.01226806640625
1698921501974.0,346.3063842683499,7.818578492362605,6.656057248764338,33.67988204956055,160.01226806640625
1698921501990.0,346.21587425452293,8.338191958187783,6.902104650509349,33.67988204956055,160.01226806640625
1698921502007.0,346.46846125708413,9.177510267375622,7.162327983788099,33.67988204956055,160.01226806640625
1698921502024.0,347.0260929641377,10.812633027284893,7.153057175200321,33.67988204956055,160.01226806640625
1698921502041.0,347.2261830387581,12.11820962293039,7.395271498975138,33.67988204956055,160.01226806640625
1698921502056.0,346.92674492834743,12.983900214247866,7.70091039741321,33.67988204956055,160.01226806640625
1698921502074.0,346.3912399017734,13.069514807468659,7.603957971464669,33.67988204956055,160.01226806640625
1698921502090.0,346.16319915375135,12.792781565056112,7.560979601417633,33.67988204956055,160.01226806640625
1698921502107.0,345.89855896436535,12.650731729324859,7.686426826781625,33.67988204956055,160.01226806640625
1698921502124.0,345.33799739136697,13.042464631314834,8.164966659416189,33.67988204956055,160.01226806640625
1698921502140.0,344.84518055524626,13.72512294506077,8.432980925279248,33.67821502685547,161.51300048828125
1698921502157.0,344.54618448104463,14.621284865951276,8.276331307044563,33.67821502685547,161.51300048828125
1698921502174.0,344.6247596841765,15.96926408262886,7.257576695884724,33.67821502685547,161.51300048828125
1698921502190.0,345.13462530456826,16.89188054148186,5.7225424334403305,33.67821502685547,161.51300048828125
1698921502207.0,345.9115726679479,17.4959689125936,3.755763598425088,33.67821502685547,161.51300048828125
1698921502223.0,346.7099267135962,17.626194745072343,0.7221109764039457,33.67821502685547,161.51300048828125
1698921502240.0,346.8674082104053,17.717165716963905,-1.1514285548426233,33.67821502685547,161.51300048828125
1698921502257.0,346.8674798693749,18.175107319688614,-2.3183077298723855,33.67821502685547,161.51300048828125
1698921502274.0,347.28161957993325,18.80072462441679,-3.1674628969552083,33.67821502685547,161.51300048828125
1698921502290.0,347.8760356208033,18.885049126208234,-2.844464234643671,33.67821502685547,161.51300048828125
1698921502307.0,348.79874440099206,18.6566769358997,-2.2324623196313724,33.6778678894043,159.8438720703125
1698921502324.0,349.46012808515985,18.224476994498353,-2.0568501825331245,33.677791595458984,158.82852172851562
1698921502340.0,350.00779065493475,17.63132292358645,-2.0663879326525243,33.677791595458984,158.82852172851562
1698921502357.0,350.4783383384806,16.889905193501527,-2.0567602263630844,33.677574157714844,157.331298828125
1698921502374.0,351.14357784991375,15.693479960278585,-1.886037731034461,33.677574157714844,157.331298828125
1698921502390.0,351.60856124246317,14.979509111881931,-1.9192733172242014,33.677574157714844,157.331298828125
1698921502407.0,352.18813810023363,14.849788371578837,-2.3515439387976302,33.67696762084961,156.00677490234375
1698921502424.0,352.621245152944,15.421595266850495,-3.20149400288717,33.67696762084961,156.00677490234375
1698921502440.0,353.18770717839993,16.295601220703823,-4.9367194992747745,33.67696762084961,156.00677490234375
1698921502457.0,354.09346506670687,17.661028159283273,-7.844015977225011,33.67606735229492,154.74107360839844
1698921502474.0,354.88148187684754,18.66106819377603,-9.834428156063595,33.67606735229492,154.74107360839844
1698921502490.0,355.6238684202267,19.39603514590479,-11.428354010295369,33.67606735229492,154.74107360839844
1698921502506.0,356.15718206540106,19.79098252125131,-12.42718836194759,33.676002502441406,153.72044372558594
1698921502524.0,356.50052186739595,19.813669951986228,-12.814035027962685,33.676002502441406,153.72044372558594
1698921502540.0,356.7542175135084,19.619014771107572,-11.952335141355338,33.676002502441406,153.72044372558594
1698921502557.0,357.27126181876946,19.502873528874805,-11.562026047997742,33.67534637451172,152.3833770751953
1698921502574.0,357.826132406421,19.588841838280775,-11.967121453884195,33.67534637451172,152.3833770751953
1698921502590.0,358.4193834951462,19.810724031770043,-12.972574570893347,33.67534637451172,152.3833770751953
1698921502607.0,359.11490484504054,20.19214788233819,-14.485104481596794,33.67464828491211,151.2552490234375
1698921502624.0,359.56774617016634,20.50824195358107,-15.205008133336158,33.67464828491211,151.2552490234375
1698921502640.0,359.92992104645197,20.865300530914954,-15.441843889475832,33.67464828491211,151.2552490234375
1698921502657.0,0.24025419494847794,21.24103225893985,-15.255267343969587,33.67422103881836,150.21229553222656
1698921502674.0,0.38584892190412323,21.206661619927505,-14.805452908837001,33.67422103881836,150.21229553222656
1698921502690.0,0.5102943476920999,20.81617364982824,-14.125125388544758,33.67422103881836,150.21229553222656
1698921502707.0,0.6695335835174864,20.19302399182999,-13.363823927567307,33.67422103881836,150.21229553222656
1698921502724.0,0.5849063849395035,20.170653973225004,-13.291873967931336,33.673824310302734,149.20101928710938
1698921502740.0,0.2739353195453531,20.76115217591392,-13.568137154419437,33.673824310302734,149.20101928710938
1698921502757.0,359.789291673689,22.192845320884334,-14.241429659509711,33.67339324951172,150.3151092529297
1698921502774.0,359.404952412267,23.336732783578967,-14.696784341101253,33.67339324951172,150.3151092529297
1698921502790.0,358.97964990902943,24.267170745882556,-14.84030300360822,33.67339324951172,150.3151092529297
1698921502807.0,358.34968713963485,25.12487587416646,-14.40042340617259,33.67258834838867,151.90167236328125
1698921502824.0,357.65242296170175,25.507843244316263,-13.92623194518399,33.67258834838867,151.90167236328125
1698921502840.0,356.6729311691814,25.712580951119048,-13.546438938397374,33.67086410522461,153.60552978515625
1698921502857.0,355.1962570524997,25.79333212681709,-13.060088200687396,33.6693229675293,154.98056030273438
1698921502874.0,354.22120020896443,25.759656043340474,-12.542876233004375,33.666316986083984,156.16213989257812
1698921502890.0,353.4118717804514,25.765754153990525,-11.903831357369027,33.666316986083984,156.16213989257812
1698921502907.0,352.4796463026236,25.936988010096453,-11.112960863199772,33.666316986083984,156.16213989257812
1698921502924.0,351.7469466195182,26.096077726584763,-10.750421805876007,33.65532684326172,157.79739379882812
1698921502940.0,350.88967294974503,26.120906896755013,-10.621433857283114,33.65532684326172,157.79739379882812
1698921502957.0,349.5254505294751,25.821044703153834,-10.75203788898974,33.651611328125,160.09573364257812
1698921502974.0,348.5284086189247,25.316260263926782,-11.012111743677831,33.65058898925781,161.45651245117188
1698921502990.0,347.7208875984489,24.635237886494824,-11.281665580077396,33.65058898925781,161.45651245117188
1698921503007.0,347.0169960597797,23.71726427299101,-11.472157618757329,33.64970016479492,162.4581756591797
1698921503024.0,346.7266057055318,23.12784672337711,-11.578676642865918,33.64970016479492,162.4581756591797
1698921503040.0,346.6179388023957,22.67671333975741,-11.868443684171295,33.64970016479492,162.4581756591797
1698921503057.0,346.76640013926055,22.417157079878844,-12.85615278330537,33.64970016479492,162.4581756591797
1698921503074.0,346.92776890171785,22.551563880401073,-13.896927041986688,33.64970016479492,162.4581756591797
1698921503090.0,346.98378286658317,22.93049258500324,-14.854466244081134,33.64970016479492,162.4581756591797
1698921503108.0,346.90978699534674,23.4167877341779,-15.77804925081783,33.64640808105469,163.630126953125
1698921503123.0,346.77640328454015,23.531906975190417,-16.156547460436926,33.64640808105469,163.630126953125
1698921503140.0,346.7024890751924,23.42219997220921,-16.326037274506486,33.64640808105469,163.630126953125
1698921503157.0,346.9123167847607,23.15687192945639,-16.551283028590795,33.64640808105469,163.630126953125
1698921503174.0,347.33422604535434,23.100787358593013,-16.97945359743504,33.64640808105469,163.630126953125
1698921503192.0,347.89799965833123,23.281127091515064,-17.576160135028974,33.64640808105469,163.630126953125
1698921503207.0,348.7019810350454,23.83277375894712,-18.07888422747562,33.64640808105469,163.630126953125
1698921503224.0,349.27765657085416,24.21137279285802,-17.986316778960624,33.644309997558594,162.48133850097656
1698921503242.0,349.8590612814298,24.414866926817037,-17.494771587688344,33.644309997558594,162.48133850097656
1698921503257.0,350.7143796444714,24.35045907751258,-16.441982999225687,33.64353942871094,160.6575469970703
1698921503273.0,351.46582364304584,24.062522916956024,-15.694712981812206,33.6430549621582,159.40370178222656
1698921503290.0,352.39248885471324,23.640081139362174,-15.382541460189705,33.6430549621582,159.40370178222656
1698921503306.0,353.7250228079926,23.218486794360444,-15.739569256946012,33.64249038696289,157.9957275390625
1698921503323.0,354.60366323838514,23.340154297348377,-16.124908428393326,33.64177322387695,156.7559814453125
1698921503340.0,355.4522984299946,23.927481166013784,-16.313377956418368,33.64177322387695,156.7559814453125
1698921503357.0,356.7085461235917,25.135183619524895,-16.356757667802505,33.63671112060547,154.74325561523438
1698921503374.0,357.6906140506182,26.04251477527767,-16.43417511039682,33.62476348876953,153.63919067382812
1698921503391.0,358.95512202436595,26.742026015365305,-16.69759011884472,33.62476348876953,153.63919067382812
1698921503407.0,359.6522530689058,26.807451830790043,-16.788913298139583,33.620460510253906,152.54498291015625
1698921503424.0,359.92029883308305,26.44737858656609,-16.89979028101768,33.620460510253906,152.54498291015625
1698921503440.0,359.67138994974806,25.472843553655856,-16.769698303337087,33.620460510253906,152.54498291015625
1698921503457.0,359.354394579253,24.694594653875654,-16.322762811816176,33.620460510253906,152.54498291015625
1698921503474.0,359.15055812324607,24.18672299074935,-15.629320218279368,33.620460510253906,152.54498291015625
1698921503490.0,359.30536074285686,24.165594359218545,-14.44766497093473,33.620460510253906,152.54498291015625
1698921503507.0,359.7396533972465,24.606124417585416,-13.852118108581942,33.5804328918457,151.30747985839844
1698921503524.0,0.23539933817475706,25.287966985252314,-13.642127905327197,33.5804328918457,151.30747985839844
1698921503540.0,0.7384511741550012,26.24194140276054,-13.769175396596754,33.5383186340332,150.1302490234375
1698921503557.0,0.9561369069903719,26.902324992204385,-13.827798410828853,33.5383186340332,150.1302490234375
1698921503574.0,1.023920738960443,27.612400128703985,-13.590784076978977,33.5383186340332,150.1302490234375
1698921503590.0,1.0075585125941617,28.00775725543723,-13.22384739514851,33.5383186340332,150.1302490234375
1698921503607.0,1.0984523713399772,28.3177575671706,-12.918761399464268,33.5383186340332,150.1302490234375
1698921503623.0,1.3196431370871882,28.580881706595953,-12.94726366153047,33.5383186340332,150.1302490234375
1698921503640.0,1.5345313219043872,28.90662456512619,-13.724053152856625,33.5383186340332,150.1302490234375
1698921503657.0,1.4988246727288084,29.13262670137647,-14.605330921887848,33.5383186340332,150.1302490234375
1698921503674.0,1.3033159650209645,29.10727127502858,-15.483096752476118,33.5383186340332,150.1302490234375
1698921503690.0,1.178702384984818,28.565518881691464,-15.750115310747747,33.5383186340332,150.1302490234375
1698921503707.0,1.1441015701355142,27.532759399160966,-15.668684587294258,33.5383186340332,150.1302490234375
1698921503724.0,1.3486323483528262,25.77464520438007,-15.311539329991074,33.5383186340332,150.1302490234375
1698921503740.0,1.5351195090463114,24.508287657512447,-15.059963466655848,33.5383186340332,150.1302490234375
1698921503757.0,1.4276100800990692,23.456710503510337,-14.871362084141015,33.5383186340332,150.1302490234375
1698921503773.0,0.8293590013751138,22.43363064181715,-14.67621143959865,33.5383186340332,150.1302490234375
1698921503790.0,0.5177272643932823,21.96770705770263,-14.57272230625198,33.5383186340332,150.1302490234375
1698921503807.0,0.5927003528755481,21.796006374535402,-14.577706345771544,33.5383186340332,150.1302490234375
1698921503824.0,1.1274244469201495,21.85638246627428,-14.753682563787283,33.5383186340332,150.1302490234375
1698921503840.0,1.5491990646777871,21.849369078050525,-15.078006075354532,33.51114273071289,149.09817504882812
1698921503857.0,1.575014889338573,21.551752722398078,-15.589960246126857,33.51114273071289,149.09817504882812
1698921503874.0,0.6744662797347141,20.566292160386173,-16.198176861495277,33.51114273071289,149.09817504882812
1698921503890.0,359.3852188175755,19.391405725357075,-16.19603143287409,33.51114273071289,149.09817504882812
1698921503907.0,357.8341683919945,17.984354263030525,-15.614647307843953,33.50397491455078,150.90440368652344
1698921503924.0,355.83674532126065,16.09124694185807,-14.292878053771673,33.50149917602539,152.5697479248047
1698921503940.0,354.72002666272596,14.96245636160506,-13.316685902192322,33.498985290527344,154.01634216308594
1698921503957.0,354.0316340553354,14.224895549414569,-12.662876211233694,33.498985290527344,154.01634216308594
1698921503974.0,353.5932842205405,13.806686017498542,-12.540376341756815,33.494632720947266,155.35630798339844
1698921503990.0,353.4110251322841,13.788115372185455,-12.945469729521541,33.494632720947266,155.35630798339844
1698921504007.0,353.29312286255794,13.868569065332466,-13.594158937200529,33.494632720947266,155.35630798339844
1698921504024.0,353.2499350980482,13.870148083942443,-14.599391094354695,33.494632720947266,155.35630798339844
1698921504040.0,353.33808804023835,13.702127409781863,-15.370645258579248,33.494632720947266,155.35630798339844
1698921504057.0,353.48620631991565,13.46791760165222,-16.09920965855722,33.494632720947266,155.35630798339844
1698921504074.0,353.67413606161875,13.209984000067202,-16.883291502117288,33.494632720947266,155.35630798339844
1698921504090.0,353.71801859074094,13.064248223118206,-17.34515537227993,33.494632720947266,155.35630798339844
1698921504107.0,353.6798496712763,12.97177246360916,-17.757102725167513,33.494632720947266,155.35630798339844
1698921504124.0,353.58161608546914,12.986774948391446,-18.147377938158026,33.494632720947266,155.35630798339844
1698921504140.0,353.5398596029424,13.12967224436769,-18.18419923167303,33.494632720947266,155.35630798339844
1698921504157.0,353.6359566382412,13.395603907374323,-17.870576458928024,33.494632720947266,155.35630798339844
1698921504174.0,354.01879522807263,13.951386121940386,-17.108451525770057,33.494632720947266,155.35630798339844
1698921504190.0,354.3349448986181,14.387855190678623,-16.76280531475635,33.494632720947266,155.35630798339844
1698921504207.0,354.5796369104482,14.593123080509695,-16.85184155855605,33.494632720947266,155.35630798339844
1698921504224.0,355.0165681498647,14.667637723626475,-17.078151901966443,33.494632720947266,155.35630798339844
1698921504240.0,355.71421317973585,14.98835658376918,-17.04582456746673,33.494632720947266,155.35630798339844
1698921504257.0,356.820711380429,15.681103726165688,-16.904405947337253,33.47199249267578,153.40591430664062
1698921504274.0,358.6875309089968,17.112654029775914,-16.525346009230816,33.44418716430664,151.76119995117188
1698921504290.0,0.047697261009310224,18.331877131989362,-16.120364725797756,33.423030853271484,150.07464599609375
1698921504307.0,1.1012330081864812,19.416681621878823,-15.757577763508712,33.423030853271484,150.07464599609375
1698921504324.0,1.8288626745389147,20.391498992034553,-15.470816695286075,33.41324996948242,148.88815307617188
1698921504340.0,1.9863367364415148,20.719945213891148,-15.390589168462824,33.41324996948242,148.88815307617188
1698921504357.0,1.9729714790403095,20.81312100931878,-15.362415949817446,33.41324996948242,148.88815307617188
1698921504374.0,1.924322759195813,20.89509841293575,-15.272977962625717,33.41324996948242,148.88815307617188
1698921504390.0,1.963634498732867,21.088136492394362,-15.119480993619916,33.41324996948242,148.88815307617188
1698921504407.0,2.054494409849881,21.406399468685752,-14.924397421308564,33.41324996948242,148.88815307617188
1698921504423.0,2.0732387575540883,21.99834798012222,-14.654618599849437,33.41324996948242,148.88815307617188
1698921504440.0,1.903642960340485,22.511593089193493,-14.362734399364603,33.41324996948242,148.88815307617188
1698921504457.0,1.6058535872327453,23.03953945499994,-13.948009020093455,33.41324996948242,148.88815307617188
1698921504474.0,1.1739256795382398,23.762490033941013,-13.287643979044791,33.41324996948242,148.88815307617188
1698921504490.0,0.9773539503041482,24.36411144552244,-12.804755967370852,33.41324996948242,148.88815307617188
1698921504507.0,0.952815200691116,25.00559208559039,-12.489160346242503,33.41324996948242,148.88815307617188
1698921504524.0,1.0345903904056135,25.800562142991346,-12.343805112844587,33.41324996948242,148.88815307617188
1698921504540.0,1.0701222341481262,26.30566325668836,-12.358758555370217,33.41324996948242,148.88815307617188
1698921504557.0,0.9637414576466967,26.68678786253748,-12.396306959907099,33.41324996948242,148.88815307617188
1698921504574.0,0.45401254825483917,26.838654027905836,-12.301649512314347,33.41324996948242,148.88815307617188
1698921504590.0,359.8709481663299,26.61885581245892,-12.089041440427016,33.26114273071289,150.50326538085938
1698921504607.0,359.24871085109106,26.090993727412982,-11.851455635409264,33.26114273071289,150.50326538085938
1698921504624.0,358.393233142435,25.076463329803634,-11.53364793027816,33.26114273071289,150.50326538085938
1698921504640.0,357.700555029008,24.304803383538932,-11.263388330816985,33.25705337524414,151.86297607421875
1698921504657.0,356.5750114574795,23.411251514365183,-10.767537179073518,33.25705337524414,151.86297607421875
1698921504675.0,355.4846432990573,22.668562176929722,-10.264176719662357,33.2529411315918,153.76461791992188
1698921504689.0,354.3432489149831,21.767067698796335,-9.666158308528946,33.250877380371094,155.0238494873047
1698921504708.0,353.4638522367087,20.859469977682487,-9.017450910042927,33.250877380371094,155.0238494873047
1698921504724.0,353.1189468786069,20.185336635518286,-8.35337996684185,33.250877380371094,155.0238494873047
1698921504740.0,353.38949085599484,20.329847157360433,-8.246766215685184,33.250877380371094,155.0238494873047
1698921504757.0,354.0306578906877,21.08230700742164,-8.724653492574644,33.250877380371094,155.0238494873047
1698921504774.0,354.39235414905954,21.594048962586832,-9.471949730866413,33.250877380371094,155.0238494873047
1698921504790.0,354.3264176575277,21.572326582460228,-10.418233888155475,33.250877380371094,155.0238494873047
1698921504807.0,353.2363316663816,20.04257264910124,-11.48846910169723,33.250877380371094,155.0238494873047
1698921504824.0,351.8794456154373,17.828569541471897,-11.83683741142586,33.239349365234375,156.30474853515625
1698921504841.0,350.35947371012594,15.275955214438376,-11.89149663925106,33.237735748291016,157.90487670898438
1698921504857.0,348.6022472554017,12.538040990277834,-11.710316890260321,33.23603057861328,159.53640747070312
1698921504873.0,347.8507127073308,11.537798218919416,-11.493933106456552,33.23417282104492,160.65829467773438
1698921504890.0,347.52579333819455,11.442093197850943,-11.432135642478007,33.23417282104492,160.65829467773438
1698921504907.0,347.3561326549895,11.930016557602842,-11.741379127802778,33.23417282104492,160.65829467773438
1698921504923.0,347.05770928720676,12.667398860934414,-12.565428844602947,33.23417282104492,160.65829467773438
1698921504939.0,346.73784447254195,12.814406426804975,-13.228396009825298,33.22850036621094,161.9828338623047
1698921504957.0,346.31445422259935,12.442239459404426,-14.028382175933398,33.22850036621094,161.9828338623047
1698921504974.0,346.151778284515,12.027068951147394,-14.612378683004097,33.22850036621094,161.9828338623047
1698921504991.0,346.32057259811825,11.649399631939067,-15.493112746122257,33.22850036621094,161.9828338623047
1698921505007.0,346.74981234941265,11.639394562365236,-16.232486580556323,33.22850036621094,161.9828338623047
1698921505024.0,347.3881055982148,11.930899955025238,-16.95797885880066,33.22850036621094,161.9828338623047
1698921505040.0,348.3935455784727,12.714041821961336,-17.80724800419103,33.22850036621094,161.9828338623047
1698921505056.0,349.0884871940685,13.326322208153574,-18.289691435923675,33.22014236450195,160.92251586914062
1698921505074.0,349.67807523228436,13.742580960101822,-18.54868289847301,33.22014236450195,160.92251586914062
1698921505090.0,350.4772770532251,14.135265213741134,-18.37963390548786,33.217247009277344,159.54115295410156
1698921505107.0,351.296871464559,14.49975348414171,-18.018206554089087,33.217247009277344,159.54115295410156
1698921505124.0,352.3540764239865,14.844565978725168,-17.696948319828635,33.21559143066406,158.5185089111328
1698921505140.0,353.949519699155,15.279558049464876,-17.508286013543618,33.213741302490234,157.0911407470703
1698921505157.0,355.17853213799094,15.788947165401844,-17.538297476639624,33.21159744262695,155.53683471679688
1698921505174.0,356.45552792671765,16.549398246488956,-17.676108096930168,33.2089729309082,154.01943969726562
1698921505191.0,358.1854984967645,17.824332496263313,-17.8483139473892,33.20560073852539,152.50601196289062
1698921505207.0,359.37741713293366,18.88193731123769,-17.85545834691965,33.20560073852539,152.50601196289062
1698921505224.0,0.35737094213376386,19.85903077572515,-17.80055502278947,33.201194763183594,151.11964416503906
1698921505240.0,1.0829642596047595,20.54062892014303,-17.82740104280533,33.19589614868164,150.07037353515625
1698921505257.0,1.0066917413717615,20.461341660356204,-17.878336372903778,33.19589614868164,150.07037353515625
1698921505274.0,0.5371333944247079,20.137096183246836,-17.78086972677401,33.19589614868164,150.07037353515625
1698921505290.0,359.81408837441995,19.845497826639626,-17.33532443175093,33.19589614868164,150.07037353515625
1698921505307.0,359.46931735438204,19.96634241853834,-16.76104112094235,33.19589614868164,150.07037353515625
1698921505324.0,359.37370266712196,20.399767709907138,-16.089153903625114,33.19589614868164,150.07037353515625
1698921505340.0,359.5438102903543,21.339376281448647,-15.338094864768523,33.19589614868164,150.07037353515625
1698921505357.0,359.75079322660315,22.14584294440277,-15.028928531326756,33.19589614868164,150.07037353515625
1698921505374.0,359.88602681295873,22.909800001061818,-14.809692305483399,33.19589614868164,150.07037353515625
1698921505390.0,359.93670447475023,23.83504609253809,-14.510470727543094,33.19589614868164,150.07037353515625
1698921505407.0,359.9585144755754,24.5552567944112,-14.3569643668693,33.19589614868164,150.07037353515625
1698921505424.0,0.04929897598993543,25.31533242911056,-14.368599611370803,33.19589614868164,150.07037353515625
1698921505440.0,0.23608837014564085,26.23875527383547,-14.573550329224604,33.19589614868164,150.07037353515625
1698921505457.0,0.27465191355537205,26.71125220352368,-14.780087417163893,33.19589614868164,150.07037353515625
1698921505474.0,0.11935778950828693,26.92871847235232,-15.015525862913211,33.19589614868164,150.07037353515625
1698921505490.0,359.63703527726744,26.831035666385084,-15.3620396882484,33.14182662963867,151.39431762695312
1698921505507.0,359.14128839146997,26.484315171059713,-15.701707391139198,33.14182662963867,151.39431762695312
1698921505523.0,358.5788151969102,25.956950509067354,-16.08717940895152,33.14182662963867,151.39431762695312
1698921505540.0,357.84143093989763,25.174048086598457,-16.55468043064171,33.13858413696289,152.8480987548828
1698921505557.0,357.33182199439835,24.662462776755603,-16.838705089284048,33.13858413696289,152.8480987548828
1698921505574.0,356.70917053517115,24.101866820964787,-17.06894842003177,33.13519287109375,154.2541961669922
1698921505591.0,355.65201196206425,23.18245776693761,-17.071037634228126,33.13519287109375,154.2541961669922
1698921505607.0,354.93608828859993,22.556932366929892,-16.86072145153011,33.131587982177734,155.95431518554688
1698921505624.0,354.56506303729594,22.198086919245707,-16.69922237503892,33.131587982177734,155.95431518554688
1698921505640.0,354.60224397207503,22.197549392859344,-16.923646653366475,33.131587982177734,155.95431518554688
1698921505657.0,354.740992826628,22.218979825497318,-17.474839736167702,33.131587982177734,155.95431518554688
1698921505674.0,354.6091836551509,21.85629959895465,-18.130558475114256,33.131587982177734,155.95431518554688
1698921505690.0,353.72720243832487,20.552119739009186,-18.649634792363038,33.131587982177734,155.95431518554688
1698921505709.0,352.68985334881717,19.190122404519162,-18.570927452533518,33.12223815917969,157.9809112548828
1698921505725.0,351.59138611118135,17.86139115750335,-18.18128861950477,33.12223815917969,157.9809112548828
1698921505740.0,350.484418667048,16.576354736851698,-17.473096601751255,33.1202507019043,159.0365447998047
1698921505757.0,350.1231913582679,16.113088161514543,-17.038058468599413,33.1202507019043,159.0365447998047
1698921505773.0,350.08947571328883,16.03430415331736,-16.891500272449278,33.1202507019043,159.0365447998047
1698921505791.0,350.2196055577378,16.270196440043232,-17.189163539243474,33.1202507019043,159.0365447998047
1698921505807.0,350.30960980909526,16.55454080499556,-17.559920693946193,33.1202507019043,159.0365447998047
1698921505824.0,350.46988840201107,16.886468943926268,-17.93622133197639,33.1202507019043,159.0365447998047
1698921505840.0,350.92620756556073,17.375992659506263,-18.36979236351216,33.1202507019043,159.0365447998047
1698921505857.0,351.43523187320307,17.83517419717523,-18.602060337711855,33.1202507019043,159.0365447998047
1698921505874.0,352.02768316993684,18.339957173622423,-18.746385651188568,33.1202507019043,159.0365447998047
1698921505890.0,352.75437485491165,18.823181617800234,-18.957559295192386,33.1202507019043,159.0365447998047
1698921505907.0,353.1302631877417,18.900242702613095,-19.302443421300527,33.105106353759766,157.61688232421875
1698921505924.0,353.3929219230366,18.838329034853558,-19.73665315277825,33.105106353759766,157.61688232421875
1698921505940.0,353.66082156625157,18.93016784629382,-20.13815513334404,33.105106353759766,157.61688232421875
1698921505957.0,353.90948588149547,19.265930761659693,-20.148855200215255,33.105106353759766,157.61688232421875
1698921505974.0,354.343449647547,19.826312410038422,-19.648850191740383,33.105106353759766,157.61688232421875
1698921505990.0,354.6766972094158,20.16651568566162,-19.01866376114288,33.098876953125,156.37254333496094
1698921506007.0,354.9928834257419,20.28910567224779,-18.50009970671289,33.098876953125,156.37254333496094
1698921506024.0,355.4229463383469,20.262677314045966,-18.038516317429607,33.098876953125,156.37254333496094
1698921506040.0,355.9015714159992,20.438467215566497,-17.80022774733221,33.094581604003906,155.33084106445312
1698921506057.0,356.6850823620389,20.95218362300528,-17.662932177534742,33.094581604003906,155.33084106445312
1698921506074.0,358.2381266860113,22.074725488742217,-17.68542620064457,33.08881378173828,153.46937561035156
1698921506090.0,359.5788287231411,23.063808449826688,-17.830561479064876,33.08513641357422,151.97767639160156
1698921506107.0,0.8842137353256443,24.020558102859393,-18.005070745671386,33.081024169921875,150.48109436035156
1698921506124.0,2.3544082022629005,25.024040704509005,-18.235623493720592,33.081024169921875,150.48109436035156
1698921506140.0,3.182360625458098,25.448162788791322,-18.40100281036106,33.0767936706543,149.22958374023438
1698921506157.0,3.7990368430299513,25.585885483613005,-18.456891688711508,33.0767936706543,149.22958374023438
1698921506174.0,4.5102162174934675,25.635023850524743,-18.306434997022187,33.06863784790039,147.5729522705078
1698921506190.0,5.188945056187672,25.865994347741044,-18.08366018090997,33.06863784790039,147.5729522705078
1698921506207.0,6.085112933421093,26.40013212369851,-17.866379906173012,33.0609130859375,145.6422119140625
1698921506223.0,7.411190789424881,27.435555416283776,-17.694654264401695,33.0609130859375,145.6422119140625
1698921506240.0,8.28975040608834,28.25525161401467,-17.524397853860762,33.05758285522461,144.445068359375
1698921506257.0,9.18208594848203,29.251059547669776,-17.088040881259815,33.054718017578125,143.42578125
1698921506274.0,9.662353123374416,29.862144115433395,-16.616193695147707,33.054718017578125,143.42578125
1698921506290.0,10.035454977017864,30.351637764435132,-16.074179788174877,33.05014419555664,141.99899291992188
1698921506307.0,10.473231876337199,30.924641463068586,-15.403557813824232,33.05014419555664,141.99899291992188
1698921506323.0,10.811446428322887,31.386918456725315,-15.035882219581794,33.05014419555664,141.99899291992188
1698921506341.0,11.159833802884984,31.84681998236481,-14.927518016092499,33.04660415649414,140.9398956298828
1698921506357.0,11.474956358075438,32.3438782779215,-15.197349761259654,33.04660415649414,140.9398956298828
1698921506374.0,11.430523242213189,32.47542119024928,-15.459318395226834,33.04660415649414,140.9398956298828
1698921506390.0,11.107408647276415,32.23588043836708,-15.562483014118047,33.04660415649414,140.9398956298828
1698921506407.0,10.356262079541022,31.32210105419843,-15.538822011864326,33.04660415649414,140.9398956298828
1698921506423.0,9.701259876160476,30.455276101086028,-15.404652299143835,33.04660415649414,140.9398956298828
1698921506440.0,9.03348638191005,29.647625689309383,-15.17410974074059,33.03955841064453,142.01995849609375
1698921506457.0,7.98188135558735,28.585587526986696,-14.650524735448538,33.03955841064453,142.01995849609375
1698921506474.0,6.996111111528504,27.698853432504166,-13.947718686892223,33.03675079345703,143.4971160888672
1698921506490.0,6.0443468034953245,26.8269346395222,-13.015709496182302,33.03675079345703,143.4971160888672
1698921506507.0,5.2795032217950775,26.112200288396547,-11.869780204901677,33.033729553222656,144.92129516601562
1698921506523.0,4.9532704887092285,26.029427356994482,-11.366552155128886,33.033729553222656,144.92129516601562
1698921506540.0,4.481551821016292,26.106627329825624,-11.149207154490432,33.033729553222656,144.92129516601562
1698921506556.0,3.182397481165901,25.714406215032877,-10.938085698780625,33.033729553222656,144.92129516601562
1698921506574.0,1.703309572152222,24.65959686063741,-10.525939202042437,33.02892303466797,147.2305908203125
1698921506590.0,0.05534172179313268,23.058106291080954,-9.901884937228486,33.02732467651367,149.02182006835938
1698921506607.0,358.0714213350097,20.705491984040194,-8.92476908138286,33.025718688964844,150.71450805664062
1698921506624.0,357.0115212917804,19.093056254794867,-8.141845476420391,33.025718688964844,150.71450805664062
1698921506640.0,356.48741069921266,17.655792936676157,-7.415932379289444,33.02414321899414,151.86434936523438
1698921506657.0,356.45531547547904,16.10801721688752,-6.79872576204003,33.02414321899414,151.86434936523438
1698921506674.0,356.5889404943074,15.304183105117026,-6.707376802770577,33.02414321899414,151.86434936523438
1698921506690.0,356.7386664611031,14.913565714435796,-7.088381891843843,33.02414321899414,151.86434936523438
1698921506707.0,356.8852419011318,14.847487894290854,-7.890939385063488,33.02414321899414,151.86434936523438
1698921506724.0,357.1768889325647,14.788844385389298,-8.310260538578861,33.02414321899414,151.86434936523438
1698921506740.0,357.68634105207644,14.52197492979619,-8.07482309610936,33.02414321899414,151.86434936523438
1698921506757.0,358.6371722788359,13.687790387796321,-6.616862161635151,33.01646041870117,150.58995056152344
1698921506774.0,359.4071877304361,12.811209451123823,-5.074701318476137,33.01537322998047,149.32582092285156
1698921506790.0,0.0651100141419151,11.98831134854351,-3.693045698463254,33.0142936706543,148.07960510253906
1698921506807.0,0.6633049086973699,11.53726277545807,-2.6742675591291523,33.0142936706543,148.07960510253906
1698921506824.0,1.025234117963989,11.876687174151037,-2.7077282709749935,33.012088775634766,146.76077270507812
1698921506840.0,1.4577623879175858,12.597957413303565,-3.396852100375858,33.012088775634766,146.76077270507812
1698921506857.0,2.077589841755698,13.561414057299206,-4.860604419708779,33.012088775634766,146.76077270507812
1698921506874.0,2.3772677601783805,14.05114779693582,-5.752055032818063,33.012088775634766,146.76077270507812
1698921506890.0,2.5912869153708646,14.481168621634424,-6.307108733075256,33.012088775634766,146.76077270507812
1698921506907.0,2.933890796012907,14.886256102789238,-6.701094079488758,33.007564544677734,145.52359008789062
1698921506924.0,3.1408152193493746,14.878392126713313,-6.44872278610561,33.007564544677734,145.52359008789062
1698921506940.0,3.1352025579218186,14.706297874429762,-5.654052821318776,33.007564544677734,145.52359008789062
1698921506957.0,2.7731940363707426,14.685508619238563,-4.246223954789699,33.007564544677734,145.52359008789062
1698921506974.0,2.438475956857085,14.967843229223751,-3.4868052332402293,33.007564544677734,145.52359008789062
1698921506990.0,2.1673879294192866,15.414679963352857,-3.20199383806751,33.007564544677734,145.52359008789062
1698921507007.0,1.9570396659654912,15.928011873690352,-3.4677882510214464,33.007564544677734,145.52359008789062
1698921507024.0,1.9865913464859934,16.137529594549598,-3.96903705021116,33.007564544677734,145.52359008789062
1698921507041.0,2.226769438938911,16.160435439758945,-4.546883640538947,33.007564544677734,145.52359008789062
1698921507057.0,2.645078299243186,16.075970586747815,-5.196305565473882,33.007564544677734,145.52359008789062
1698921507074.0,2.707388200999384,16.272653144213702,-5.780283622396646,33.007564544677734,145.52359008789062
1698921507090.0,2.5914829359725395,16.52669096864157,-6.324935413481953,33.007564544677734,145.52359008789062
1698921507108.0,2.0927534103256553,15.38477344493959,-5.800547876122674,33.007564544677734,145.52359008789062
1698921507123.0,1.6289238631404235,13.612796277000271,-4.837639915857895,33.007564544677734,145.52359008789062
1698921507140.0,1.1882408123807338,12.078454504989313,-3.9345025790052257,33.007564544677734,145.52359008789062
1698921507157.0,0.4365804730868906,11.360650197559805,-3.232986132948756,32.9714241027832,146.85157775878906
1698921507174.0,359.58093042589724,11.826180014473879,-3.199586865519296,32.9714241027832,146.85157775878906
1698921507191.0,358.529904350374,12.855086320071356,-3.2600087279598897,32.966548919677734,148.9710235595703
1698921507207.0,357.2490571491859,14.831740295667117,-2.9944002299638104,32.964786529541016,150.3603973388672
1698921507223.0,356.5798320317878,16.54471878309061,-2.4287122519936775,32.964786529541016,150.3603973388672
1698921507241.0,356.23611896666534,18.117680794093857,-1.96588682990478,32.964786529541016,150.3603973388672
1698921507257.0,356.28587906058294,19.353835188998023,-2.073366882266302,32.96200180053711,151.62110900878906
1698921507273.0,356.66641486344906,19.56528395776194,-2.0890644786531034,32.96200180053711,151.62110900878906
1698921507290.0,357.50655599025225,19.261087365830388,-1.4761877676197321,32.96200180053711,151.62110900878906
1698921507307.0,358.1779579211543,18.82460846616744,-1.0493961782971852,32.958560943603516,149.7345733642578
1698921507324.0,358.6878361560365,18.366990910134373,-0.8358087450251042,32.958560943603516,149.7345733642578
1698921507341.0,358.9628899422296,18.00512195590453,-0.8451947132180293,32.958560943603516,149.7345733642578
1698921507357.0,358.79510441526895,18.002005684427143,-0.932640810235073,32.956607818603516,148.67529296875
1698921507373.0,358.36070974115324,18.069016091716442,-0.8775986320737871,32.956607818603516,148.67529296875
1698921507390.0,357.750863956695,17.86535742984729,-0.5843051762547077,32.956607818603516,148.67529296875
1698921507407.0,357.4468393774389,17.41899179131405,-0.16049242336877564,32.95380401611328,150.01962280273438
1698921507423.0,357.23711904914705,16.893210772471324,0.41154335173162127,32.95380401611328,150.01962280273438
1698921507440.0,356.9650894158867,16.398623432436075,1.3977086321097636,32.95380401611328,150.01962280273438
1698921507457.0,356.6718665916269,16.224216823790286,2.2298954170482426,32.95380401611328,150.01962280273438
1698921507474.0,356.23076583083815,16.05527142624905,3.059575706808934,32.95380401611328,150.01962280273438
1698921507490.0,355.4415763969584,15.562287508870972,4.092010225692575,32.949527740478516,151.1524200439453
1698921507506.0,354.8968571785349,14.965560298539783,4.742180615492905,32.949527740478516,151.1524200439453
1698921507524.0,354.427664684511,14.166899643823367,5.381038691685757,32.94679641723633,152.321044921875
1698921507540.0,354.18118039742274,13.78408459786612,5.625073210395154,32.94679641723633,152.321044921875
1698921507557.0,353.88727988318277,13.678382981738364,5.661729028743619,32.94679641723633,152.321044921875
1698921507574.0,353.3427366167834,13.80113042783876,5.529612419304658,32.94679641723633,152.321044921875
1698921507590.0,352.93650035671504,13.895369747230218,5.410351948981255,32.94218063354492,153.63656616210938
1698921507607.0,352.5751027415496,13.859761315115326,5.344750867169412,32.94218063354492,153.63656616210938
1698921507624.0,352.18597616623333,13.560840234997759,5.511908119943774,32.94218063354492,153.63656616210938
1698921507640.0,352.02935292931716,13.281935088845797,5.750459168742607,32.94218063354492,153.63656616210938
1698921507657.0,352.0059280940183,13.166953580773908,5.927779825878471,32.93740463256836,154.80482482910156
1698921507674.0,352.10527808490457,13.376043708786739,5.958677136138723,32.93740463256836,154.80482482910156
1698921507690.0,352.18552084462004,13.68123555877571,5.8476322623949955,32.93740463256836,154.80482482910156
1698921507707.0,352.2051403790399,13.941344235752958,5.657397410710436,32.93740463256836,154.80482482910156
1698921507724.0,352.1178128655422,14.128617826967504,5.382508141224345,32.93740463256836,154.80482482910156
1698921507740.0,352.005060170416,14.234341509705677,5.242123733018476,32.93740463256836,154.80482482910156
1698921507757.0,351.91606284034316,14.398800485734562,5.121041462025967,32.93740463256836,154.80482482910156
1698921507773.0,351.88597337246296,14.712887184959706,4.9070085195938375,32.93740463256836,154.80482482910156
1698921507790.0,351.888939147184,14.90141572821609,4.6679911927568565,32.93740463256836,154.80482482910156
1698921507807.0,351.8927302196634,14.983015056024259,4.376605941457315,32.93740463256836,154.80482482910156
1698921507823.0,351.9380183752402,15.025331302352152,4.028794332850273,32.93740463256836,154.80482482910156
1698921507840.0,352.0558151137697,15.113034859744454,3.8295425185509044,32.93740463256836,154.80482482910156
1698921507857.0,352.22325129228074,15.275435945199174,3.5953239535944865,32.93740463256836,154.80482482910156
1698921507874.0,352.4136424691836,15.5499708060746,3.2672703524200477,32.93740463256836,154.80482482910156
1698921507890.0,352.55735123075124,15.80432464189201,3.0153200755030296,32.93740463256836,154.80482482910156
1698921507907.0,352.7982595567956,16.13982020322072,2.725415832417627,32.93740463256836,154.80482482910156
1698921507923.0,353.2884083500337,16.726715976888343,2.373467890012688,32.93740463256836,154.80482482910156
1698921507940.0,353.72202134753707,17.196964262907493,2.2788733686857676,32.93740463256836,154.80482482910156
1698921507957.0,354.06616847868406,17.511612392817078,2.259668839339068,32.922142028808594,153.43759155273438
1698921507974.0,354.2844178133077,17.42183832155742,2.1016212601228474,32.922142028808594,153.43759155273438
1698921507990.0,354.3076294638792,17.048606497826626,1.8884176135859776,32.922142028808594,153.43759155273438
1698921508006.0,354.32754379661833,16.675348742541516,1.854773933099364,32.922142028808594,153.43759155273438
1698921508024.0,354.6292538144337,16.420414348854383,2.119027902277185,32.922142028808594,153.43759155273438
1698921508041.0,355.1134796449266,16.368236962336432,2.3362157208831476,32.922142028808594,153.43759155273438
1698921508057.0,355.6660906077013,16.377462268577933,2.415180743092188,32.91813278198242,152.05471801757812
1698921508074.0,356.29732351806257,16.505882424784076,2.350007718748391,32.91813278198242,152.05471801757812
1698921508091.0,356.6732386125002,16.66984304363021,2.2639896151912215,32.91615676879883,150.73858642578125
1698921508107.0,357.02292496879784,16.857262339860462,2.252912754405267,32.91615676879883,150.73858642578125
1698921508123.0,357.45935713845495,17.05173789601075,2.4101644880492685,32.91615676879883,150.73858642578125
1698921508140.0,357.780113221653,17.078831509219718,2.6296825627307916,32.91615676879883,150.73858642578125
1698921508156.0,358.1273237806026,17.006056436125895,2.770464166368772,32.912879943847656,149.3291778564453
1698921508173.0,358.6218672533418,16.913435746388437,2.73332318661511,32.912879943847656,149.3291778564453
1698921508189.0,358.97254693609585,16.969042729757817,2.653225089407629,32.912879943847656,149.3291778564453
1698921508207.0,359.2049898841035,17.07457721497057,2.602226594257397,32.90962219238281,147.96327209472656
1698921508223.0,359.17479690717647,17.09098416736268,2.663819066899272,32.90962219238281,147.96327209472656
1698921508240.0,359.02460794591354,17.03211929297012,2.830511792927053,32.90962219238281,147.96327209472656
1698921508257.0,358.9459187279278,17.023081323853035,3.0501254000397005,32.90962219238281,147.96327209472656
1698921508274.0,359.02638715467555,17.188903969650628,3.300835509876869,25.88426971435547,160.67770385742188
1698921508290.0,359.1920671916915,17.43727198782529,3.4225300105224603,21.555179595947266,164.3756561279297
1698921508307.0,359.3879289763944,17.730109725631582,3.4696415341169007,21.555179595947266,164.3756561279297
1698921508323.0,359.54768881639967,18.056611870344334,3.374045193941036,18.68491554260254,165.5068359375
1698921508340.0,359.49766414101157,18.2097345802299,3.1680072468866967,18.68491554260254,165.5068359375
1698921508357.0,359.3019796313396,18.332587128270905,2.845063414634987,18.68491554260254,165.5068359375
1698921508373.0,358.9391846254502,18.570273989349765,2.3405299296585023,18.68491554260254,165.5068359375
1698921508390.0,358.68503537970037,18.804266431962613,2.02049388943325,17.044511795043945,166.95040893554688
1698921508407.0,358.50878205067136,19.0556377971637,1.746320081760926,17.044511795043945,166.95040893554688
1698921508423.0,358.3811466523946,19.406549820485775,1.3304457213513876,17.044511795043945,166.95040893554688
1698921508440.0,358.27658017247575,19.684588693605388,0.9594099209403127,16.22608757019043,167.96414184570312
1698921508457.0,358.0828239189418,19.8656393711812,0.5644964665067922,16.22608757019043,167.96414184570312
1698921508474.0,357.6844066884834,19.80598611255887,-0.015659482762460958,16.22608757019043,167.96414184570312
1698921508491.0,357.31401848817814,19.65932187455716,-0.31524753403416067,16.22608757019043,167.96414184570312
1698921508507.0,356.8738437541224,19.50046181268936,-0.34732123617388705,15.71435260772705,169.5255889892578
1698921508523.0,356.3623760301434,19.2651138754381,-0.09775297805772817,15.71435260772705,169.5255889892578
1698921508540.0,356.16035297185664,19.1421000843001,0.12054911604741711,15.71435260772705,169.5255889892578
1698921508557.0,355.94745713637775,19.123271779679943,0.24785818189649025,15.71435260772705,169.5255889892578
1698921508574.0,355.75322963063815,19.154652055085283,0.1436713720830829,15.71435260772705,169.5255889892578
1698921508590.0,355.54304302462145,19.11494111260699,-0.07302929047710749,15.258538246154785,170.76393127441406
1698921508607.0,355.24206596138333,18.929340783093757,-0.28978563233025845,15.258538246154785,170.76393127441406
1698921508624.0,355.02959610664004,18.81264262716242,-0.19031961107280182,15.258538246154785,170.76393127441406
1698921508641.0,354.81084467560083,18.78575073118112,0.15112099158886141,15.258538246154785,170.76393127441406
1698921508657.0,354.3359716105145,18.7447823372594,0.6915603239745994,15.258538246154785,170.76393127441406
1698921508674.0,353.7996245345186,18.57707170692394,0.9417310438907239,14.941620826721191,171.96836853027344
1698921508691.0,353.2046388499904,18.32486020331786,0.9873755820272713,14.941620826721191,171.96836853027344
1698921508706.0,352.67639716135676,18.11606055506162,0.8907351573135482,14.815526008605957,173.38563537597656
1698921508723.0,352.20264111660504,18.087577251806877,0.6978396656880456,14.815526008605957,173.38563537597656
1698921508740.0,351.9802405821562,18.215037827685784,0.5197951474888435,14.815526008605957,173.38563537597656
1698921508757.0,351.6986006273451,18.403585701558153,0.28921481890944056,14.815526008605957,173.38563537597656
1698921508773.0,351.4368612786229,18.49098165678534,0.20036465296608014,14.654730796813965,174.56524658203125
1698921508790.0,351.1481077849823,18.497432196128266,0.16058782482667192,14.654730796813965,174.56524658203125
1698921508807.0,350.7739179603278,18.353506901779472,0.11990252152653688,14.654730796813965,174.56524658203125
1698921508823.0,350.5182813905314,18.164363904520926,0.09355890486209291,14.519889831542969,175.59603881835938
1698921508840.0,350.2911750556271,17.976327424723777,0.04969825686134149,14.519889831542969,175.59603881835938
1698921508857.0,350.0304304929788,17.771186185013722,-0.036861086550538436,14.519889831542969,175.59603881835938
1698921508874.0,349.8521827900841,17.639970380119006,-0.08539994916723254,14.519889831542969,175.59603881835938
1698921508889.0,349.6905150733797,17.517571260654666,-0.14037840580752176,14.519889831542969,175.59603881835938
1698921508907.0,349.4864091609881,17.357895442029626,-0.24881010284500513,14.519889831542969,175.59603881835938
1698921508924.0,349.36257728841224,17.252213590565418,-0.2978716795322942,14.336687088012695,176.70289611816406
1698921508940.0,349.29576030464494,17.130643034731655,-0.26617275169182913,14.336687088012695,176.70289611816406
1698921508957.0,349.29158626822186,17.03844771497467,-0.18498074461504646,14.336687088012695,176.70289611816406
1698921508974.0,349.30081585542604,16.91936432007721,-0.08021008243580612,14.336687088012695,176.70289611816406
1698921508990.0,349.32758296947065,16.74983742432898,0.055236835742248115,14.336687088012695,176.70289611816406
1698921509007.0,349.3271517451182,16.578921839320348,0.19273799569033215,14.336687088012695,176.70289611816406
1698921509024.0,349.2798200102446,16.335805248732676,0.42049671753020695,14.336687088012695,176.70289611816406
1698921509040.0,349.1998107980331,15.944676873784893,0.7583675553723239,14.336687088012695,176.70289611816406
1698921509056.0,349.15083594606847,15.704651320547907,0.9813191968404268,14.336687088012695,176.70289611816406
1698921509074.0,349.09401431288194,15.565533171240286,1.2186830800480015,14.336687088012695,176.70289611816406
1698921509090.0,349.01981928331327,15.50880679437258,1.5899354653347644,14.336687088012695,176.70289611816406
1698921509107.0,349.0405332021846,15.507498550641676,1.8589754423384737,14.336687088012695,176.70289611816406
1698921509124.0,349.14793312523165,15.499467652841988,2.1058953289276334,14.336687088012695,176.70289611816406
1698921509140.0,349.36326337169857,15.477093948588156,2.5471663963578135,14.336687088012695,176.70289611816406
1698921509157.0,349.5837497642072,15.461237159737884,2.991700729200831,14.336687088012695,176.70289611816406
1698921509173.0,349.89066947341627,15.475224492910561,3.493745292753506,14.027310371398926,175.6332550048828
1698921509190.0,350.49881749139644,15.648091255970591,4.1986173061044045,14.027310371398926,175.6332550048828
1698921509207.0,351.16332869572597,15.964389021933803,4.875165855389905,13.987613677978516,174.23880004882812
1698921509224.0,351.93367357301327,16.636269277691905,5.31852290973267,13.968701362609863,173.0919952392578
1698921509274.0,353.6250820446855,17.19636220100752,5.533740243076006,13.95036792755127,171.97622680664062
1698921509290.0,353.74974444609893,16.60652049105012,5.829447003890401,13.915325164794922,170.8782958984375
1698921509307.0,353.7425555347238,16.27061102831705,5.996805269339276,13.915325164794922,170.8782958984375
1698921509323.0,353.69247589795197,16.07465278681368,6.083380339129941,13.915325164794922,170.8782958984375
1698921509339.0,353.5471315673329,16.025150354660216,6.199602332731423,13.915325164794922,170.8782958984375
1698921509356.0,353.386069517947,16.149983702212815,6.296571170064154,13.915325164794922,170.8782958984375
1698921509374.0,353.2644009033783,16.33714899005861,6.317175100806001,13.915325164794922,170.8782958984375
1698921509396.0,353.09815460432577,16.776054665315915,5.895917254519766,13.915325164794922,170.8782958984375
