31487,1698925095008,1,32,-1016,57,35,55,-81,-3130,5682,1579,1432,1695,2242,2224
31488,1698925095016,1,32,-1017,61,36,54,-81,-3129,5683,1581,1442,1696,2243,2224
31489,1698925095030,1,32,-1017,60,37,55,-81,-3130,5682,1582,1436,1695,2242,2224
31490,1698925095053,1,32,-1018,58,36,55,-81,-3130,5682,1579,1431,1700,2244,2223
31491,1698925095090,0,32,-1019,59,37,57,-81,-3130,5682,1586,1433,1697,2244,2224
31492,1698925095092,1,32,-1019,62,33,58,-81,-3130,5683,1585,1431,1694,2243,2224
31493,1698925095113,0,32,-1019,56,32,56,-82,-3130,5684,1587,1429,1696,2245,2224
31494,1698925095136,-11,33,-1019,57,35,55,-82,-3130,5684,1590,1440,1700,2246,2224
31495,1698925095150,-8,33,-1020,57,32,55,-82,-3130,5684,1589,1438,1699,2247,2224
31496,1698925095172,-6,32,-1018,55,32,55,-81,-3130,5682,1591,1435,1696,2248,2224
31497,1698925095202,-5,32,-1019,57,34,54,-80,-3130,5681,1591,1433,1701,2248,2224
31498,1698925095217,-4,32,-1019,55,36,52,-80,-3130,5678,1591,1437,1702,2248,2224
31499,1698925095240,-16,32,-1020,55,36,54,-80,-3130,5677,1595,1437,1700,2248,2224
31500,1698925095255,-12,32,-1019,56,35,54,-80,-3130,5677,1599,1438,1703,2248,2224
31501,1698925095277,-10,32,-1020,58,36,55,-80,-3129,5678,1599,1436,1707,2248,2226
31502,1698925095292,-8,32,-1019,59,39,55,-81,-3130,5680,1599,1448,1711,2248,2226
31503,1698925095330,-6,32,-1020,56,36,55,-80,-3130,5681,1592,1437,1710,2248,2225
31504,1698925095331,-4,33,-1020,54,37,54,-79,-3131,5681,1593,1438,1712,2248,2225
31505,1698925095360,-2,33,-1019,56,35,54,-80,-3131,5681,1594,1434,1711,2248,2227
31506,1698925095376,-1,33,-1020,57,35,56,-82,-3131,5682,1594,1444,1714,2249,2226
31507,1698925095397,-14,33,-1019,59,35,54,-83,-3131,5682,1590,1450,1714,2249,2227
31508,1698925095435,-10,33,-1019,60,35,54,-82,-3130,5684,1594,1457,1716,2248,2227
31509,1698925095450,-8,33,-1019,59,37,54,-81,-3130,5685,1595,1453,1713,2248,2227
31510,1698925095479,-5,33,-1019,60,39,53,-80,-3130,5686,1594,1460,1716,2249,2228
31511,1698925095487,-3,32,-1020,61,37,55,-80,-3130,5686,1592,1457,1715,2249,2227
31512,1698925095495,-3,32,-1020,58,37,56,-81,-3130,5686,1593,1462,1715,2250,2228
31513,1698925095518,-2,32,-1020,59,37,58,-81,-3130,5685,1598,1454,1722,2251,2229
31514,1698925095540,-2,32,-1021,58,35,56,-81,-3130,5685,1597,1454,1714,2249,2229
31515,1698925095555,0,32,-1020,57,34,59,-81,-3130,5685,1594,1457,1714,2250,2230
31516,1698925095570,0,31,-1019,58,34,62,-81,-3131,5684,1596,1458,1713,2250,2230
31517,1698925095607,-1,31,-1019,59,34,57,-82,-3131,5684,1590,1464,1715,2249,2230
31518,1698925095615,-1,31,-1019,58,33,56,-82,-3130,5684,1593,1462,1712,2249,2228
31519,1698925095638,-1,31,-1019,59,35,55,-82,-3131,5686,1596,1467,1707,2250,2229
31520,1698925095659,0,31,-1020,55,36,55,-82,-3131,5688,1593,1469,1711,2250,2228
31521,1698925095675,0,31,-1019,56,33,53,-83,-3132,5689,1595,1465,1712,2251,2228
31522,1698925095712,0,32,-1021,55,35,52,-83,-3131,5689,1593,1466,1715,2251,2228
31523,1698925095713,0,32,-1020,58,36,54,-84,-3131,5689,1597,1467,1711,2250,2229
31524,1698925095757,0,32,-1020,59,36,54,-84,-3131,5690,1604,1469,1709,2250,2229
31525,1698925095773,0,33,-1021,59,37,54,-83,-3130,5690,1599,1466,1713,2251,2228
31526,1698925095774,0,33,-1019,57,36,56,-83,-3130,5691,1600,1468,1715,2249,2229
31527,1698925095817,0,33,-1020,57,36,56,-82,-3130,5690,1607,1473,1718,2250,2228
31528,1698925095819,0,33,-1020,56,36,55,-81,-3129,5690,1604,1477,1718,2250,2229
31529,1698925095840,0,33,-1020,55,35,54,-82,-3129,5689,1604,1478,1712,2250,2228
31530,1698925095885,0,34,-1020,57,36,55,-83,-3128,5688,1602,1475,1715,2249,2228
31531,1698925095886,1,34,-1020,57,37,52,-83,-3128,5688,1599,1476,1712,2252,2228
31532,1698925095900,1,33,-1019,54,35,54,-83,-3129,5688,1601,1470,1714,2249,2227
31533,1698925095938,-11,34,-1019,57,34,53,-82,-3129,5688,1603,1467,1713,2249,2228
31534,1698925095944,-8,34,-1019,55,37,54,-82,-3130,5688,1605,1471,1717,2250,2228
31535,1698925095960,-6,33,-1020,56,36,55,-83,-3129,5687,1602,1472,1710,2250,2227
31536,1698925095983,-4,33,-1019,58,36,56,-82,-3129,5687,1598,1477,1713,2250,2227
31537,1698925095990,-3,33,-1019,56,36,57,-81,-3128,5687,1599,1466,1723,2250,2227
31538,1698925096012,-2,33,-1018,57,35,54,-81,-3128,5686,1605,1469,1717,2251,2227
31539,1698925096035,-1,34,-1019,55,35,54,-81,-3128,5687,1605,1469,1721,2250,2226
31540,1698925096072,-1,33,-1019,56,35,56,-81,-3128,5687,1604,1474,1716,2250,2227
31541,1698925096073,-1,33,-1018,53,35,55,-80,-3127,5687,1604,1477,1725,2251,2226
31542,1698925096095,-1,33,-1018,51,37,54,-80,-3127,5687,1607,1471,1719,2250,2227
31543,1698925096110,0,33,-1019,56,38,52,-80,-3128,5688,1605,1469,1720,2251,2227
31544,1698925096156,0,32,-1018,55,35,54,-80,-3128,5688,1605,1474,1722,2251,2227
31545,1698925096157,0,33,-1018,58,36,55,-80,-3128,5688,1609,1469,1724,2252,2227
31546,1698925096170,0,33,-1017,59,37,54,-80,-3128,5688,1611,1471,1732,2250,2225
31547,1698925096200,0,32,-1018,58,35,56,-80,-3128,5688,1612,1470,1728,2249,2225
31548,1698925096222,1,33,-1016,54,37,54,-79,-3128,5687,1618,1474,1721,2249,2225
31549,1698925096230,0,33,-1017,51,33,53,-80,-3129,5686,1616,1467,1725,2249,2225
31550,1698925096260,0,33,-1018,56,35,53,-80,-3129,5686,1618,1472,1730,2249,2225
31551,1698925096275,0,33,-1018,57,37,55,-80,-3129,5687,1614,1473,1721,2249,2225
31552,1698925096305,1,33,-1020,58,38,54,-80,-3129,5688,1615,1474,1715,2249,2224
31553,1698925096313,1,34,-1019,58,37,54,-81,-3129,5688,1616,1478,1717,2249,2224
31554,1698925096372,1,34,-1019,56,37,58,-81,-3128,5689,1616,1480,1716,2250,2225
31555,1698925096373,1,34,-1019,57,33,57,-81,-3128,5688,1614,1483,1714,2249,2225
31556,1698925096387,1,33,-1019,55,37,54,-81,-3128,5688,1617,1480,1725,2250,2227
31557,1698925096395,1,34,-1019,55,38,54,-81,-3128,5688,1614,1477,1724,2250,2227
31558,1698925096432,1,34,-1020,57,36,56,-80,-3128,5691,1613,1483,1720,2249,2228
31559,1698925096433,1,34,-1021,56,38,57,-80,-3128,5692,1613,1474,1719,2249,2226
31560,1698925096463,1,34,-1021,53,33,57,-80,-3128,5692,1614,1471,1720,2249,2227
31561,1698925096499,1,34,-1021,56,38,56,-80,-3128,5694,1620,1456,1721,2250,2227
31562,1698925096501,1,34,-1021,55,39,56,-79,-3129,5694,1615,1455,1721,2249,2227
31563,1698925096515,1,34,-1019,58,38,54,-80,-3128,5693,1615,1450,1721,2250,2226
31564,1698925096544,2,34,-1022,56,37,55,-79,-3128,5692,1612,1467,1722,2250,2226
31565,1698925096560,1,34,-1021,55,38,57,-78,-3127,5691,1616,1456,1724,2250,2227
31566,1698925096583,1,34,-1020,57,35,55,-79,-3127,5690,1620,1459,1723,2250,2226
31567,1698925096590,1,34,-1019,55,35,56,-79,-3128,5690,1617,1463,1719,2250,2225
31568,1698925096635,1,33,-1018,53,33,57,-80,-3129,5690,1619,1464,1724,2250,2226
31569,1698925096636,1,33,-1019,53,33,52,-79,-3128,5690,1622,1464,1726,2250,2227
31570,1698925096651,1,33,-1019,55,33,55,-79,-3129,5691,1621,1463,1729,2250,2226
31571,1698925096673,1,33,-1020,56,33,54,-79,-3129,5692,1627,1464,1729,2249,2227
31572,1698925096695,1,33,-1021,56,33,55,-79,-3129,5691,1618,1460,1726,2251,2227
31573,1698925096718,1,33,-1021,53,34,54,-80,-3129,5691,1623,1472,1727,2251,2227
31574,1698925096733,1,33,-1021,56,35,53,-80,-3130,5692,1624,1464,1727,2250,2227
31575,1698925096778,1,33,-1019,58,35,53,-79,-3129,5692,1629,1472,1726,2250,2227
31576,1698925096785,2,33,-1019,56,33,53,-79,-3129,5691,1628,1480,1729,2250,2227
31577,1698925096793,1,33,-1019,58,33,50,-80,-3129,5691,1633,1477,1731,2250,2227
31578,1698925096823,-11,33,-1018,55,36,52,-81,-3129,5691,1636,1469,1729,2249,2225
31579,1698925096838,-9,34,-1019,57,37,53,-81,-3129,5689,1628,1467,1731,2249,2225
31580,1698925096860,-6,33,-1020,59,36,54,-81,-3129,5689,1626,1465,1726,2249,2225
31581,1698925096883,-5,33,-1021,59,37,57,-81,-3129,5688,1625,1475,1722,2249,2225
31582,1698925096905,-5,34,-1023,58,38,58,-80,-3128,5689,1631,1470,1726,2248,2226
31583,1698925096913,-4,33,-1020,59,37,55,-80,-3129,5687,1634,1465,1721,2248,2226
31584,1698925096950,-2,33,-1020,60,37,56,-80,-3128,5687,1627,1467,1717,2248,2226
31585,1698925096952,-1,32,-1019,59,33,53,-81,-3128,5686,1633,1467,1716,2246,2227
31586,1698925096995,-1,32,-1019,59,34,52,-80,-3129,5685,1630,1463,1715,2247,2226
31587,1698925096997,0,32,-1020,54,37,55,-81,-3129,5685,1630,1463,1717,2247,2226
31588,1698925097010,0,32,-1021,55,37,55,-80,-3129,5684,1632,1465,1718,2247,2225
31589,1698925097048,0,32,-1020,53,37,55,-80,-3129,5686,1631,1460,1720,2246,2225
31590,1698925097055,0,32,-1020,52,38,54,-80,-3129,5686,1635,1460,1724,2247,2225
31591,1698925097070,0,32,-1020,53,35,51,-79,-3130,5687,1628,1464,1725,2247,2226
31592,1698925097093,0,32,-1019,56,36,50,-80,-3130,5687,1625,1461,1721,2246,2225
31593,1698925097115,0,32,-1019,58,34,52,-80,-3129,5688,1629,1459,1720,2247,2226
31594,1698925097145,0,33,-1020,59,35,51,-80,-3128,5688,1634,1460,1719,2247,2225
31595,1698925097153,0,32,-1021,58,34,58,-81,-3128,5687,1635,1453,1726,2246,2225
31596,1698925097183,0,32,-1023,57,30,55,-81,-3128,5688,1635,1455,1725,2247,2226
31597,1698925097198,0,33,-1021,57,34,55,-80,-3127,5687,1634,1452,1722,2247,2225
31598,1698925097227,0,33,-1021,54,33,51,-80,-3128,5687,1637,1456,1721,2247,2225
31599,1698925097235,0,33,-1021,56,37,53,-79,-3128,5688,1637,1457,1724,2245,2225
31600,1698925097272,0,33,-1021,57,35,56,-78,-3130,5688,1633,1457,1730,2247,2226
31601,1698925097274,0,33,-1020,58,36,53,-77,-3131,5688,1636,1460,1728,2247,2226
31602,1698925097296,0,33,-1020,58,35,54,-77,-3130,5687,1640,1468,1729,2248,2226
31603,1698925097325,0,34,-1019,56,34,55,-78,-3131,5686,1640,1465,1729,2248,2226
31604,1698925097333,-11,33,-1019,57,37,56,-79,-3131,5684,1643,1464,1726,2248,2227
31605,1698925097370,-10,34,-1019,57,38,55,-79,-3131,5684,1640,1464,1728,2248,2226
31606,1698925097371,-8,34,-1018,59,33,56,-79,-3132,5684,1635,1463,1731,2248,2227
31607,1698925097394,-6,34,-1019,57,34,56,-80,-3132,5683,1636,1466,1729,2248,2228
31608,1698925097415,-4,33,-1019,57,32,54,-80,-3131,5684,1644,1466,1728,2247,2230
31609,1698925097430,-3,33,-1018,59,32,56,-80,-3132,5687,1640,1466,1722,2248,2229
31610,1698925097460,-2,33,-1017,58,31,56,-80,-3132,5687,1638,1473,1720,2243,2227
31611,1698925097482,-1,33,-1017,56,33,56,-81,-3133,5687,1635,1472,1717,2240,2226
31612,1698925097505,-1,33,-1018,55,35,57,-81,-3133,5689,1632,1478,1719,2240,2224
31613,1698925097512,0,32,-1017,55,34,55,-82,-3133,5690,1638,1459,1712,2240,2222
31614,1698925097550,0,33,-1018,58,37,55,-81,-3133,5689,1635,1460,1707,2236,2223
31615,1698925097551,0,33,-1017,61,38,53,-81,-3133,5688,1629,1467,1699,2235,2219
31616,1698925097609,0,32,-1018,57,35,56,-81,-3133,5689,1634,1464,1695,2232,2216
31617,1698925097611,0,32,-1017,56,34,56,-81,-3132,5690,1638,1469,1698,2232,2216
31618,1698925097617,0,33,-1017,55,37,54,-82,-3132,5690,1639,1466,1687,2232,2219
31619,1698925097647,0,33,-1016,55,39,52,-81,-3131,5688,1639,1469,1689,2231,2217
31620,1698925097655,0,32,-1016,54,36,55,-82,-3130,5689,1637,1471,1690,2230,2218
31621,1698925097692,1,33,-1016,54,33,58,-81,-3130,5689,1640,1470,1691,2230,2216
31622,1698925097700,1,33,-1016,54,35,55,-82,-3130,5689,1642,1471,1691,2230,2214
31623,1698925097715,1,33,-1017,57,36,54,-82,-3130,5689,1640,1466,1689,2231,2215
31624,1698925097746,1,33,-1016,56,37,54,-81,-3129,5689,1641,1464,1691,2231,2215
31625,1698925097761,1,33,-1016,56,35,56,-80,-3129,5688,1649,1462,1692,2232,2214
31626,1698925097783,1,34,-1017,58,39,56,-79,-3129,5689,1641,1464,1695,2231,2213
31627,1698925097827,1,33,-1019,57,38,56,-79,-3128,5689,1638,1467,1693,2231,2213
31628,1698925097829,1,33,-1017,59,39,57,-79,-3128,5689,1636,1465,1695,2232,2212
31629,1698925097835,1,33,-1018,58,37,55,-80,-3129,5690,1634,1448,1695,2232,2211
31630,1698925097850,1,33,-1017,59,38,57,-79,-3128,5690,1634,1470,1691,2232,2211
31631,1698925097888,1,33,-1017,57,38,57,-79,-3129,5689,1635,1457,1694,2231,2210
31632,1698925097895,1,33,-1017,53,35,59,-80,-3129,5688,1635,1465,1689,2232,2210
31633,1698925097934,0,33,-1016,53,35,58,-80,-3128,5688,1638,1488,1689,2230,2211
31634,1698925097936,1,33,-1017,55,35,52,-80,-3129,5688,1637,1484,1690,2230,2210
31635,1698925097970,0,33,-1018,56,32,51,-79,-3128,5686,1634,1491,1687,2229,2210
31636,1698925097971,0,32,-1018,58,34,52,-80,-3128,5687,1644,1475,1688,2230,2211
31637,1698925097993,1,32,-1018,52,37,55,-79,-3129,5686,1644,1471,1689,2230,2211
31638,1698925098015,0,33,-1020,57,37,54,-80,-3129,5685,1644,1473,1691,2231,2211
31639,1698925098030,0,33,-1020,58,37,55,-79,-3129,5687,1644,1471,1689,2230,2215
31640,1698925098060,0,33,-1021,55,36,57,-80,-3129,5687,1643,1474,1694,2231,2213
31641,1698925098105,0,34,-1020,55,37,57,-80,-3128,5687,1639,1468,1697,2231,2212
31642,1698925098106,0,33,-1019,56,34,58,-80,-3129,5688,1646,1447,1693,2232,2214
31643,1698925098120,0,33,-1020,56,35,56,-80,-3129,5689,1642,1455,1692,2232,2214
31644,1698925098157,0,33,-1019,55,35,55,-80,-3130,5690,1644,1453,1694,2232,2213
31645,1698925098159,0,34,-1020,57,34,55,-80,-3130,5691,1645,1461,1693,2232,2213
31646,1698925098173,0,34,-1020,57,39,52,-80,-3131,5690,1645,1450,1691,2232,2216
31647,1698925098210,1,33,-1020,55,38,51,-81,-3131,5690,1646,1461,1692,2233,2216
31648,1698925098213,0,33,-1020,55,35,54,-80,-3131,5690,1648,1458,1696,2232,2216
31649,1698925098248,0,34,-1022,56,35,54,-81,-3131,5691,1651,1459,1698,2234,2216
31650,1698925098255,0,34,-1022,57,34,54,-81,-3132,5690,1651,1460,1697,2235,2216
31651,1698925098270,0,34,-1022,57,34,54,-81,-3132,5691,1649,1462,1698,2235,2216
31652,1698925098292,0,34,-1022,56,36,55,-80,-3131,5690,1646,1450,1702,2235,2216
31653,1698925098315,0,35,-1022,59,38,56,-80,-3131,5691,1648,1452,1703,2235,2216
31654,1698925098338,0,35,-1022,58,36,54,-81,-3130,5692,1647,1454,1705,2235,2217
31655,1698925098360,0,35,-1022,59,35,55,-81,-3130,5692,1650,1457,1703,2235,2216
31656,1698925098383,0,34,-1022,58,36,57,-82,-3130,5690,1649,1457,1710,2235,2218
31657,1698925098404,0,34,-1023,59,37,56,-82,-3131,5691,1649,1456,1706,2236,2217
31658,1698925098435,0,34,-1023,57,36,57,-83,-3130,5691,1650,1451,1712,2236,2216
31659,1698925098436,0,34,-1023,57,36,55,-82,-3131,5692,1651,1452,1717,2236,2220
31660,1698925098450,0,34,-1021,55,35,54,-82,-3131,5692,1653,1453,1712,2235,2216
31661,1698925098487,0,34,-1020,59,34,54,-82,-3131,5692,1648,1453,1714,2236,2215
31662,1698925098503,0,34,-1020,56,35,55,-82,-3129,5690,1647,1458,1711,2237,2214
31663,1698925098533,0,33,-1019,56,33,53,-81,-3130,5690,1651,1465,1714,2237,2215
31664,1698925098534,0,33,-1020,57,35,55,-81,-3129,5690,1652,1452,1710,2237,2216
31665,1698925098570,1,33,-1020,56,31,55,-81,-3129,5690,1652,1449,1710,2238,2216
31666,1698925098571,1,33,-1019,58,32,53,-80,-3129,5692,1651,1459,1714,2239,2216
31667,1698925098594,0,33,-1020,61,33,52,-80,-3129,5691,1654,1457,1713,2238,2216
31668,1698925098615,0,32,-1019,59,35,54,-79,-3130,5690,1652,1462,1713,2239,2216
31669,1698925098637,0,33,-1018,60,34,52,-79,-3130,5691,1655,1453,1714,2239,2216
31670,1698925098660,0,33,-1018,59,33,55,-80,-3130,5691,1657,1470,1713,2238,2216
31671,1698925098676,0,34,-1018,57,33,54,-80,-3130,5690,1658,1465,1717,2238,2216
31672,1698925098720,0,33,-1020,59,36,52,-81,-3129,5691,1660,1466,1712,2238,2216
31673,1698925098721,0,32,-1020,58,37,54,-80,-3130,5692,1655,1465,1713,2237,2216
31674,1698925098735,0,33,-1021,55,36,54,-79,-3129,5693,1657,1468,1713,2237,2215
31675,1698925098765,0,32,-1020,56,33,54,-79,-3129,5693,1657,1470,1718,2236,2216
31676,1698925098773,0,32,-1020,55,34,54,-80,-3128,5693,1660,1464,1716,2238,2216
31677,1698925098810,2,32,-1020,56,33,55,-80,-3129,5693,1657,1469,1719,2236,2215
31678,1698925098811,1,32,-1019,58,35,56,-80,-3129,5692,1657,1472,1719,2237,2216
31679,1698925098847,13,32,-1018,59,33,58,-80,-3129,5692,1659,1476,1719,2237,2216
31680,1698925098855,11,32,-1019,61,33,58,-80,-3129,5692,1658,1478,1719,2238,2216
31681,1698925098870,9,32,-1020,59,36,58,-80,-3128,5692,1656,1476,1719,2238,2216
31682,1698925098893,7,32,-1020,59,36,57,-81,-3128,5692,1662,1478,1718,2237,2216
31683,1698925098915,6,32,-1020,56,36,54,-80,-3126,5693,1657,1478,1719,2238,2216
31684,1698925098938,5,32,-1020,57,36,54,-80,-3126,5694,1655,1493,1721,2238,2216
31685,1698925098953,4,33,-1020,55,39,54,-79,-3127,5693,1659,1475,1721,2237,2216
31686,1698925098975,3,33,-1021,55,39,54,-78,-3127,5693,1658,1474,1720,2237,2217
31687,1698925098990,3,33,-1020,53,38,54,-77,-3128,5691,1658,1478,1726,2238,2217
31688,1698925099013,2,33,-1020,56,38,53,-77,-3128,5693,1661,1478,1725,2237,2218
31689,1698925099035,2,32,-1019,53,38,56,-78,-3127,5692,1662,1467,1723,2238,2218
31690,1698925099050,2,33,-1020,52,36,58,-79,-3128,5693,1657,1466,1721,2238,2219
31691,1698925099088,2,32,-1021,54,38,55,-79,-3127,5692,1660,1470,1723,2239,2218
31692,1698925099103,1,33,-1022,54,38,54,-81,-3127,5692,1660,1472,1728,2238,2217
31693,1698925099147,1,33,-1022,57,36,53,-80,-3126,5693,1660,1476,1724,2239,2217
31694,1698925099151,1,33,-1021,54,39,53,-80,-3126,5694,1663,1473,1727,2240,2219
31695,1698925099172,1,33,-1021,54,39,56,-80,-3127,5692,1664,1470,1725,2239,2219
31696,1698925099172,1,33,-1021,54,37,57,-80,-3127,5691,1664,1475,1724,2238,2218
31697,1698925099193,1,33,-1021,60,38,56,-80,-3128,5690,1662,1476,1724,2239,2219
31698,1698925099216,1,33,-1021,60,36,58,-80,-3128,5690,1667,1473,1726,2240,2219
31699,1698925099269,0,33,-1020,57,34,57,-80,-3129,5691,1662,1493,1725,2240,2219
31700,1698925099274,0,33,-1020,58,36,58,-80,-3128,5692,1662,1481,1726,2240,2217
31701,1698925099275,0,33,-1018,56,36,60,-81,-3129,5692,1661,1489,1727,2240,2217
31702,1698925099290,2,33,-1017,56,37,57,-80,-3130,5694,1662,1488,1729,2239,2219
31703,1698925099320,1,32,-1017,55,38,56,-81,-3130,5696,1661,1492,1730,2240,2218
31704,1698925099336,0,33,-1017,59,39,53,-80,-3129,5696,1662,1493,1730,2239,2218
31705,1698925099365,0,33,-1017,55,40,55,-80,-3129,5698,1664,1493,1736,2238,2219
31706,1698925099373,0,33,-1018,56,41,52,-81,-3128,5697,1663,1494,1729,2239,2219
31707,1698925099410,0,33,-1018,55,36,54,-81,-3128,5698,1665,1493,1730,2240,2219
31708,1698925099412,0,33,-1019,58,35,54,-80,-3128,5697,1665,1496,1729,2240,2219
31709,1698925099448,0,33,-1020,58,39,55,-81,-3128,5697,1664,1491,1727,2240,2222
31710,1698925099456,0,33,-1020,58,35,53,-80,-3128,5696,1665,1492,1727,2240,2222
31711,1698925099470,0,32,-1019,56,35,54,-80,-3127,5696,1665,1495,1724,2240,2223
31712,1698925099493,0,33,-1020,57,35,53,-81,-3128,5696,1661,1504,1726,2241,2221
31713,1698925099546,0,32,-1020,57,35,55,-80,-3128,5695,1660,1496,1726,2240,2219
31714,1698925099547,0,32,-1020,58,36,53,-80,-3128,5694,1658,1498,1723,2240,2219
31715,1698925099553,0,33,-1019,57,36,56,-81,-3129,5693,1661,1499,1725,2240,2219
31716,1698925099591,0,33,-1018,56,37,55,-81,-3129,5694,1657,1487,1724,2240,2220
31717,1698925099591,0,34,-1019,56,37,55,-81,-3130,5694,1658,1493,1722,2240,2219
31718,1698925099613,0,34,-1020,56,35,55,-81,-3130,5693,1653,1488,1726,2240,2219
31719,1698925099643,0,33,-1019,56,36,54,-81,-3130,5693,1653,1511,1726,2240,2219
31720,1698925099658,0,33,-1020,56,35,58,-80,-3130,5692,1653,1507,1725,2240,2220
31721,1698925099680,0,33,-1019,57,35,57,-79,-3130,5691,1653,1506,1723,2240,2219
31722,1698925099695,0,33,-1019,56,34,53,-79,-3130,5691,1657,1497,1724,2240,2218
31723,1698925099725,0,32,-1019,58,34,54,-79,-3131,5690,1652,1495,1723,2240,2219
31724,1698925099770,1,32,-1019,56,32,55,-79,-3130,5691,1654,1493,1727,2239,2219
31725,1698925099771,0,32,-1018,56,32,55,-78,-3131,5691,1657,1494,1726,2239,2220
31726,1698925099777,0,32,-1018,55,31,52,-78,-3130,5691,1662,1510,1722,2238,2220
31727,1698925099793,1,32,-1018,57,32,53,-78,-3130,5691,1670,1496,1720,2239,2219
31728,1698925099823,1,32,-1018,57,34,51,-77,-3130,5692,1665,1496,1720,2239,2220
31729,1698925099830,1,32,-1018,57,34,50,-77,-3130,5691,1663,1501,1722,2240,2221
31730,1698925099876,0,32,-1019,58,38,53,-78,-3130,5692,1662,1492,1721,2239,2220
31731,1698925099877,0,33,-1017,56,36,55,-79,-3129,5692,1667,1504,1721,2240,2221
31732,1698925099890,0,33,-1018,56,35,56,-79,-3128,5692,1661,1498,1723,2239,2220
31733,1698925099913,1,33,-1018,57,34,56,-80,-3128,5693,1662,1500,1724,2239,2222
31734,1698925099935,1,33,-1018,56,36,58,-80,-3128,5692,1661,1502,1724,2240,2222
31735,1698925099964,1,33,-1019,56,37,56,-81,-3128,5690,1668,1511,1728,2240,2222
31736,1698925099973,1,33,-1019,56,35,55,-80,-3129,5690,1670,1512,1726,2241,2221
31737,1698925100002,1,32,-1020,57,34,58,-81,-3128,5691,1667,1503,1729,2240,2223
31738,1698925100040,1,32,-1020,58,38,54,-81,-3129,5692,1665,1513,1728,2240,2223
31739,1698925100042,0,33,-1020,55,40,54,-80,-3130,5690,1665,1504,1726,2240,2226
31740,1698925100063,1,32,-1020,57,39,54,-80,-3130,5691,1666,1501,1727,2241,2225
31741,1698925100108,0,32,-1020,55,37,56,-81,-3130,5690,1664,1493,1728,2240,2226
31742,1698925100109,0,32,-1022,56,35,56,-80,-3130,5688,1660,1491,1729,2240,2227
31743,1698925100115,0,33,-1022,55,35,57,-80,-3130,5688,1658,1520,1727,2240,2223
31744,1698925100153,0,33,-1021,56,37,56,-80,-3130,5687,1659,1535,1726,2240,2222
31745,1698925100154,0,34,-1020,56,35,56,-80,-3131,5686,1653,1530,1727,2240,2222
31746,1698925100190,0,34,-1021,56,36,58,-80,-3129,5686,1645,1536,1726,2240,2223
31747,1698925100191,0,35,-1021,55,35,61,-81,-3128,5687,1640,1511,1726,2240,2226
31748,1698925100213,0,34,-1019,56,39,60,-80,-3128,5688,1640,1503,1726,2241,2225
31749,1698925100235,0,34,-1020,57,36,57,-81,-3128,5689,1641,1515,1725,2240,2224
31750,1698925100258,0,34,-1020,56,34,53,-80,-3127,5688,1637,1505,1728,2240,2223
31751,1698925100280,1,33,-1019,59,37,55,-81,-3127,5689,1636,1495,1729,2240,2222
31752,1698925100302,1,33,-1019,59,37,56,-81,-3128,5689,1641,1503,1729,2240,2220
31753,1698925100324,1,33,-1020,59,40,53,-82,-3128,5688,1643,1524,1727,2239,2219
31754,1698925100332,1,33,-1019,57,38,55,-81,-3128,5688,1644,1515,1728,2238,2218
31755,1698925100385,13,32,-1019,57,39,56,-81,-3128,5687,1649,1513,1728,2238,2220
31756,1698925100386,9,33,-1018,57,40,58,-81,-3128,5687,1656,1466,1728,2239,2220
31757,1698925100393,7,33,-1018,59,39,57,-81,-3127,5688,1662,1430,1728,2239,2219
31758,1698925100423,6,32,-1019,57,37,57,-80,-3127,5687,1666,1395,1731,2238,2220
31759,1698925100430,5,33,-1020,57,40,54,-80,-3126,5688,1665,1400,1743,2235,2222
31760,1698925100476,4,33,-1020,55,34,53,-79,-3126,5688,1665,1398,1753,2235,2224
31761,1698925100476,3,32,-1019,56,36,53,-79,-3126,5689,1672,1410,1750,2235,2221
31762,1698925100490,1,32,-1020,57,36,55,-79,-3126,5690,1666,1423,1735,2233,2224
31763,1698925100513,1,33,-1019,57,38,53,-79,-3126,5691,1672,1416,1740,2232,2217
31764,1698925100535,2,32,-1018,59,40,56,-79,-3127,5692,1662,1432,1738,2230,2211
31765,1698925100558,1,33,-1019,60,40,57,-80,-3127,5690,1668,1415,1739,2228,2206
31766,1698925100580,1,33,-1018,58,39,55,-80,-3128,5691,1667,1445,1738,2227,2205
31767,1698925100603,0,33,-1017,59,38,55,-80,-3128,5693,1664,1443,1738,2228,2203
31768,1698925100610,0,33,-1017,58,37,56,-80,-3128,5693,1661,1441,1736,2227,2202
31769,1698925100647,0,33,-1018,56,38,55,-80,-3129,5695,1664,1448,1729,2225,2199
31770,1698925100663,0,33,-1018,57,38,55,-80,-3128,5696,1661,1494,1734,2219,2194
31771,1698925100686,0,34,-1020,55,37,55,-80,-3128,5697,1663,1473,1732,2216,2193
31772,1698925100707,0,34,-1019,57,40,55,-80,-3127,5698,1662,1452,1731,2214,2185
31773,1698925100715,0,34,-1021,55,40,57,-80,-3127,5697,1661,1494,1726,2210,2184
31774,1698925100753,0,33,-1019,56,41,56,-80,-3127,5696,1651,1505,1744,2203,2180
31775,1698925100754,0,33,-1018,58,42,57,-81,-3127,5697,1654,1558,1741,2203,2170
31776,1698925100799,0,33,-1017,55,39,56,-80,-3127,5697,1664,1547,1742,2202,2172
31777,1698925100800,-11,33,-1018,52,39,57,-80,-3127,5698,1661,1559,1747,2200,2169
31778,1698925100813,-9,33,-1019,51,36,54,-81,-3128,5697,1650,1549,1755,2198,2169
31779,1698925100837,-7,32,-1019,50,37,55,-81,-3128,5697,1653,1564,1748,2200,2169
31780,1698925100858,-5,32,-1017,53,39,58,-82,-3128,5698,1656,1457,1747,2201,2167
31781,1698925100881,-4,33,-1019,53,40,55,-82,-3129,5699,1660,1427,1747,2189,2154
31782,1698925100896,-3,33,-1020,51,45,57,-82,-3128,5702,1657,1391,1770,2168,2138
31783,1698925100941,-1,32,-1020,50,49,55,-83,-3126,5703,1630,1359,1821,2137,2100
31784,1698925100943,11,32,-1009,57,51,54,-84,-3126,5706,1652,1347,1710,2099,2079
31785,1698925100956,9,31,-1008,52,55,55,-84,-3125,5709,1675,1356,1442,2099,2052
31786,1698925100985,6,31,-1011,57,57,54,-85,-3124,5711,1726,1494,1417,2054,1991
31787,1698925100993,5,31,-1012,57,57,53,-86,-3124,5714,1707,1421,1345,2020,1960
31788,1698925101024,4,32,-1014,55,52,54,-87,-3123,5715,1662,1408,1369,1996,1936
31789,1698925101045,3,32,-1016,52,48,55,-88,-3122,5717,1567,1449,1364,1997,1936
31790,1698925101076,3,32,-1015,54,41,52,-89,-3120,5717,1608,1545,1456,2012,1944
31791,1698925101076,2,31,-1016,57,38,51,-89,-3121,5718,1570,1577,1437,2022,1955
31792,1698925101114,0,32,-1018,59,36,54,-88,-3121,5718,1542,1564,1423,2029,1968
31793,1698925101115,0,32,-1018,57,32,54,-89,-3122,5716,1537,1609,1396,2036,1970
31794,1698925101143,0,33,-1015,71,25,55,-88,-3124,5711,1561,1473,1391,2041,1972
31795,1698925101158,0,33,-1016,77,17,60,-87,-3125,5706,1529,1369,1383,2032,1966
31796,1698925101173,0,33,-1016,97,11,59,-86,-3127,5698,1080,1267,1408,2055,1982
31797,1698925101203,0,34,-1017,111,15,59,-84,-3130,5689,813,1258,1399,2068,1997
31798,1698925101211,7,35,-1018,115,23,61,-81,-3134,5675,555,1322,1404,2072,2014
31799,1698925101247,3,37,-1015,134,26,64,-77,-3138,5662,363,1179,1406,2080,2010
31800,1698925101262,1,40,-1012,145,52,65,-74,-3144,5644,228,559,1390,2075,2012
31801,1698925101278,5,32,-1022,95,139,60,-69,-3149,5624,239,311,1377,2055,1974
31802,1698925101293,-3,50,-1019,-164,109,68,-64,-3154,5604,157,307,1281,2028,1925
31803,1698925101316,-9,53,-1037,-298,116,75,-59,-3160,5585,15,261,1167,2013,1906
31804,1698925101367,-11,45,-1049,-371,45,86,-56,-3163,5569,46,14,1047,2003,1893
31805,1698925101369,-20,31,-1046,-387,-17,94,-54,-3167,5557,17,0,931,1943,1838
31806,1698925101383,-20,21,-1042,-386,-41,120,-52,-3169,5548,20,0,773,1895,1810
31807,1698925101421,-11,13,-1032,-353,-74,125,-50,-3171,5539,140,0,626,1806,1766
31808,1698925101428,-13,7,-1020,-301,-89,131,-49,-3174,5532,144,0,546,1713,1721
31809,1698925101450,-13,1,-1011,-252,-105,148,-47,-3175,5526,92,0,467,1624,1713
31810,1698925101465,-10,-5,-1008,-224,-123,171,-45,-3175,5521,230,0,446,1600,1683
31811,1698925101497,-8,-14,-1006,-197,-134,180,-43,-3175,5517,89,0,447,1589,1724
31812,1698925101498,-4,-21,-1006,-168,-105,208,-41,-3176,5515,128,0,475,1592,1690
31813,1698925101511,3,-26,-1006,-138,-71,219,-40,-3176,5515,222,0,448,1572,1694
31814,1698925101540,9,-30,-1005,-114,-51,214,-38,-3176,5514,162,0,439,1582,1700
31815,1698925101555,17,-34,-1006,-101,-40,196,-37,-3175,5512,141,0,453,1581,1648
31816,1698925101585,21,-38,-1006,-91,-45,167,-37,-3174,5513,143,0,475,1525,1675
31817,1698925101615,27,-41,-1007,-85,-46,138,-37,-3173,5513,320,0,488,1527,1667
31818,1698925101616,29,-46,-1004,-73,-46,106,-36,-3172,5512,380,0,506,1539,1701
31819,1698925101631,32,-50,-999,-51,-30,87,-35,-3171,5512,451,0,544,1546,1707
31820,1698925101660,33,-54,-992,-19,5,69,-36,-3171,5513,487,0,553,1573,1733
31821,1698925101698,38,-58,-984,32,64,62,-34,-3171,5514,556,0,580,1640,1776
31822,1698925101699,45,-59,-983,95,103,22,-35,-3170,5513,414,0,584,1687,1799
31823,1698925101713,33,-62,-982,151,132,1,-34,-3170,5514,247,0,605,1761,1842
31824,1698925101737,32,-61,-990,209,185,24,-35,-3171,5513,174,82,652,1799,1858
31825,1698925101758,26,-61,-1003,240,162,20,-35,-3171,5513,199,102,659,1829,1861
31826,1698925101773,16,-59,-1014,238,62,25,-35,-3171,5513,155,18,761,1863,1883
31827,1698925101819,14,-53,-1042,89,-14,78,-36,-3171,5512,292,78,714,1904,1901
31828,1698925101820,33,-50,-1070,-77,-20,133,-37,-3170,5514,358,8,832,1940,1956
31829,1698925101833,28,-53,-1079,-246,-72,138,-37,-3169,5514,300,10,814,1961,2033
31830,1698925101863,40,-42,-1081,-342,-64,112,-37,-3167,5518,210,49,810,1977,2062
31831,1698925101878,51,-49,-1064,-405,-15,65,-36,-3166,5521,337,160,770,1961,2037
31832,1698925101894,51,-58,-1047,-420,46,18,-35,-3164,5524,246,14,860,1940,2051
31833,1698925101938,30,-70,-1064,-384,57,-11,-34,-3162,5528,501,58,904,1915,2040
31834,1698925101940,16,-81,-1051,-366,44,0,-33,-3161,5532,216,7,853,1891,2040
31835,1698925101953,7,-91,-1043,-332,46,61,-32,-3158,5535,352,21,811,1813,1995
31836,1698925101982,8,-100,-1034,-282,18,108,-32,-3156,5537,507,117,741,1655,1882
31837,1698925101990,11,-110,-1033,-214,-41,119,-33,-3154,5540,428,42,575,1437,1712
31838,1698925102027,12,-120,-1045,-187,-156,116,-32,-3152,5542,452,19,391,1186,1488
31839,1698925102035,14,-124,-1075,-219,-312,112,-31,-3150,5544,411,15,305,976,1314
31840,1698925102050,6,-127,-1111,-337,-503,133,-29,-3149,5546,324,32,255,772,1115
31841,1698925102080,9,-123,-1148,-489,-828,140,-28,-3146,5548,281,41,183,630,925
31842,1698925102096,-55,-50,-1160,-628,-1174,139,-26,-3142,5552,371,44,161,480,748
31843,1698925102111,-184,70,-1163,-632,-1004,-8,-24,-3137,5557,405,48,173,483,692
31844,1698925102140,-266,199,-1139,-458,-582,-163,-18,-3131,5558,423,46,186,528,757
31845,1698925102156,-316,321,-1099,-303,-93,-147,-12,-3125,5557,434,29,198,589,814
31846,1698925102171,-317,427,-1063,-89,347,3,-4,-3115,5555,469,15,221,630,802
31847,1698925102200,-287,505,-1030,221,577,147,4,-3106,5551,510,118,235,680,836
31848,1698925102237,-250,567,-999,530,699,223,13,-3093,5549,606,98,247,693,880
31849,1698925102268,-213,615,-978,842,765,184,23,-3079,5556,631,89,253,706,905
31850,1698925102269,-180,637,-967,1117,786,50,32,-3067,5567,553,121,268,720,917
31851,1698925102275,-161,643,-972,1321,807,-149,39,-3058,5590,538,88,281,738,936
31852,1698925102298,-156,642,-993,1547,888,-362,44,-3054,5613,579,65,286,746,953
31853,1698925102313,-149,636,-1029,1847,956,-582,46,-3056,5639,353,50,308,775,990
31854,1698925102335,-153,613,-1068,2151,962,-799,48,-3059,5663,347,86,309,776,1010
31855,1698925102358,-164,576,-1108,2385,974,-961,49,-3069,5684,357,29,322,783,1054
31856,1698925102373,-172,538,-1157,2560,977,-1080,50,-3084,5698,361,91,330,785,1072
31857,1698925102402,-183,478,-1206,2692,962,-1112,53,-3100,5706,380,40,345,819,1052
31858,1698925102411,-176,382,-1239,2675,972,-979,58,-3120,5701,355,82,358,830,1074
31859,1698925102433,-141,255,-1251,2481,916,-693,63,-3140,5688,277,82,370,862,1097
31860,1698925102455,-99,130,-1242,2175,730,-387,71,-3159,5648,347,34,385,867,1120
31861,1698925102477,-70,6,-1216,1775,506,-115,80,-3168,5602,293,20,394,865,1123
31862,1698925102494,-66,-110,-1185,1413,452,157,91,-3161,5561,192,18,390,854,1127
31863,1698925102523,-19,-262,-1154,1163,471,298,101,-3151,5538,277,0,367,850,1232
31864,1698925102530,72,-445,-1138,791,455,318,107,-3143,5538,363,15,366,918,1210
31865,1698925102554,195,-887,-1101,462,181,166,111,-3142,5551,236,39,342,937,1216
31866,1698925102576,333,-1498,-1326,-2063,-572,-165,108,-3138,5571,327,109,325,912,1194
31867,1698925102591,229,-1154,-1361,-2286,-760,-350,111,-3127,5600,654,231,312,914,1217
31868,1698925102621,187,-854,-1279,-2458,-854,-297,111,-3115,5630,1177,473,403,982,1379
31869,1698925102636,182,-650,-1215,-2656,-619,-44,111,-3101,5665,1245,815,496,1048,1510
31870,1698925102651,94,-533,-1327,-2874,-656,218,107,-3087,5699,1222,938,604,1174,1547
31871,1698925102673,64,-402,-1374,-2053,-660,70,95,-3066,5756,1461,1146,697,1169,1583
31872,1698925102713,51,-314,-1300,-1135,-411,19,83,-3042,5820,1679,1279,778,1246,1563
31873,1698925102714,38,-247,-1242,-594,-224,17,75,-3021,5874,1478,1257,832,1347,1546
31874,1698925102733,31,-192,-1200,-296,-128,19,69,-3003,5922,1615,1301,901,1427,1544
31875,1698925102755,22,-148,-1166,-140,-68,23,63,-2988,5962,1710,1329,1014,1605,1620
31876,1698925102770,17,-112,-1141,-47,-33,30,60,-2976,5992,1732,1340,1074,1681,1708
31877,1698925102807,13,-84,-1120,13,-19,37,59,-2967,6015,1700,1332,1079,1780,1777
31878,1698925102815,10,-61,-1099,64,-18,43,58,-2963,6024,1634,1265,1058,1912,1866
31879,1698925102852,5,-44,-1084,93,-40,50,61,-2962,6026,1357,1040,1215,2081,2031
31880,1698925102854,3,-30,-1070,101,-49,59,67,-2964,6018,1467,840,1332,2211,2215
31881,1698925102897,3,-16,-1061,105,-50,67,74,-2968,6003,1385,630,1495,2333,2355
31882,1698925102899,1,0,-1052,107,-68,78,83,-2972,5987,1223,540,1704,2458,2504
31883,1698925102943,2,4,-1057,81,-157,99,91,-2979,5960,928,556,1690,2502,2578
31884,1698925102944,5,31,-1093,-288,-118,131,96,-2986,5933,1020,677,1767,2565,2677
31885,1698925102966,7,24,-1125,-624,-148,156,100,-2993,5909,1252,650,1835,2599,2703
31886,1698925102973,0,16,-1153,-965,-204,190,103,-2999,5889,1165,884,1881,2645,2743
31887,1698925103003,-7,13,-1175,-1336,-209,234,106,-3003,5875,1169,508,1898,2671,2801
31888,1698925103018,1,4,-1205,-1687,-238,242,110,-3006,5864,1389,553,1891,2720,2825
31889,1698925103055,-2,3,-1240,-2084,-325,261,113,-3009,5856,1339,317,1841,2737,2847
31890,1698925103056,-17,-1,-1302,-2601,-491,312,115,-3011,5850,1265,84,2016,2771,2887
31891,1698925103085,-28,-76,-1411,-3348,-737,386,118,-3012,5846,588,368,1960,2769,2904
31892,1698925103093,-81,-42,-1578,-4384,-1086,462,121,-3014,5840,464,331,1729,2719,2880
31893,1698925103116,-109,-39,-1746,-5715,-1446,537,124,-3015,5829,345,0,1684,2675,2826
31894,1698925103145,-320,-242,-2028,-7213,-1398,939,130,-3011,5807,27,0,1601,2599,2747
31895,1698925103160,-447,-241,-2430,-8398,-35,1781,139,-2997,5782,0,0,1225,2400,2545
31896,1698925103176,-371,66,-2823,-8480,-107,2354,138,-2980,5759,0,0,327,1942,2223
31897,1698925103191,-504,479,-2740,-8334,-906,3278,133,-2958,5743,0,0,25,975,1359
31898,1698925103222,-792,1171,-2725,-2717,1222,3475,125,-2933,5733,0,0,117,560,863
31899,1698925103235,-793,1350,-2637,1412,390,1778,123,-2922,5724,0,0,75,574,685
31900,1698925103250,-1003,1457,-2317,3212,739,449,124,-2917,5716,0,0,100,382,564
31901,1698925103280,-965,1536,-2102,4732,2077,-351,123,-2921,5708,0,0,71,483,477
31902,1698925103296,-835,1484,-1946,5834,1825,-1151,122,-2927,5701,0,0,123,656,505
31903,1698925103333,-865,1362,-1835,6372,1889,-1249,121,-2935,5684,0,0,65,643,586
31904,1698925103337,-753,1190,-1821,6628,2598,-921,120,-2940,5667,0,0,108,688,577
31905,1698925103356,-578,1004,-1865,6682,2701,-982,117,-2939,5649,0,0,153,664,658
31906,1698925103378,-466,828,-1944,6611,2593,-1155,113,-2935,5653,0,0,270,704,727
31907,1698925103401,-351,660,-2043,6380,2462,-1055,108,-2933,5674,0,0,290,764,787
31908,1698925103423,-264,497,-2183,5803,2057,-787,91,-2953,5689,0,0,291,792,780
31909,1698925103431,-218,308,-2409,4920,1890,-472,77,-2970,5690,0,0,293,781,809
31910,1698925103468,-178,69,-2739,4859,2315,-295,70,-2980,5685,0,0,275,749,849
31911,1698925103497,5,-250,-2898,6541,3087,-223,68,-2988,5700,0,0,272,781,884
31912,1698925103498,279,-976,-2903,7198,3049,-607,68,-3010,5733,0,0,310,815,1041
31913,1698925103514,400,-1807,-2628,5888,1692,-890,47,-3060,5724,0,0,357,888,1188
31914,1698925103543,437,-2574,-2443,4132,1700,-3,31,-3096,5699,0,0,384,853,1179
31915,1698925103588,1031,-2995,-2345,1983,1074,485,11,-3119,5666,0,0,426,935,1251
31916,1698925103590,910,-2329,-3122,5185,-5732,730,2,-3119,5654,604,807,394,989,1463
31917,1698925103610,449,-1883,-2780,-2269,-3597,-685,-17,-3106,5704,1147,1216,696,1077,1510
31918,1698925103613,511,-1525,-2675,-4307,-2398,-772,-35,-3089,5760,1505,1416,941,1191,1683
31919,1698925103641,371,-1250,-2588,-4663,-2335,-389,-56,-3065,5831,1644,1594,947,1291,1772
31920,1698925103656,297,-1049,-2324,-2731,-1419,-294,-81,-3028,5938,1817,1872,866,1250,1723
31921,1698925103671,244,-836,-2069,-1409,-744,-144,-100,-2995,6033,1927,2088,1050,1497,1789
31922,1698925103700,193,-664,-1863,-675,-389,-47,-114,-2967,6110,1945,1955,1062,1645,1788
31923,1698925103716,152,-527,-1697,-277,-209,3,-123,-2946,6168,1927,1995,1057,1620,1789
31924,1698925103745,119,-415,-1559,-72,-114,26,-127,-2933,6205,1719,1796,1037,1607,1761
31925,1698925103753,93,-326,-1451,27,-73,38,-128,-2926,6229,1556,1852,1011,1704,1728
31926,1698925103776,73,-254,-1362,75,-71,41,-124,-2925,6232,1221,1444,1178,1799,1792
31927,1698925103806,56,-196,-1293,92,-80,52,-117,-2929,6218,979,1098,1200,1902,1842
31928,1698925103821,44,-149,-1237,99,-118,61,-109,-2935,6199,861,870,1359,2051,1999
31929,1698925103843,34,-110,-1197,104,-155,80,-97,-2944,6165,419,632,1507,2244,2235
31930,1698925103851,-6,-74,-1182,116,-160,135,-87,-2955,6128,563,399,1685,2355,2405
31931,1698925103888,-6,-48,-1259,-374,-109,175,-80,-2966,6084,434,575,1689,2475,2544
31932,1698925103907,-5,-35,-1256,-829,-164,170,-74,-2977,6047,559,755,1746,2543,2623
31933,1698925103910,-12,-32,-1241,-1142,-240,151,-70,-2985,6015,637,354,1804,2620,2704
31934,1698925103932,-7,-26,-1255,-1449,-320,173,-67,-2991,5991,846,126,1867,2671,2771
31935,1698925103955,-17,-33,-1292,-1869,-455,210,-63,-2992,5971,418,99,1829,2723,2825
31936,1698925103977,-23,-30,-1337,-2384,-595,279,-58,-2991,5953,364,561,1789,2747,2857
31937,1698925103993,-63,-51,-1421,-3112,-786,318,-53,-2989,5940,385,489,1724,2758,2889
31938,1698925104023,-62,-58,-1540,-4102,-1008,384,-47,-2983,5923,751,374,1790,2734,2895
31939,1698925104040,-78,-6,-1761,-5346,-1256,405,-40,-2977,5903,595,4,1709,2709,2866
31940,1698925104053,-247,-122,-2082,-7025,-1663,660,-28,-2965,5862,70,0,1697,2641,2813
31941,1698925104083,-482,-315,-2469,-8477,-722,1460,-14,-2949,5816,0,0,1458,2537,2667
31942,1698925104098,-298,-52,-2982,-8793,-544,2004,-3,-2924,5758,0,0,617,2183,2356
31943,1698925104128,-589,385,-3041,-8196,-1430,2614,2,-2901,5703,0,0,87,1398,1639
31944,1698925104143,-1000,1175,-2894,-2171,-481,3090,6,-2877,5665,0,0,71,824,1344
31945,1698925104165,-1023,1416,-2849,1951,-614,2312,20,-2861,5631,0,0,54,722,1183
31946,1698925104188,-1126,1546,-2526,3679,283,1054,37,-2850,5610,0,0,51,742,1183
31947,1698925104209,-1099,1603,-2245,5093,1496,-234,48,-2845,5603,0,0,64,748,1181
31948,1698925104210,-1004,1523,-2052,5912,2047,-1371,53,-2846,5603,0,0,107,798,1225
31949,1698925104240,-916,1406,-1925,6391,2388,-1998,52,-2853,5606,0,0,117,846,1246
31950,1698925104255,-783,1252,-1879,6834,2673,-2283,50,-2860,5609,0,0,116,865,1272
31951,1698925104270,-640,1095,-1879,7162,2676,-2409,47,-2867,5617,0,0,126,873,1317
31952,1698925104293,-530,964,-1974,7358,2615,-2177,44,-2882,5639,0,0,146,900,1332
31953,1698925104316,-452,836,-2170,7525,2595,-1417,38,-2902,5653,0,0,154,899,1335
31954,1698925104330,-371,695,-2483,7841,2528,-465,37,-2924,5654,0,0,163,932,1325
31955,1698925104353,-269,346,-2940,8222,2543,271,36,-2944,5652,0,0,141,912,1335
31956,1698925104389,-101,-271,-3271,7888,2637,448,38,-2966,5655,0,0,145,958,1356
31957,1698925104397,-85,-1038,-3402,6771,2430,220,35,-2992,5661,0,0,150,1000,1406
31958,1698925104419,57,-1964,-3192,5020,2759,413,27,-3024,5645,0,0,182,1124,1503
31959,1698925104465,406,-2782,-2983,2638,2206,244,9,-3051,5627,0,0,217,1182,1586
31960,1698925104466,701,-3266,-2886,491,1024,-424,-5,-3074,5614,0,0,310,1241,1616
31961,1698925104487,1285,-1241,-684,-9118,-634,-1163,-29,-3068,5672,729,270,350,1285,1641
31962,1698925104496,818,-1187,-1506,-10044,-1517,-1831,-39,-3058,5725,1119,1157,732,1280,1767
31963,1698925104532,874,-902,-1588,-8613,-1635,-1147,-58,-3035,5790,1517,1498,1031,1397,1863
31964,1698925104533,657,-790,-1788,-7429,-2643,-321,-78,-3011,5853,1550,1872,1145,1490,1939
31965,1698925104563,549,-647,-1692,-4010,-1512,-219,-104,-2968,5973,1912,2169,1172,1448,1863
31966,1698925104578,440,-528,-1567,-2050,-807,46,-122,-2930,6079,2009,2154,1356,1782,1877
31967,1698925104608,352,-417,-1467,-996,-458,42,-135,-2896,6165,2261,2154,1504,2068,2020
31968,1698925104617,281,-331,-1379,-446,-283,50,-141,-2872,6225,2110,2179,1598,2143,2106
31969,1698925104654,224,-262,-1305,-148,-191,52,-144,-2856,6267,1949,1880,1493,2185,2147
31970,1698925104655,178,-207,-1250,8,-137,50,-139,-2850,6284,1803,1614,1424,2173,2142
31971,1698925104691,141,-161,-1205,95,-105,50,-134,-2847,6290,1487,1647,1400,2179,2175
31972,1698925104692,112,-122,-1165,146,-96,57,-123,-2852,6275,1281,1164,1359,2213,2250
31973,1698925104742,87,-92,-1133,157,-114,73,-113,-2860,6251,1052,1027,1395,2242,2309
31974,1698925104758,65,-67,-1107,148,-139,84,-101,-2871,6211,859,692,1434,2300,2362
31975,1698925104759,29,-36,-1106,126,-337,137,-91,-2882,6159,688,607,1479,2371,2454
31976,1698925104773,121,0,-1152,-512,-374,185,-84,-2896,6107,664,543,1509,2454,2568
31977,1698925104826,43,4,-1162,-917,-380,199,-80,-2908,6063,748,571,1590,2539,2668
31978,1698925104830,60,8,-1163,-1261,-354,256,-75,-2916,6028,895,746,1677,2596,2741
31979,1698925104834,55,2,-1172,-1554,-290,197,-73,-2921,5996,871,337,1777,2685,2828
31980,1698925104870,32,-3,-1209,-1853,-319,207,-70,-2924,5972,715,404,1860,2738,2861
31981,1698925104871,19,-13,-1257,-2252,-402,267,-65,-2925,5951,590,380,1768,2777,2921
31982,1698925104900,21,-10,-1336,-2812,-527,282,-61,-2925,5931,786,58,1821,2785,2930
31983,1698925104930,21,11,-1438,-3635,-688,259,-55,-2923,5912,422,55,1820,2786,2957
31984,1698925104932,16,34,-1552,-4710,-867,251,-46,-2920,5885,669,17,1868,2773,2928
31985,1698925104997,-16,-35,-1724,-5963,-1016,316,-38,-2916,5854,46,0,1910,2727,2880
31986,1698925104998,-116,-246,-2048,-7359,-1140,391,-25,-2905,5804,0,0,1801,2649,2792
31987,1698925105004,-362,-392,-2650,-7905,14,962,-13,-2891,5754,0,0,1466,2431,2569
31988,1698925105020,-261,-357,-2977,-7340,125,1768,-6,-2872,5703,0,0,295,1800,2085
31989,1698925105036,-649,77,-2492,-6794,-574,3206,0,-2854,5665,0,0,277,1288,1771
31990,1698925105050,-344,291,-2834,-2814,-1401,3948,15,-2839,5633,0,0,304,1271,1771
31991,1698925105073,-635,669,-2610,-466,-2811,3216,27,-2832,5606,0,0,266,1181,1723
31992,1698925105096,-901,1122,-2201,1458,-1943,2385,38,-2829,5586,0,0,229,1209,1741
31993,1698925105110,-1086,1480,-1830,2969,-650,934,46,-2832,5575,0,0,245,1223,1748
31994,1698925105133,-1226,1719,-1547,4219,796,-417,53,-2835,5569,0,0,262,1271,1775
31995,1698925105193,-1201,1837,-1425,5338,2163,-1078,56,-2842,5574,0,0,295,1302,1789
31996,1698925105195,-1056,1847,-1453,6365,2800,-1267,57,-2851,5581,0,0,276,1292,1780
31997,1698925105200,-873,1745,-1597,7392,3068,-1036,56,-2866,5596,0,0,311,1249,1725
31998,1698925105215,-676,1523,-1809,8125,3003,-720,56,-2882,5614,0,0,329,1197,1697
31999,1698925105238,-569,1321,-2060,8509,2945,-236,53,-2914,5633,0,0,311,1102,1592
32000,1698925105261,-482,1081,-2381,8818,3181,116,49,-2950,5629,0,0,150,1115,1560
32001,1698925105276,-368,681,-2932,8669,3811,113,47,-2981,5615,0,0,170,1136,1566
32002,1698925105298,-142,84,-3563,8457,4465,-43,51,-3003,5596,0,0,265,1170,1596
32003,1698925105320,272,-840,-3874,7829,4451,-565,54,-3025,5579,0,0,318,1240,1693
32004,1698925105335,322,-1842,-3809,5831,2468,-728,49,-3045,5550,0,0,368,1288,1717
32005,1698925105351,323,-2743,-3496,3670,1958,851,45,-3061,5527,0,0,407,1318,1717
32006,1698925105381,798,-3242,-3265,1070,863,974,35,-3073,5513,0,0,423,1344,1727
32007,1698925105395,1456,-2531,-4191,-1057,-2633,80,25,-3082,5504,0,5,369,1293,1672
32008,1698925105426,1063,-2114,-3395,-7401,-1872,-646,-3,-3064,5545,1071,792,546,1288,1745
32009,1698925105433,1049,-1852,-3232,-7528,-527,-1824,-14,-3042,5605,1532,1564,812,1394,1822
32010,1698925105470,1036,-1500,-2935,-7100,-604,-941,-27,-3018,5668,1710,1639,1005,1561,1930
32011,1698925105471,759,-1199,-2756,-5772,-723,-113,-46,-2985,5768,1773,1893,961,1470,1877
32012,1698925105501,609,-1000,-2466,-3059,-494,-71,-71,-2942,5884,2087,2046,1224,1656,1910
32013,1698925105516,482,-804,-2177,-1530,-257,-8,-103,-2896,5991,2219,2036,1324,1945,2030
32014,1698925105576,380,-640,-1949,-716,-175,22,-128,-2859,6077,2129,2015,1357,1979,2044
32015,1698925105576,301,-508,-1767,-294,-141,38,-143,-2834,6135,2028,1991,1287,2008,2055
32016,1698925105590,235,-396,-1617,-84,-129,44,-144,-2822,6164,1842,1770,1269,1963,2030
32017,1698925105593,181,-307,-1500,9,-132,45,-142,-2815,6176,1517,1624,1217,2000,2076
32018,1698925105613,136,-233,-1408,49,-170,54,-133,-2819,6161,1221,1177,1279,2019,2077
32019,1698925105636,100,-178,-1330,31,-217,79,-121,-2825,6138,831,1327,1416,2110,2157
32020,1698925105672,73,-134,-1267,22,-289,122,-107,-2837,6096,499,902,1484,2260,2261
32021,1698925105674,41,-97,-1230,-34,-295,243,-93,-2850,6052,525,669,1594,2357,2416
32022,1698925105703,46,-76,-1193,-604,-218,317,-81,-2868,5998,601,223,1727,2454,2528
32023,1698925105718,31,-64,-1184,-921,-222,335,-71,-2883,5952,861,642,1839,2535,2612
32024,1698925105733,37,-58,-1172,-1181,-223,349,-63,-2894,5914,1022,711,1761,2609,2691
32025,1698925105770,38,-54,-1193,-1441,-203,301,-57,-2903,5884,743,537,1888,2681,2786
32026,1698925105772,12,-52,-1251,-1828,-253,304,-51,-2911,5861,730,297,1925,2721,2815
32027,1698925105793,1,-49,-1310,-2319,-425,366,-46,-2916,5841,774,137,1995,2747,2858
32028,1698925105823,-4,-103,-1393,-2959,-676,429,-39,-2919,5824,733,163,1877,2782,2890
32029,1698925105831,-44,-100,-1510,-3982,-991,514,-32,-2923,5807,952,169,1991,2782,2907
32030,1698925105854,-67,-33,-1758,-5456,-1346,549,-20,-2925,5779,223,0,1839,2746,2884
32031,1698925105876,-275,-152,-2104,-7075,-1595,900,-7,-2924,5745,0,0,1772,2657,2820
32032,1698925105898,-231,-266,-2568,-8294,-989,1443,7,-2916,5702,0,0,1445,2519,2660
32033,1698925105920,-210,26,-3023,-8770,-1376,1659,17,-2906,5661,0,0,678,2157,2366
32034,1698925105935,-578,635,-2988,-8088,-2141,2278,27,-2889,5625,0,0,250,1196,1600
32035,1698925105951,-778,1310,-2922,-2225,-336,2960,32,-2874,5603,0,0,307,1067,1567
32036,1698925105973,-785,1582,-2809,1970,-60,1816,38,-2866,5584,0,0,263,1063,1425
32037,1698925105996,-892,1696,-2456,4086,294,234,46,-2862,5573,0,0,148,1037,1422
32038,1698925106010,-918,1704,-2181,5451,1337,-782,51,-2861,5568,0,0,182,994,1397
32039,1698925106070,-867,1653,-1993,6333,2088,-1354,53,-2864,5570,0,0,195,1044,1445
32040,1698925106071,-779,1520,-1914,7039,2548,-1552,55,-2868,5577,0,0,206,1095,1461
32041,1698925106075,-608,1319,-1912,7374,2543,-1628,54,-2874,5590,0,0,247,1132,1508
32042,1698925106107,-515,1133,-1961,7500,2090,-1544,55,-2881,5608,0,0,268,1147,1523
32043,1698925106115,-448,954,-2075,7495,1867,-1075,54,-2902,5631,0,0,250,1157,1545
32044,1698925106130,-385,718,-2295,7359,1721,-621,53,-2923,5641,0,0,236,1162,1555
32045,1698925106190,-355,415,-2661,7202,2135,-344,54,-2940,5649,0,0,222,1152,1523
32046,1698925106205,-165,-123,-3101,7563,3041,-201,56,-2962,5666,0,0,222,1152,1476
32047,1698925106208,45,-869,-3243,7266,3044,-428,55,-2990,5689,0,0,244,1183,1561
32048,1698925106227,90,-1739,-3136,5868,2615,-641,45,-3032,5690,0,0,278,1261,1584
32049,1698925106258,178,-2609,-2887,3999,2397,-38,34,-3067,5681,0,0,349,1263,1626
32050,1698925106259,576,-3134,-2746,1549,1364,270,19,-3094,5667,0,0,349,1275,1611
32051,1698925106274,706,-3281,-2696,-181,-300,-25,5,-3116,5656,0,0,320,1242,1557
32052,1698925106303,610,-3012,-3768,2639,-4774,-132,-26,-3108,5702,278,754,482,1276,1657
32053,1698925106317,264,-2493,-3783,-2388,-3457,-845,-37,-3099,5762,1126,1184,627,1221,1642
32054,1698925106333,389,-1912,-3417,-4179,-2073,-548,-49,-3080,5823,1552,1470,897,1421,1875
32055,1698925106535,243,-1539,-3084,-4367,-1595,54,-65,-3054,5904,1488,1760,898,1437,1896
32056,1698925106536,187,-1264,-2762,-2982,-1078,-9,-83,-3023,5999,1671,1772,798,1363,1753
32057,1698925106538,145,-1013,-2419,-1596,-678,-4,-103,-2981,6100,1798,1840,933,1527,1769
32058,1698925106549,112,-806,-2147,-791,-442,21,-120,-2946,6184,1795,1862,1013,1737,1789
32059,1698925106551,86,-640,-1923,-349,-347,41,-131,-2920,6245,1774,1919,996,1792,1856
32060,1698925106552,68,-503,-1743,-113,-289,51,-136,-2902,6286,1759,1692,977,1821,1918
32061,1698925106579,54,-393,-1596,-28,-255,58,-133,-2893,6303,1437,1474,1029,1881,1943
32062,1698925106581,42,-303,-1482,7,-222,55,-127,-2892,6298,1188,1336,1081,1995,2068
32063,1698925106595,29,-233,-1391,-7,-197,70,-118,-2895,6284,1138,939,1252,2113,2214
32064,1698925106596,34,-177,-1334,-93,-220,142,-104,-2907,6238,556,572,1645,2436,2502
32065,1698925106597,30,-140,-1344,-617,-151,164,-92,-2924,6182,698,1031,1722,2528,2629
32066,1698925106641,20,-112,-1337,-1125,-158,192,-83,-2935,6139,885,1059,1805,2611,2701
32067,1698925106641,20,-86,-1343,-1578,-181,189,-74,-2944,6103,831,816,1899,2689,2794
32068,1698925106655,8,-70,-1386,-2069,-220,211,-66,-2950,6073,868,131,1915,2756,2861
32069,1698925106708,-5,-94,-1416,-2646,-364,264,-58,-2951,6049,1060,300,2003,2774,2885
32070,1698925106709,-17,-44,-1448,-3379,-497,325,-50,-2951,6027,1132,80,1995,2793,2913
32071,1698925106711,-13,-14,-1487,-4212,-805,345,-40,-2948,6003,586,20,2089,2817,2924
32072,1698925106730,-10,-38,-1599,-5372,-906,415,-28,-2944,5977,76,0,2024,2788,2904
32073,1698925106753,-84,-120,-1814,-6569,-1267,450,-16,-2933,5933,1,0,1951,2729,2857
32074,1698925106775,-97,-309,-2228,-7352,-1142,719,-3,-2920,5877,0,0,1750,2615,2755
32075,1698925106798,-177,-331,-2687,-7668,-926,917,8,-2897,5820,0,0,1045,2341,2554
32076,1698925106813,-179,-342,-3030,-7556,-1333,1290,16,-2870,5765,0,0,234,1548,1962
32077,1698925106843,-404,-160,-3035,-6266,-717,1882,22,-2847,5716,0,0,109,1281,1730
32078,1698925106858,-244,58,-2965,-3520,-571,1560,29,-2825,5672,0,0,117,1326,1759
32079,1698925106895,-373,510,-2596,-1253,-1358,403,35,-2808,5635,0,0,227,1344,1780
32080,1698925106903,-692,1049,-2174,909,-984,-252,39,-2795,5608,0,0,232,1419,1772
32081,1698925106920,-806,1549,-1809,3235,497,-478,41,-2785,5589,0,0,247,1459,1800
32082,1698925106941,-821,1840,-1563,5150,1368,-821,39,-2783,5589,0,0,273,1469,1834
32083,1698925106956,-787,1963,-1433,6512,2060,-1352,34,-2790,5603,0,0,249,1455,1842
32084,1698925106971,-677,1928,-1433,7542,2313,-1667,29,-2801,5622,0,0,281,1454,1846
32085,1698925107016,-587,1791,-1523,8232,2215,-1917,23,-2819,5647,0,0,288,1456,1851
32086,1698925107019,-517,1594,-1674,8665,2118,-1888,17,-2840,5673,0,0,293,1468,1837
32087,1698925107031,-458,1414,-1891,8845,1974,-1410,11,-2873,5701,0,0,305,1478,1830
32088,1698925107062,-354,1252,-2213,9002,1758,-943,5,-2908,5715,0,0,306,1458,1811
32089,1698925107075,-216,963,-2751,9012,1867,-464,4,-2941,5711,0,0,296,1417,1804
32090,1698925107105,104,397,-3383,8881,1946,73,6,-2968,5708,0,0,280,1436,1818
32091,1698925107137,439,-483,-3753,8260,1110,361,3,-3000,5706,0,0,313,1472,1855
32092,1698925107180,262,-1442,-3639,6531,-316,928,-4,-3034,5684,0,0,351,1520,1878
32093,1698925107188,256,-2365,-3380,4196,511,2069,-12,-3060,5663,0,0,360,1546,1866
32094,1698925107209,689,-2949,-3194,1802,-13,1449,-28,-3078,5647,0,0,364,1561,1890
32095,1698925107369,95,-1467,-1222,-3034,-1370,1075,-41,-3091,5634,514,694,498,1513,1825
32096,1698925107373,158,-1328,-1415,-7508,-1684,-479,-68,-3066,5697,1226,1154,849,1441,1848
32097,1698925107413,318,-1059,-1527,-7362,-1000,-924,-82,-3039,5761,1523,1494,1160,1545,1954
32098,1698925107414,177,-896,-1729,-7092,-1931,-225,-102,-3005,5831,1624,1889,1116,1562,1995
32099,1698925107417,165,-703,-1644,-3799,-1032,-157,-125,-2953,5957,1957,1838,1341,1792,1956
32100,1698925107418,133,-558,-1537,-1964,-489,-88,-144,-2908,6059,2058,2037,1716,2279,2233
32101,1698925107487,104,-446,-1442,-973,-266,-25,-162,-2870,6142,1886,1779,1813,2450,2448
32102,1698925107496,77,-353,-1359,-428,-214,19,-175,-2842,6201,1668,1704,1926,2526,2527
32103,1698925107525,60,-279,-1292,-149,-204,45,-176,-2827,6227,1528,1379,2069,2571,2609
32104,1698925107526,13,-223,-1252,73,-97,326,-160,-2839,6175,757,765,2122,2636,2698
32105,1698925107533,20,-165,-1252,-312,42,186,-147,-2852,6121,379,271,2146,2627,2708
32106,1698925107534,10,-126,-1235,-668,-20,132,-134,-2864,6072,515,197,1890,2614,2688
32107,1698925107555,-10,-104,-1206,-919,-141,156,-125,-2874,6027,312,38,1775,2586,2681
32108,1698925107562,-7,-91,-1172,-1093,-229,236,-119,-2881,5991,585,277,1606,2575,2664
32109,1698925107563,10,-88,-1111,-1156,-278,269,-113,-2888,5958,928,13,1612,2567,2711
32110,1698925107571,22,-89,-1087,-1187,-273,256,-108,-2894,5932,685,10,1545,2586,2741
32111,1698925107572,32,-92,-1075,-1211,-243,232,-103,-2897,5909,170,4,1600,2653,2804
32112,1698925107615,40,-98,-1101,-1299,-218,187,-98,-2899,5888,355,18,1606,2678,2788
32113,1698925107618,39,-107,-1120,-1492,-240,176,-93,-2900,5873,200,1,1686,2695,2827
32114,1698925107631,48,-108,-1142,-1742,-291,160,-89,-2899,5856,875,66,1678,2714,2846
32115,1698925107653,27,-130,-1184,-2102,-369,141,-85,-2898,5843,509,1,1781,2734,2864
32116,1698925107676,29,-158,-1237,-2556,-467,140,-79,-2894,5830,641,0,1946,2734,2869
32117,1698925107691,39,-141,-1389,-3165,-533,184,-74,-2890,5815,218,0,1934,2694,2848
32118,1698925107735,6,-136,-1528,-4249,-685,159,-67,-2885,5796,371,0,1782,2657,2828
32119,1698925107736,-53,-261,-1750,-5227,-825,410,-59,-2874,5764,17,0,1687,2620,2750
32120,1698925107781,-185,-425,-1982,-6069,-604,736,-52,-2863,5729,1,0,1534,2524,2677
32121,1698925107781,-149,-365,-2281,-6632,102,1325,-45,-2846,5685,0,0,1209,2336,2535
32122,1698925107795,-134,-107,-2469,-6807,-170,1695,-39,-2828,5645,0,0,434,1742,2124
32123,1698925107863,-277,241,-2220,-6750,-796,2617,-31,-2808,5611,0,0,62,716,1154
32124,1698925107864,-326,615,-2099,-3348,1000,3454,-22,-2788,5583,0,0,69,593,1122
32125,1698925107878,-142,687,-1916,-110,259,2508,-14,-2775,5563,0,0,65,702,1176
32126,1698925107879,-255,673,-1662,1291,-661,1173,-5,-2766,5551,0,0,79,721,1226
32127,1698925107893,-404,672,-1420,1992,154,430,3,-2760,5547,0,0,108,696,1250
32128,1698925107922,-406,693,-1256,2748,1300,9,6,-2758,5555,0,0,89,717,1272
32129,1698925107937,-360,707,-1177,3754,1683,-437,7,-2758,5568,0,0,81,749,1308
32130,1698925107953,-338,690,-1143,4808,1522,-856,2,-2763,5589,0,0,75,752,1335
32131,1698925107983,-366,626,-1150,5633,1360,-1026,-4,-2771,5612,0,0,65,796,1355
32132,1698925108005,-408,541,-1187,6049,1580,-909,-12,-2784,5642,0,0,86,811,1365
32133,1698925108013,-402,470,-1274,6171,1962,-759,-19,-2799,5674,0,0,85,849,1386
32134,1698925108042,-381,415,-1411,6218,2208,-689,-29,-2821,5720,0,0,80,865,1395
32135,1698925108058,-349,351,-1610,6382,2340,-830,-47,-2860,5760,0,0,85,865,1392
32136,1698925108125,-331,249,-1880,6547,2363,-1272,-64,-2897,5784,0,0,84,871,1401
32137,1698925108126,-331,67,-2142,6621,2515,-1852,-78,-2937,5799,0,0,90,863,1423
32138,1698925108147,-198,-245,-2503,6534,3130,-2220,-87,-2974,5806,0,0,115,856,1433
32139,1698925108148,-8,-526,-2610,6381,2667,-2335,-93,-3016,5800,0,0,110,879,1474
32140,1698925108155,4,-1122,-2526,6094,1789,-1817,-98,-3054,5791,0,0,154,933,1517
32141,1698925108170,-127,-1828,-2273,4730,1663,181,-103,-3094,5775,0,0,164,1048,1576
32142,1698925108193,252,-2327,-2082,2681,2606,1968,-124,-3128,5756,0,0,189,1105,1593
32143,1698925108245,913,-2505,-1964,997,969,1591,-142,-3157,5742,0,0,268,1132,1615
32144,1698925108245,-888,-2023,-3184,-84,-3259,1781,-153,-3168,5735,259,0,159,888,1475
32145,1698925108260,-356,-1632,-2045,-5561,-4142,1399,-183,-3167,5768,707,317,524,1189,1658
32146,1698925108373,-195,-1401,-1955,-6063,-2219,10,-184,-3152,5840,1046,891,644,1207,1666
32147,1698925108396,-87,-1137,-1990,-6052,-1835,-182,-190,-3131,5913,1114,1334,890,1322,1787
32148,1698925108396,-128,-948,-1844,-4215,-1585,-270,-203,-3098,6019,1418,1563,769,1170,1723
32149,1698925108398,-85,-748,-1700,-2186,-828,-142,-213,-3060,6133,1724,1646,1201,1601,1731
32150,1698925108399,-66,-596,-1569,-1107,-418,-60,-221,-3024,6232,1788,1669,1422,1945,1890
32151,1698925108560,-51,-475,-1459,-558,-209,-14,-225,-2994,6309,1733,1648,1574,2172,2058
32152,1698925108583,-43,-372,-1371,-262,-109,16,-229,-2970,6369,1798,1489,1637,2281,2179
32153,1698925108584,-38,-294,-1298,-104,-65,29,-230,-2954,6410,1529,1411,1705,2306,2234
32154,1698925108695,-30,-232,-1244,-19,-46,39,-229,-2942,6441,1596,1600,1722,2360,2300
32155,1698925108696,-26,-181,-1201,28,-28,45,-225,-2935,6456,1509,1358,1730,2359,2325
32156,1698925108698,-22,-141,-1163,61,-20,54,-221,-2931,6464,1330,1338,1750,2352,2343
32157,1698925108699,-18,-107,-1134,70,-14,59,-214,-2930,6462,1196,1445,1844,2342,2328
32158,1698925108770,-15,-81,-1112,75,-11,59,-208,-2931,6456,1083,1406,1816,2338,2333
32159,1698925108771,-12,-60,-1094,58,7,59,-201,-2935,6438,1048,1176,2028,2448,2414
32160,1698925108772,-6,-46,-1080,44,15,59,-196,-2939,6422,1120,1166,2011,2468,2424
32161,1698925108929,-10,-32,-1072,51,14,62,-190,-2943,6408,1102,1076,2074,2483,2456
32162,1698925108929,-8,-21,-1063,62,4,73,-185,-2946,6392,1052,1019,2061,2508,2480
32163,1698925108973,-7,-13,-1058,73,0,83,-180,-2949,6375,965,816,2122,2532,2509
32164,1698925108974,-1,-7,-1066,90,78,114,-176,-2957,6348,736,628,2151,2556,2525
32165,1698925108987,20,0,-1072,-106,138,121,-170,-2965,6320,737,706,2210,2581,2562
32166,1698925108988,16,1,-1076,-315,166,116,-164,-2974,6290,596,429,2240,2620,2591
32167,1698925108989,-1,0,-1061,-503,207,111,-158,-2980,6262,757,299,2239,2610,2590
32168,1698925108995,-6,3,-1069,-672,225,101,-155,-2986,6238,344,208,2290,2632,2627
32169,1698925108996,-58,-45,-1178,-2185,-244,374,-154,-2983,6191,289,0,1552,2271,2424
32170,1698925109010,-86,-92,-1253,-3007,-299,600,-150,-2974,6145,0,0,1262,2105,2340
32171,1698925109032,-189,-125,-1301,-3445,-27,846,-146,-2965,6107,0,0,945,1951,2198
32172,1698925109055,-222,-135,-1333,-3642,868,1340,-146,-2951,6070,0,0,541,1662,2035
32173,1698925109070,-175,-115,-1288,-3686,1134,1720,-147,-2935,6040,0,0,315,1215,1800
32174,1698925109093,-133,-7,-1147,-3579,667,1927,-150,-2913,6013,0,0,137,546,1070
32175,1698925109115,-167,226,-1100,-2165,407,2166,-153,-2893,5992,0,0,35,445,830
32176,1698925109138,-142,322,-988,-512,191,2236,-156,-2875,5974,0,0,74,604,887
32177,1698925109153,-139,334,-881,359,22,2151,-156,-2864,5961,0,0,68,629,985
32178,1698925109183,-131,339,-788,815,135,1860,-156,-2857,5952,0,0,93,682,1009
32179,1698925109205,-94,354,-717,1245,456,1334,-157,-2853,5948,0,0,104,753,1079
32180,1698925109212,-40,349,-675,1720,750,516,-159,-2852,5947,0,0,111,797,1142
32181,1698925109235,0,335,-662,2128,978,-60,-163,-2856,5952,0,0,141,827,1177
32182,1698925109251,40,312,-679,2567,1191,-539,-168,-2864,5956,0,0,129,849,1220
32183,1698925109280,89,268,-733,2976,1261,-844,-175,-2878,5964,0,0,161,884,1264
32184,1698925109295,130,194,-809,3290,1209,-960,-185,-2901,5971,0,0,148,860,1304
32185,1698925109311,161,88,-902,3487,1131,-912,-192,-2924,5977,0,0,197,859,1305
32186,1698925109333,206,-42,-1009,3541,938,-866,-199,-2952,5978,0,0,214,859,1315
32187,1698925109356,226,-178,-1112,3429,610,-927,-206,-2980,5976,0,0,281,885,1337
32188,1698925109415,216,-325,-1199,3180,287,-1098,-208,-3009,5968,0,0,284,865,1327
32189,1698925109417,173,-495,-1269,2790,191,-1305,-208,-3036,5959,0,0,283,846,1328
32190,1698925109419,130,-679,-1311,2295,289,-1448,-206,-3063,5947,0,0,159,806,1313
32191,1698925109430,98,-853,-1312,1784,316,-1514,-203,-3085,5937,0,0,188,795,1289
32192,1698925109468,53,-1014,-1271,1129,234,-1455,-198,-3105,5927,0,0,134,773,1350
32193,1698925109482,-7,-1146,-1209,106,252,-1184,-192,-3123,5922,0,0,156,810,1359
32194,1698925109491,204,-792,-2155,-599,-1136,-684,-186,-3135,5918,0,0,330,1046,1186
32195,1698925109529,98,-694,-1926,1042,-1091,-871,-182,-3141,5924,0,0,523,1426,1466
32196,1698925109536,63,-491,-1822,962,-863,-313,-172,-3147,5928,0,0,643,1604,1615
32197,1698925109588,30,-391,-1695,429,-540,-153,-167,-3147,5946,83,0,815,1915,1849
32198,1698925109617,23,-303,-1553,173,-284,-46,-162,-3144,5966,101,0,890,2040,1992
32199,1698925109618,22,-235,-1449,90,-150,6,-158,-3140,5987,158,9,1054,2126,2096
32200,1698925109625,21,-181,-1364,68,-20,28,-156,-3137,6005,241,0,1146,2168,2144
32201,1698925109633,17,-137,-1296,59,37,39,-154,-3135,6020,121,84,1199,2192,2159
32202,1698925109685,13,-102,-1239,50,48,49,-152,-3133,6030,117,229,1296,2213,2164
32203,1698925109722,11,-73,-1193,36,42,49,-152,-3131,6039,198,0,1306,2222,2170
32204,1698925109762,14,-45,-1150,21,37,53,-151,-3130,6050,275,2,1300,2236,2186
32205,1698925109762,13,-27,-1126,15,38,53,-151,-3127,6060,227,0,1268,2228,2169
32206,1698925109763,9,-14,-1105,19,43,50,-151,-3124,6071,331,0,1339,2232,2162
32207,1698925109775,8,-4,-1088,21,41,52,-151,-3120,6083,352,0,1337,2256,2186
32208,1698925109777,6,1,-1071,25,42,54,-152,-3117,6095,482,17,1377,2279,2206
32209,1698925109805,3,6,-1059,29,45,57,-152,-3114,6105,431,8,1406,2285,2213
32210,1698925109820,4,12,-1050,36,43,56,-153,-3111,6113,441,11,1432,2294,2220
32211,1698925109843,6,17,-1048,42,43,54,-153,-3108,6121,380,70,1401,2311,2237
32212,1698925109850,5,18,-1047,52,38,50,-153,-3106,6126,476,76,1429,2333,2268
32213,1698925109993,4,20,-1038,48,44,53,-153,-3104,6130,526,82,1406,2306,2243
32214,1698925109994,-5,21,-1039,48,40,53,-154,-3102,6135,523,89,1438,2315,2250
32215,1698925110000,-1,25,-1033,45,41,52,-155,-3100,6139,812,99,1438,2313,2249
32216,1698925110038,2,25,-1028,37,43,56,-156,-3099,6146,1086,189,1430,2312,2244
32217,1698925110039,3,27,-1026,39,49,56,-157,-3097,6152,658,255,1445,2310,2256
32218,1698925110042,3,27,-1025,42,50,58,-158,-3095,6158,638,443,1447,2318,2260
32219,1698925110082,2,27,-1024,42,47,57,-159,-3093,6164,962,542,1437,2300,2247
32220,1698925110083,2,27,-1024,43,42,54,-160,-3091,6171,560,724,1468,2317,2267
32221,1698925110090,2,28,-1022,43,40,53,-161,-3089,6177,1088,766,1445,2297,2248
32222,1698925110135,2,28,-1020,46,41,52,-162,-3088,6182,1211,733,1454,2296,2245
32223,1698925110136,3,29,-1021,47,37,52,-163,-3086,6188,1381,855,1432,2274,2224
32224,1698925110172,2,28,-1021,50,39,54,-162,-3085,6193,1398,645,1435,2286,2232
32225,1698925110173,2,27,-1021,44,39,55,-162,-3083,6197,1400,575,1465,2295,2241
32226,1698925110188,2,27,-1021,47,41,52,-162,-3082,6200,1045,906,1482,2294,2238
32227,1698925110232,2,27,-1019,46,39,55,-162,-3080,6203,587,871,1538,2305,2253
32228,1698925110233,18,24,-1033,40,44,62,-162,-3079,6207,880,901,1545,2301,2249
32229,1698925110234,13,24,-1031,41,41,57,-163,-3078,6210,703,658,1536,2332,2278
32230,1698925110270,11,24,-1028,48,41,55,-164,-3078,6213,984,703,1515,2327,2265
32231,1698925110271,9,25,-1026,46,38,54,-165,-3076,6215,1080,493,1524,2332,2274
32232,1698925110272,8,26,-1024,47,32,52,-164,-3075,6218,1098,537,1527,2333,2280
32233,1698925110284,8,25,-1025,47,32,53,-164,-3074,6223,790,652,1531,2352,2307
32234,1698925110330,6,25,-1023,44,32,52,-165,-3073,6226,921,574,1525,2361,2318
32235,1698925110360,6,24,-1024,47,31,54,-166,-3072,6231,838,575,1522,2358,2313
32236,1698925110374,6,24,-1023,46,32,56,-165,-3071,6233,886,628,1557,2363,2317
32237,1698925110413,5,24,-1024,42,33,53,-165,-3070,6236,788,695,1575,2369,2324
32238,1698925110414,5,24,-1024,44,34,52,-166,-3068,6239,1016,731,1571,2372,2335
32239,1698925110415,5,23,-1023,44,35,55,-166,-3067,6240,1012,785,1619,2373,2336
32240,1698925110419,4,23,-1022,44,38,54,-167,-3066,6242,1003,805,1633,2380,2343
32241,1698925110450,4,23,-1022,44,40,53,-167,-3064,6245,1155,1022,1638,2380,2336
32242,1698925110451,4,24,-1021,45,45,52,-167,-3063,6247,1197,1036,1639,2383,2343
32243,1698925110502,4,23,-1021,48,43,56,-168,-3062,6250,1119,993,1660,2385,2354
32244,1698925110504,3,23,-1020,43,44,54,-169,-3061,6250,1079,1071,1678,2388,2359
32245,1698925110510,4,22,-1020,40,46,54,-169,-3059,6253,1003,992,1689,2395,2360
32246,1698925110548,-5,22,-1020,37,52,55,-170,-3058,6255,934,1066,1663,2395,2363
32247,1698925110563,-9,23,-1017,34,52,54,-170,-3056,6260,687,1043,1696,2405,2370
32248,1698925110600,-6,22,-1020,33,49,55,-171,-3053,6265,878,973,1665,2402,2363
32249,1698925110601,-4,21,-1020,32,47,55,-171,-3051,6270,948,1040,1691,2410,2367
32250,1698925110638,-5,20,-1019,36,47,52,-172,-3049,6275,903,1071,1698,2407,2369
32251,1698925110639,-4,20,-1021,39,46,54,-173,-3046,6280,1015,1094,1700,2403,2367
32252,1698925110652,-3,19,-1022,42,42,54,-174,-3043,6286,764,1129,1714,2407,2374
32253,1698925110683,-2,19,-1022,48,41,53,-174,-3040,6289,943,1222,1693,2402,2369
32254,1698925110698,-2,19,-1021,50,42,51,-176,-3039,6294,996,1206,1704,2415,2372
32255,1698925110728,-1,19,-1021,47,37,53,-177,-3038,6298,1014,1127,1702,2425,2376
32256,1698925110743,-1,19,-1020,51,32,53,-178,-3037,6301,973,1136,1712,2428,2383
32257,1698925110787,-1,18,-1021,51,28,52,-178,-3036,6303,847,1172,1720,2442,2390
32258,1698925110825,-1,19,-1020,56,31,53,-178,-3035,6305,844,1213,1713,2443,2380
32259,1698925110870,-2,19,-1019,55,34,53,-179,-3035,6306,823,1266,1730,2448,2392
32260,1698925110922,0,18,-1018,56,35,53,-179,-3035,6307,838,1294,1718,2451,2393
32261,1698925111020,0,18,-1019,53,32,52,-180,-3036,6307,848,1273,1727,2452,2394
32262,1698925111021,0,18,-1021,58,30,55,-181,-3035,6307,905,1285,1740,2451,2399
32263,1698925111022,1,19,-1021,63,31,54,-180,-3034,6309,788,1306,1731,2455,2404
32264,1698925111192,1,19,-1023,62,34,53,-181,-3033,6310,901,1350,1722,2446,2401
32265,1698925111223,0,18,-1022,61,33,53,-181,-3032,6311,999,1334,1720,2441,2398
32266,1698925111224,0,20,-1018,60,32,55,-181,-3032,6313,1123,1312,1727,2449,2399
32267,1698925111268,1,20,-1016,57,36,55,-181,-3031,6314,962,1315,1744,2452,2401
32268,1698925111282,1,20,-1017,58,36,52,-183,-3030,6316,1111,1244,1728,2445,2398
32269,1698925111313,0,19,-1017,58,34,56,-184,-3031,6318,1234,1319,1713,2435,2387
32270,1698925111349,0,20,-1018,56,31,56,-185,-3032,6319,1220,1257,1644,2379,2297
32271,1698925111351,0,21,-1019,56,28,55,-186,-3034,6317,1247,1188,1645,2382,2306
32272,1698925111352,0,21,-1021,73,21,57,-185,-3036,6312,971,1213,1648,2377,2302
32273,1698925111353,10,22,-1021,96,9,60,-182,-3040,6303,870,1121,1664,2392,2314
32274,1698925111425,7,23,-1020,129,1,63,-180,-3044,6290,456,383,1703,2417,2328
32275,1698925111432,-4,18,-1043,180,-41,75,-176,-3050,6269,496,338,1714,2422,2338
32276,1698925111433,-34,96,-1183,-21,-12,123,-170,-3062,6234,703,46,1700,2428,2327
32277,1698925111435,-28,85,-1184,-493,0,131,-166,-3071,6203,94,0,1563,2399,2275
32278,1698925111440,-28,72,-1217,-904,83,137,-163,-3078,6171,10,11,1405,2317,2204
32279,1698925111470,-29,69,-1255,-1327,143,157,-160,-3085,6142,29,25,1435,2261,2174
32280,1698925111471,-46,69,-1288,-1790,80,178,-159,-3088,6115,0,0,1151,2185,2120
32281,1698925111486,-60,34,-1314,-2175,-3,225,-158,-3091,6091,0,0,930,1994,2015
32282,1698925111500,-64,23,-1317,-2406,-86,278,-157,-3091,6071,0,0,639,1705,1953
32283,1698925111501,-70,-16,-1308,-2539,-118,354,-155,-3088,6054,0,0,500,1490,1810
32284,1698925111517,-77,-22,-1230,-2640,-119,452,-153,-3082,6041,0,0,372,1432,1697
32285,1698925111530,-74,135,-1147,-2401,-300,486,-151,-3073,6030,0,0,199,1086,1425
32286,1698925111560,-98,278,-1075,-1679,-458,365,-148,-3063,6022,0,0,223,1025,1377
32287,1698925111576,-117,326,-996,-855,-456,295,-146,-3054,6013,0,0,266,1080,1409
32288,1698925111590,-114,351,-919,-341,-441,244,-144,-3046,6006,0,0,325,1082,1432
32289,1698925111620,-104,370,-855,90,-479,78,-140,-3040,6000,0,0,277,1098,1431
32290,1698925111635,-99,378,-809,417,-521,-172,-136,-3037,5992,0,0,266,1111,1454
32291,1698925111658,-117,397,-789,734,-423,-445,-130,-3034,5985,0,0,267,1105,1470
32292,1698925111680,-119,404,-794,1169,-130,-704,-125,-3036,5978,0,0,301,1126,1473
32293,1698925111695,-106,386,-815,1555,34,-965,-119,-3038,5970,0,0,301,1143,1487
32294,1698925111762,-96,359,-847,1824,102,-1190,-111,-3043,5960,0,0,308,1166,1489
32295,1698925111763,-89,329,-894,2043,100,-1408,-103,-3048,5953,0,0,309,1143,1508
32296,1698925111785,-99,291,-950,2185,87,-1623,-94,-3054,5945,0,0,309,1159,1505
32297,1698925111786,-114,249,-1009,2247,109,-1846,-85,-3062,5937,0,0,302,1139,1510
32298,1698925111792,-133,203,-1068,2253,109,-2185,-73,-3070,5924,0,0,308,1123,1456
32299,1698925111897,-154,140,-1120,2158,14,-2722,-62,-3076,5910,0,0,298,1097,1397
32300,1698925111898,-197,54,-1168,1918,-167,-3475,-47,-3080,5897,0,0,248,1059,1360
32301,1698925111942,-275,-30,-1209,1577,-180,-4291,-29,-3080,5883,0,0,241,1061,1338
32302,1698925111944,-350,-117,-1236,1311,240,-5170,-11,-3078,5872,0,0,207,1018,1299
32303,1698925111957,-385,-231,-1242,1042,758,-6076,6,-3068,5861,0,0,161,1026,1332
32304,1698925111979,-391,-354,-1231,643,1057,-6755,18,-3056,5853,0,0,192,1038,1348
32305,1698925111994,-401,-465,-1199,192,1056,-7047,27,-3039,5846,0,0,222,1035,1351
32306,1698925111996,-427,-562,-1155,-251,891,-6824,34,-3021,5842,0,0,174,1047,1350
32307,1698925112009,-465,-628,-1099,-519,635,-6050,37,-2997,5838,0,0,169,1062,1344
32308,1698925112011,-504,-673,-1049,-633,409,-4917,38,-2972,5834,0,0,181,1080,1370
32309,1698925112012,-693,-1042,-1095,-642,159,-3714,38,-2950,5830,0,0,195,1013,1320
32310,1698925112033,-690,-840,-949,968,-464,-2855,30,-2925,5833,0,0,482,1163,1458
32311,1698925112055,-685,-536,-924,787,-718,-2187,32,-2906,5832,0,0,742,1190,1434
32312,1698925112077,-204,-505,-1085,763,-1158,-835,35,-2889,5838,0,0,898,1483,1559
32313,1698925112100,-94,-358,-1244,268,-1114,-355,36,-2873,5851,46,0,1163,1833,1745
32314,1698925112130,-70,-277,-1205,61,-596,-152,36,-2855,5876,146,0,1303,2047,1917
32315,1698925112152,-54,-211,-1169,-14,-282,-47,35,-2837,5906,584,103,1376,2153,2028
32316,1698925112257,-44,-162,-1138,-38,-75,6,33,-2820,5936,394,476,1502,2202,2093
32317,1698925112258,-34,-122,-1117,-38,15,32,29,-2803,5966,441,764,1621,2247,2114
32318,1698925112272,-40,-86,-1096,-15,66,45,23,-2789,5994,886,743,1697,2272,2127
32319,1698925112482,-31,-62,-1082,-5,63,51,16,-2776,6019,827,728,1729,2305,2124
32320,1698925112484,-25,-44,-1068,1,45,50,10,-2765,6041,844,714,1760,2318,2151
32321,1698925112685,-20,-29,-1061,11,34,50,6,-2756,6060,918,971,1767,2340,2193
32322,1698925112687,-15,-17,-1053,19,28,47,1,-2747,6077,918,1062,1832,2352,2191
32323,1698925112687,-14,-7,-1050,29,28,48,-2,-2740,6092,877,968,1824,2382,2238
32324,1698925112730,-11,0,-1039,39,28,49,-5,-2734,6105,970,1073,1818,2399,2266
32325,1698925112732,-9,5,-1037,44,28,50,-8,-2729,6115,895,1446,1816,2414,2276
32326,1698925112774,-6,9,-1034,51,30,50,-10,-2725,6125,1043,1397,1797,2409,2283
32327,1698925112776,-19,12,-1027,55,30,44,-13,-2722,6134,1050,1359,1795,2404,2281
32328,1698925112917,-16,15,-1024,52,27,48,-16,-2718,6150,1293,1219,1698,2389,2311
32329,1698925113279,-14,16,-1020,51,23,44,-19,-2715,6162,1261,1257,1675,2386,2304
32330,1698925113280,-14,21,-1019,51,23,43,-21,-2712,6174,1400,1399,1754,2380,2293
32331,1698925113285,-11,21,-1018,52,21,45,-23,-2710,6183,1322,1333,1739,2389,2319
32332,1698925113644,-3,22,-1022,56,18,42,-24,-2709,6190,1333,1244,1640,2401,2361
32333,1698925113645,-1,24,-1020,50,21,45,-24,-2706,6195,1389,1156,1639,2410,2372
32334,1698925113647,-2,25,-1020,52,19,47,-25,-2705,6198,1325,1181,1574,2437,2401
32335,1698925113648,-2,25,-1019,54,20,50,-24,-2704,6202,1326,1390,1569,2448,2425
32336,1698925113660,4,36,-1016,57,25,51,-25,-2704,6205,1357,1058,1584,2453,2441
32337,1698925113661,-86,69,-971,466,1,-2615,-7,-2710,6079,101,0,300,960,1485
32338,1698925113675,-149,92,-939,730,146,-3698,4,-2713,5978,1,0,315,974,1506
32339,1698925113677,-177,104,-921,904,334,-3931,12,-2714,5899,0,0,331,972,1488
32340,1698925113680,-183,113,-914,1015,432,-3811,16,-2713,5834,0,0,334,977,1497
32341,1698925113681,-101,23,-964,937,981,-2240,4,-2722,5823,0,0,325,1009,1535
32342,1698925113698,-43,-47,-981,809,835,-1470,-5,-2729,5822,0,0,317,1014,1549
32343,1698925113720,-28,-105,-985,716,576,-1081,-14,-2735,5822,0,0,321,1019,1547
32344,1698925113743,-35,-156,-979,564,438,-856,-22,-2740,5826,0,0,318,1031,1552
32345,1698925113750,-31,-201,-969,394,433,-758,-28,-2743,5829,3,0,298,1038,1556
32346,1698925113787,-6,-239,-959,253,439,-812,-34,-2746,5835,13,0,293,1034,1560
32347,1698925113795,26,-283,-956,116,387,-1016,-40,-2747,5841,6,0,305,1047,1565
32348,1698925113811,93,-323,-952,-69,149,-1266,-46,-2748,5846,1,0,302,1060,1570
32349,1698925113840,129,-349,-954,-206,-181,-1476,-51,-2747,5849,18,0,302,1061,1570
32350,1698925113870,139,-749,-949,-290,-656,-1572,-55,-2745,5852,5,0,348,1067,1460
32351,1698925113878,4,-490,-1369,-1138,-1258,-1357,-61,-2736,5858,56,0,361,1097,1478
32352,1698925113900,43,-367,-1363,-1705,-1463,-839,-62,-2724,5865,93,0,297,1148,1510
32353,1698925113937,35,-274,-1323,-1820,-1571,-478,-62,-2706,5871,216,9,393,1152,1521
32354,1698925113939,35,-210,-1315,-1915,-1291,-291,-61,-2690,5877,659,34,456,1235,1507
32355,1698925113982,44,-167,-1320,-1703,-1138,-113,-63,-2670,5887,401,387,507,1329,1652
32356,1698925113998,28,-132,-1283,-955,-700,-60,-68,-2652,5905,627,759,579,1291,1594
32357,1698925113999,23,-96,-1233,-487,-386,-17,-69,-2634,5926,703,904,719,1396,1581
